model_id,group,lineage_id,parent_id,architecture,architecture_family,topology_id,source_id,source_repository,source_url,checkpoint_url,original_filename,local_checkpoint_path,sha256,state_dict_sha256,framework,framework_version,checkpoint_format,num_parameters,input_size,normalization_mean,normalization_std,cifar10_test_accuracy_reported,cifar10_test_accuracy_verified,training_seed,optimizer,learning_rate,weight_decay,augmentation,training_recipe,notes,download_date,status,dataset,class_order,source_revision,source_release,upstream_sha1,loader_spec,download_spec,preprocessing_evidence,independence_evidence,checkpoint_bytes,parameter_sha256,cifar10_smoke_accuracy,verification,normalization_location,model_definition_packages,full_verification,reported_verified_gap_pp,accuracy_warning,num_trainable_parameters,num_nontrainable_parameters,input_range,input_color_order,input_layout,output_type,num_classes,training_log_url,training_framework_version,upstream_sha256_prefix,training_run_id,checkpoint_iteration,reported_accuracy_iteration,hyperparameter_signature
A001,A,original_001,,nin,NIN,osmr:nin,osmr,https://github.com/osmr/imgclsmob,https://github.com/osmr/pytorchcv,https://github.com/osmr/imgclsmob/releases/download/v0.0.175/nin_cifar10-0743-795b0824.pth.zip,nin_cifar10-0743-795b0824.pth,checkpoints/A/A001_nin_cifar10-0743-795b0824.pth,ea327fcb534f56f270fe257afd023cf3a2e866ab73064268053a069b08111769,d89fd2c9d808f1c4708b07b396b0f416fa4d0ad358bba6deb4a84b8bc661af7f,PyTorch,2.14.0+cpu,state_dict,966986,"[3, 32, 32]","[0.4914, 0.4822, 0.4465]","[0.2023, 0.1994, 0.201]",92.57,92.57,,,,,,,Upstream reports test error; stored accuracy = 100 - error. Converted from Gluon upstream; no derivative created here.,2026-09-07T04:59:35Z,verified,CIFAR-10,"[""airplane"", ""automobile"", ""bird"", ""cat"", ""deer"", ""dog"", ""frog"", ""horse"", ""ship"", ""truck""]",80726b972e36b6569889f890f139227c27a5acba,v0.0.175,795b082470b58c1aa94e2f861514b7914f6e2f58,"{""adapter"": ""vendored"", ""module"": ""cv.models.nin_cifar"", ""factory"": ""nin_cifar10""}","{""kind"": ""zip"", ""member"": ""nin_cifar10-0743-795b0824.pth""}",metadata/evidence/gluon_cifar.txt,Distinct published architecture checkpoints; upstream Gluon-to-PyTorch format conversion is not counted as another lineage.,3871814,d89fd2c9d808f1c4708b07b396b0f416fa4d0ad358bba6deb4a84b8bc661af7f,89.0625,"{""model_id"": ""A001"", ""passed"": true, ""samples"": 256, ""correct"": 228, ""accuracy_percent"": 89.0625, ""full_test_set"": false, ""subset_seed"": 20260907, ""indices_sha256"": ""072da18cce220a907a9a5eca3c800500e2f6d972c4903c62f6903308ebdecf30"", ""preprocessing"": ""native"", ""device"": ""cpu"", ""torch_version"": ""2.14.0+cpu"", ""seconds"": 1.608, ""date"": ""2026-09-07T05:03:19Z""}",wrapper,"{""torch"": ""2.14.0+cpu"", ""torchvision"": ""0.29.0+cpu""}","{""model_id"": ""A001"", ""passed"": true, ""samples"": 10000, ""correct"": 9257, ""accuracy_percent"": 92.57, ""checkpoint_sha256"": ""ea327fcb534f56f270fe257afd023cf3a2e866ab73064268053a069b08111769"", ""full_test_set"": true, ""subset_seed"": null, ""indices_sha256"": ""7d99a727ec84a6794eb1905bb9aa18ce6bfcef7a3b7cc203a68b281fb7f46e61"", ""preprocessing"": ""native"", ""device"": ""cpu"", ""torch_version"": ""2.14.0+cpu"", ""seconds"": 44.839, ""date"": ""2026-09-07T05:15:07Z""}",0.0,,966986,0,"[0.0, 1.0]",RGB,NCHW,logits,10,,,,,,,
A002,A,original_002,,resnet20,ResNet,osmr:resnet20,osmr,https://github.com/osmr/imgclsmob,https://github.com/osmr/pytorchcv,https://github.com/osmr/imgclsmob/releases/download/v0.0.163/resnet20_cifar10-0597-9b0024ac.pth.zip,resnet20_cifar10-0597-9b0024ac.pth,checkpoints/A/A002_resnet20_cifar10-0597-9b0024ac.pth,69cdcb9920f13f07e5ea82bcbc6d26a1a88acbf24e47984f8cc442aea830ed2e,4d24c5c9244ee356ca2785b2cdb48ed06ab814019f1b531b431f4bce1cb6ff52,PyTorch,2.14.0+cpu,state_dict,272474,"[3, 32, 32]","[0.4914, 0.4822, 0.4465]","[0.2023, 0.1994, 0.201]",94.03,94.03,,,,,,,Upstream reports test error; stored accuracy = 100 - error. Converted from Gluon upstream; no derivative created here.,2026-09-07T04:59:36Z,verified,CIFAR-10,"[""airplane"", ""automobile"", ""bird"", ""cat"", ""deer"", ""dog"", ""frog"", ""horse"", ""ship"", ""truck""]",80726b972e36b6569889f890f139227c27a5acba,v0.0.163,9b0024ac4c2f374cde2c5052e0d0344a75871cdb,"{""adapter"": ""vendored"", ""module"": ""cv.models.resnet_cifar"", ""factory"": ""resnet20_cifar10""}","{""kind"": ""zip"", ""member"": ""resnet20_cifar10-0597-9b0024ac.pth""}",metadata/evidence/gluon_cifar.txt,Distinct published architecture checkpoints; upstream Gluon-to-PyTorch format conversion is not counted as another lineage.,1120753,9c71a9f87543dd9d09b1d98d6537f2f989ee7fc94e240047c6538d5b55d7c73d,92.96875,"{""model_id"": ""A002"", ""passed"": true, ""samples"": 256, ""correct"": 238, ""accuracy_percent"": 92.96875, ""full_test_set"": false, ""subset_seed"": 20260907, ""indices_sha256"": ""072da18cce220a907a9a5eca3c800500e2f6d972c4903c62f6903308ebdecf30"", ""preprocessing"": ""native"", ""device"": ""cpu"", ""torch_version"": ""2.14.0+cpu"", ""seconds"": 0.619, ""date"": ""2026-09-07T05:03:20Z""}",wrapper,"{""torch"": ""2.14.0+cpu"", ""torchvision"": ""0.29.0+cpu""}","{""model_id"": ""A002"", ""passed"": true, ""samples"": 10000, ""correct"": 9403, ""accuracy_percent"": 94.03, ""checkpoint_sha256"": ""69cdcb9920f13f07e5ea82bcbc6d26a1a88acbf24e47984f8cc442aea830ed2e"", ""full_test_set"": true, ""subset_seed"": null, ""indices_sha256"": ""7d99a727ec84a6794eb1905bb9aa18ce6bfcef7a3b7cc203a68b281fb7f46e61"", ""preprocessing"": ""native"", ""device"": ""cpu"", ""torch_version"": ""2.14.0+cpu"", ""seconds"": 10.835, ""date"": ""2026-09-07T05:10:53Z""}",0.0,,272474,0,"[0.0, 1.0]",RGB,NCHW,logits,10,,,,,,,
A003,A,original_003,,resnet56,ResNet,osmr:resnet56,osmr,https://github.com/osmr/imgclsmob,https://github.com/osmr/pytorchcv,https://github.com/osmr/imgclsmob/releases/download/v0.0.163/resnet56_cifar10-0452-628c42a2.pth.zip,resnet56_cifar10-0452-628c42a2.pth,checkpoints/A/A003_resnet56_cifar10-0452-628c42a2.pth,f6fa8b1c990d9dd61cd01969850ffec411af9c4503a208683a5ee1f2ff027431,6b0cb4aa1150467c9f40302df953243080d73887aaaac45da0cecf4997f3ae3d,PyTorch,2.14.0+cpu,state_dict,855770,"[3, 32, 32]","[0.4914, 0.4822, 0.4465]","[0.2023, 0.1994, 0.201]",95.48,95.48,,,,,,,Upstream reports test error; stored accuracy = 100 - error. Converted from Gluon upstream; no derivative created here.,2026-09-07T04:59:36Z,verified,CIFAR-10,"[""airplane"", ""automobile"", ""bird"", ""cat"", ""deer"", ""dog"", ""frog"", ""horse"", ""ship"", ""truck""]",80726b972e36b6569889f890f139227c27a5acba,v0.0.163,628c42a26fe347b84060136212e018df2bb35e0f,"{""adapter"": ""vendored"", ""module"": ""cv.models.resnet_cifar"", ""factory"": ""resnet56_cifar10""}","{""kind"": ""zip"", ""member"": ""resnet56_cifar10-0452-628c42a2.pth""}",metadata/evidence/gluon_cifar.txt,Distinct published architecture checkpoints; upstream Gluon-to-PyTorch format conversion is not counted as another lineage.,3507568,169b20bcd32f1195e2fd08ebb9ebadb7d65f46faadef3965cc6efc484d3ac930,94.140625,"{""model_id"": ""A003"", ""passed"": true, ""samples"": 256, ""correct"": 241, ""accuracy_percent"": 94.140625, ""full_test_set"": false, ""subset_seed"": 20260907, ""indices_sha256"": ""072da18cce220a907a9a5eca3c800500e2f6d972c4903c62f6903308ebdecf30"", ""preprocessing"": ""native"", ""device"": ""cpu"", ""torch_version"": ""2.14.0+cpu"", ""seconds"": 1.068, ""date"": ""2026-09-07T05:03:21Z""}",wrapper,"{""torch"": ""2.14.0+cpu"", ""torchvision"": ""0.29.0+cpu""}","{""model_id"": ""A003"", ""passed"": true, ""samples"": 10000, ""correct"": 9548, ""accuracy_percent"": 95.48, ""checkpoint_sha256"": ""f6fa8b1c990d9dd61cd01969850ffec411af9c4503a208683a5ee1f2ff027431"", ""full_test_set"": true, ""subset_seed"": null, ""indices_sha256"": ""7d99a727ec84a6794eb1905bb9aa18ce6bfcef7a3b7cc203a68b281fb7f46e61"", ""preprocessing"": ""native"", ""device"": ""cpu"", ""torch_version"": ""2.14.0+cpu"", ""seconds"": 31.243, ""date"": ""2026-09-07T05:15:38Z""}",0.0,,855770,0,"[0.0, 1.0]",RGB,NCHW,logits,10,,,,,,,
A004,A,original_004,,resnet110,ResNet,osmr:resnet110,osmr,https://github.com/osmr/imgclsmob,https://github.com/osmr/pytorchcv,https://github.com/osmr/imgclsmob/releases/download/v0.0.163/resnet110_cifar10-0369-4d6ca1fc.pth.zip,resnet110_cifar10-0369-4d6ca1fc.pth,checkpoints/A/A004_resnet110_cifar10-0369-4d6ca1fc.pth,12814bc58dc457883c61bef85c1de79759127b61ec2b3c772e0decd58dbe11ca,697734eac6deca8187d31e52896b68255af454b146f88662085af6f0b1524df8,PyTorch,2.14.0+cpu,state_dict,1730714,"[3, 32, 32]","[0.4914, 0.4822, 0.4465]","[0.2023, 0.1994, 0.201]",96.31,,,,,,,,Upstream reports test error; stored accuracy = 100 - error. Converted from Gluon upstream; no derivative created here.,2026-09-07T04:59:37Z,verified,CIFAR-10,"[""airplane"", ""automobile"", ""bird"", ""cat"", ""deer"", ""dog"", ""frog"", ""horse"", ""ship"", ""truck""]",80726b972e36b6569889f890f139227c27a5acba,v0.0.163,4d6ca1fc02eaeed724f4f596011e391528536049,"{""adapter"": ""vendored"", ""module"": ""cv.models.resnet_cifar"", ""factory"": ""resnet110_cifar10""}","{""kind"": ""zip"", ""member"": ""resnet110_cifar10-0369-4d6ca1fc.pth""}",metadata/evidence/gluon_cifar.txt,Distinct published architecture checkpoints; upstream Gluon-to-PyTorch format conversion is not counted as another lineage.,7089118,b2e1e806608199cfaf6dec9c6989fac2033933932e759816ebdaae1a60df7e48,94.140625,"{""model_id"": ""A004"", ""passed"": true, ""samples"": 256, ""correct"": 241, ""accuracy_percent"": 94.140625, ""full_test_set"": false, ""subset_seed"": 20260907, ""indices_sha256"": ""072da18cce220a907a9a5eca3c800500e2f6d972c4903c62f6903308ebdecf30"", ""preprocessing"": ""native"", ""device"": ""cpu"", ""torch_version"": ""2.14.0+cpu"", ""seconds"": 2.009, ""date"": ""2026-09-07T05:03:23Z""}",wrapper,"{""torch"": ""2.14.0+cpu"", ""torchvision"": ""0.29.0+cpu""}",,,,1730714,0,"[0.0, 1.0]",RGB,NCHW,logits,10,,,,,,,
A005,A,original_005,,preresnet20,PreResNet,osmr:preresnet20,osmr,https://github.com/osmr/imgclsmob,https://github.com/osmr/pytorchcv,https://github.com/osmr/imgclsmob/releases/download/v0.0.164/preresnet20_cifar10-0651-76cec68d.pth.zip,preresnet20_cifar10-0651-76cec68d.pth,checkpoints/A/A005_preresnet20_cifar10-0651-76cec68d.pth,116106588f85f942c963ea8765b0c68d88512dd5f1428214a20f0b367ba414fe,13724cd4d6bc89a15a115b3405731b10a9c01a87027f332dd916763d43a7f6fb,PyTorch,2.14.0+cpu,state_dict,272282,"[3, 32, 32]","[0.4914, 0.4822, 0.4465]","[0.2023, 0.1994, 0.201]",93.49,,,,,,,,Upstream reports test error; stored accuracy = 100 - error. Converted from Gluon upstream; no derivative created here.,2026-09-07T04:59:38Z,verified,CIFAR-10,"[""airplane"", ""automobile"", ""bird"", ""cat"", ""deer"", ""dog"", ""frog"", ""horse"", ""ship"", ""truck""]",80726b972e36b6569889f890f139227c27a5acba,v0.0.164,76cec68d11de5b25be2ea5935681645b76195f1d,"{""adapter"": ""vendored"", ""module"": ""cv.models.preresnet_cifar"", ""factory"": ""preresnet20_cifar10""}","{""kind"": ""zip"", ""member"": ""preresnet20_cifar10-0651-76cec68d.pth""}",metadata/evidence/gluon_cifar.txt,Distinct published architecture checkpoints; upstream Gluon-to-PyTorch format conversion is not counted as another lineage.,1117532,b88d112242c9753bbb60072744ede32280b808a9f0165fff6bdd1ab12d666045,92.96875,"{""model_id"": ""A005"", ""passed"": true, ""samples"": 256, ""correct"": 238, ""accuracy_percent"": 92.96875, ""full_test_set"": false, ""subset_seed"": 20260907, ""indices_sha256"": ""072da18cce220a907a9a5eca3c800500e2f6d972c4903c62f6903308ebdecf30"", ""preprocessing"": ""native"", ""device"": ""cpu"", ""torch_version"": ""2.14.0+cpu"", ""seconds"": 0.445, ""date"": ""2026-09-07T05:03:24Z""}",wrapper,"{""torch"": ""2.14.0+cpu"", ""torchvision"": ""0.29.0+cpu""}",,,,272282,0,"[0.0, 1.0]",RGB,NCHW,logits,10,,,,,,,
A006,A,original_006,,preresnet56,PreResNet,osmr:preresnet56,osmr,https://github.com/osmr/imgclsmob,https://github.com/osmr/pytorchcv,https://github.com/osmr/imgclsmob/releases/download/v0.0.164/preresnet56_cifar10-0449-e9124fcf.pth.zip,preresnet56_cifar10-0449-e9124fcf.pth,checkpoints/A/A006_preresnet56_cifar10-0449-e9124fcf.pth,f96a229004ef6719b35050bd49de04adaf97139f331b0cd302ed3c44f1fdc766,74215622be626a071d20b5adf5852d461aec058d0cd8221163254f2a2d3b967b,PyTorch,2.14.0+cpu,state_dict,855578,"[3, 32, 32]","[0.4914, 0.4822, 0.4465]","[0.2023, 0.1994, 0.201]",95.51,95.51,,,,,,,Upstream reports test error; stored accuracy = 100 - error. Converted from Gluon upstream; no derivative created here.,2026-09-07T04:59:39Z,verified,CIFAR-10,"[""airplane"", ""automobile"", ""bird"", ""cat"", ""deer"", ""dog"", ""frog"", ""horse"", ""ship"", ""truck""]",80726b972e36b6569889f890f139227c27a5acba,v0.0.164,e9124fcf167d8ca50addef00c3afa4da9f828f29,"{""adapter"": ""vendored"", ""module"": ""cv.models.preresnet_cifar"", ""factory"": ""preresnet56_cifar10""}","{""kind"": ""zip"", ""member"": ""preresnet56_cifar10-0449-e9124fcf.pth""}",metadata/evidence/gluon_cifar.txt,Distinct published architecture checkpoints; upstream Gluon-to-PyTorch format conversion is not counted as another lineage.,3504515,cc124872be4726962954aca967ff42d657d955f8e273c4909cc24fd31d51f274,94.140625,"{""model_id"": ""A006"", ""passed"": true, ""samples"": 256, ""correct"": 241, ""accuracy_percent"": 94.140625, ""full_test_set"": false, ""subset_seed"": 20260907, ""indices_sha256"": ""072da18cce220a907a9a5eca3c800500e2f6d972c4903c62f6903308ebdecf30"", ""preprocessing"": ""native"", ""device"": ""cpu"", ""torch_version"": ""2.14.0+cpu"", ""seconds"": 0.931, ""date"": ""2026-09-07T05:03:25Z""}",wrapper,"{""torch"": ""2.14.0+cpu"", ""torchvision"": ""0.29.0+cpu""}","{""model_id"": ""A006"", ""passed"": true, ""samples"": 10000, ""correct"": 9551, ""accuracy_percent"": 95.51, ""checkpoint_sha256"": ""f96a229004ef6719b35050bd49de04adaf97139f331b0cd302ed3c44f1fdc766"", ""full_test_set"": true, ""subset_seed"": null, ""indices_sha256"": ""7d99a727ec84a6794eb1905bb9aa18ce6bfcef7a3b7cc203a68b281fb7f46e61"", ""preprocessing"": ""native"", ""device"": ""cpu"", ""torch_version"": ""2.14.0+cpu"", ""seconds"": 31.724, ""date"": ""2026-09-07T05:16:10Z""}",0.0,,855578,0,"[0.0, 1.0]",RGB,NCHW,logits,10,,,,,,,
A007,A,original_007,,seresnet20,SE-ResNet,osmr:seresnet20,osmr,https://github.com/osmr/imgclsmob,https://github.com/osmr/pytorchcv,https://github.com/osmr/imgclsmob/releases/download/v0.0.362/seresnet20_cifar10-0601-935d8943.pth.zip,seresnet20_cifar10-0601-935d8943.pth,checkpoints/A/A007_seresnet20_cifar10-0601-935d8943.pth,704214a2674202e60bf12f98cfa55f96d5673f6f0130b536db258055e9ae2bfe,ebeddd2d65005d7377ac9ce77974b6c25020475f02c214bd5e1f1c0f0481e3f6,PyTorch,2.14.0+cpu,state_dict,274847,"[3, 32, 32]","[0.4914, 0.4822, 0.4465]","[0.2023, 0.1994, 0.201]",93.99,,,,,,,,Upstream reports test error; stored accuracy = 100 - error. Converted from Gluon upstream; no derivative created here.,2026-09-07T04:59:39Z,verified,CIFAR-10,"[""airplane"", ""automobile"", ""bird"", ""cat"", ""deer"", ""dog"", ""frog"", ""horse"", ""ship"", ""truck""]",80726b972e36b6569889f890f139227c27a5acba,v0.0.362,935d89433e803c8a3027c81f1267401e7caccce6,"{""adapter"": ""vendored"", ""module"": ""cv.models.seresnet_cifar"", ""factory"": ""seresnet20_cifar10""}","{""kind"": ""zip"", ""member"": ""seresnet20_cifar10-0601-935d8943.pth""}",metadata/evidence/gluon_cifar.txt,Distinct published architecture checkpoints; upstream Gluon-to-PyTorch format conversion is not counted as another lineage.,1139690,5a3947f142dd2ef4986c07dd589da04c274f50eac6c9e91eb6c7719ebb0a8f34,91.796875,"{""model_id"": ""A007"", ""passed"": true, ""samples"": 256, ""correct"": 235, ""accuracy_percent"": 91.796875, ""full_test_set"": false, ""subset_seed"": 20260907, ""indices_sha256"": ""072da18cce220a907a9a5eca3c800500e2f6d972c4903c62f6903308ebdecf30"", ""preprocessing"": ""native"", ""device"": ""cpu"", ""torch_version"": ""2.14.0+cpu"", ""seconds"": 0.512, ""date"": ""2026-09-07T05:03:26Z""}",wrapper,"{""torch"": ""2.14.0+cpu"", ""torchvision"": ""0.29.0+cpu""}",,,,274847,0,"[0.0, 1.0]",RGB,NCHW,logits,10,,,,,,,
A008,A,original_008,,seresnet56,SE-ResNet,osmr:seresnet56,osmr,https://github.com/osmr/imgclsmob,https://github.com/osmr/pytorchcv,https://github.com/osmr/imgclsmob/releases/download/v0.0.362/seresnet56_cifar10-0413-b61c1439.pth.zip,seresnet56_cifar10-0413-b61c1439.pth,checkpoints/A/A008_seresnet56_cifar10-0413-b61c1439.pth,737583f0b6b2c3ddfdcdcc211172349b47452df46c8c40d87c40434e0a53a617,5dcd4a38942c7d4b2ac35ec320a9375f1eb79e90a6126ec291291985b641f454,PyTorch,2.14.0+cpu,state_dict,862889,"[3, 32, 32]","[0.4914, 0.4822, 0.4465]","[0.2023, 0.1994, 0.201]",95.87,95.87,,,,,,,Upstream reports test error; stored accuracy = 100 - error. Converted from Gluon upstream; no derivative created here.,2026-09-07T04:59:40Z,verified,CIFAR-10,"[""airplane"", ""automobile"", ""bird"", ""cat"", ""deer"", ""dog"", ""frog"", ""horse"", ""ship"", ""truck""]",80726b972e36b6569889f890f139227c27a5acba,v0.0.362,b61c143989cb2901bec48dded4c6ddcae91aabc4,"{""adapter"": ""vendored"", ""module"": ""cv.models.seresnet_cifar"", ""factory"": ""seresnet56_cifar10""}","{""kind"": ""zip"", ""member"": ""seresnet56_cifar10-0413-b61c1439.pth""}",metadata/evidence/gluon_cifar.txt,Distinct published architecture checkpoints; upstream Gluon-to-PyTorch format conversion is not counted as another lineage.,3564383,38fc06367b2f7e9e5a2005ee1ef4153232bebd61e8386744afd95fd41d761b9e,95.703125,"{""model_id"": ""A008"", ""passed"": true, ""samples"": 256, ""correct"": 245, ""accuracy_percent"": 95.703125, ""full_test_set"": false, ""subset_seed"": 20260907, ""indices_sha256"": ""072da18cce220a907a9a5eca3c800500e2f6d972c4903c62f6903308ebdecf30"", ""preprocessing"": ""native"", ""device"": ""cpu"", ""torch_version"": ""2.14.0+cpu"", ""seconds"": 1.113, ""date"": ""2026-09-07T05:03:27Z""}",wrapper,"{""torch"": ""2.14.0+cpu"", ""torchvision"": ""0.29.0+cpu""}","{""model_id"": ""A008"", ""passed"": true, ""samples"": 10000, ""correct"": 9587, ""accuracy_percent"": 95.87, ""checkpoint_sha256"": ""737583f0b6b2c3ddfdcdcc211172349b47452df46c8c40d87c40434e0a53a617"", ""full_test_set"": true, ""subset_seed"": null, ""indices_sha256"": ""7d99a727ec84a6794eb1905bb9aa18ce6bfcef7a3b7cc203a68b281fb7f46e61"", ""preprocessing"": ""native"", ""device"": ""cpu"", ""torch_version"": ""2.14.0+cpu"", ""seconds"": 35.987, ""date"": ""2026-09-07T05:16:46Z""}",0.0,,862889,0,"[0.0, 1.0]",RGB,NCHW,logits,10,,,,,,,
A009,A,original_009,,sepreresnet56,SE-PreResNet,osmr:sepreresnet56,osmr,https://github.com/osmr/imgclsmob,https://github.com/osmr/pytorchcv,https://github.com/osmr/imgclsmob/releases/download/v0.0.379/sepreresnet56_cifar10-0451-fc23e153.pth.zip,sepreresnet56_cifar10-0451-fc23e153.pth,checkpoints/A/A009_sepreresnet56_cifar10-0451-fc23e153.pth,ba0913a3257a843fb4b8afe2c4ff87b531ca20aed9c2c9465c52dfa539c15595,8bdadea2fd5afa2722ab33519f2589249e43f8964800b9dd8dce48d74424f998,PyTorch,2.14.0+cpu,state_dict,862601,"[3, 32, 32]","[0.4914, 0.4822, 0.4465]","[0.2023, 0.1994, 0.201]",95.49,,,,,,,,Upstream reports test error; stored accuracy = 100 - error. Converted from Gluon upstream; no derivative created here.,2026-09-07T04:59:42Z,verified,CIFAR-10,"[""airplane"", ""automobile"", ""bird"", ""cat"", ""deer"", ""dog"", ""frog"", ""horse"", ""ship"", ""truck""]",80726b972e36b6569889f890f139227c27a5acba,v0.0.379,fc23e153ccfaddd52de61d77570a0befeee1e687,"{""adapter"": ""vendored"", ""module"": ""cv.models.sepreresnet_cifar"", ""factory"": ""sepreresnet56_cifar10""}","{""kind"": ""zip"", ""member"": ""sepreresnet56_cifar10-0451-fc23e153.pth""}",metadata/evidence/gluon_cifar.txt,Distinct published architecture checkpoints; upstream Gluon-to-PyTorch format conversion is not counted as another lineage.,3561270,459a33827b7b0a543788dcc07aa7df9310c3abe6b5d0ade0ba6ddc03fec5955d,95.3125,"{""model_id"": ""A009"", ""passed"": true, ""samples"": 256, ""correct"": 244, ""accuracy_percent"": 95.3125, ""full_test_set"": false, ""subset_seed"": 20260907, ""indices_sha256"": ""072da18cce220a907a9a5eca3c800500e2f6d972c4903c62f6903308ebdecf30"", ""preprocessing"": ""native"", ""device"": ""cpu"", ""torch_version"": ""2.14.0+cpu"", ""seconds"": 1.185, ""date"": ""2026-09-07T05:03:28Z""}",wrapper,"{""torch"": ""2.14.0+cpu"", ""torchvision"": ""0.29.0+cpu""}",,,,862601,0,"[0.0, 1.0]",RGB,NCHW,logits,10,,,,,,,
A010,A,original_010,,pyramidnet110_a48,PyramidNet,osmr:pyramidnet110_a48,osmr,https://github.com/osmr/imgclsmob,https://github.com/osmr/pytorchcv,https://github.com/osmr/imgclsmob/releases/download/v0.0.184/pyramidnet110_a48_cifar10-0372-eb185645.pth.zip,pyramidnet110_a48_cifar10-0372-eb185645.pth,checkpoints/A/A010_pyramidnet110_a48_cifar10-0372-eb185645.pth,6f73fe93a6031904163fe1f34763ac4bb259e05028fdf1bb4ad870de36e33d9b,98ffa3e86aa7c00ba52272949153c56999ef7d72cba0bc99083548faf86bae40,PyTorch,2.14.0+cpu,state_dict,1772706,"[3, 32, 32]","[0.4914, 0.4822, 0.4465]","[0.2023, 0.1994, 0.201]",96.28,96.28,,,,,,,Upstream reports test error; stored accuracy = 100 - error. Converted from Gluon upstream; no derivative created here.,2026-09-07T04:59:43Z,verified,CIFAR-10,"[""airplane"", ""automobile"", ""bird"", ""cat"", ""deer"", ""dog"", ""frog"", ""horse"", ""ship"", ""truck""]",80726b972e36b6569889f890f139227c27a5acba,v0.0.184,eb185645cda89e0c3c47b11c4b2d14ff18fa0ae1,"{""adapter"": ""vendored"", ""module"": ""cv.models.pyramidnet_cifar"", ""factory"": ""pyramidnet110_a48_cifar10""}","{""kind"": ""zip"", ""member"": ""pyramidnet110_a48_cifar10-0372-eb185645.pth""}",metadata/evidence/gluon_cifar.txt,Distinct published architecture checkpoints; upstream Gluon-to-PyTorch format conversion is not counted as another lineage.,7312929,804c3f74ea9bfc9e9d87a769c99a2cd61c0724049b9dbba093b2714b01f96fdf,96.09375,"{""model_id"": ""A010"", ""passed"": true, ""samples"": 256, ""correct"": 246, ""accuracy_percent"": 96.09375, ""full_test_set"": false, ""subset_seed"": 20260907, ""indices_sha256"": ""072da18cce220a907a9a5eca3c800500e2f6d972c4903c62f6903308ebdecf30"", ""preprocessing"": ""native"", ""device"": ""cpu"", ""torch_version"": ""2.14.0+cpu"", ""seconds"": 3.622, ""date"": ""2026-09-07T05:03:32Z""}",wrapper,"{""torch"": ""2.14.0+cpu"", ""torchvision"": ""0.29.0+cpu""}","{""model_id"": ""A010"", ""passed"": true, ""samples"": 10000, ""correct"": 9628, ""accuracy_percent"": 96.28, ""checkpoint_sha256"": ""6f73fe93a6031904163fe1f34763ac4bb259e05028fdf1bb4ad870de36e33d9b"", ""full_test_set"": true, ""subset_seed"": null, ""indices_sha256"": ""7d99a727ec84a6794eb1905bb9aa18ce6bfcef7a3b7cc203a68b281fb7f46e61"", ""preprocessing"": ""native"", ""device"": ""cpu"", ""torch_version"": ""2.14.0+cpu"", ""seconds"": 134.837, ""date"": ""2026-09-07T05:19:01Z""}",0.0,,1772706,0,"[0.0, 1.0]",RGB,NCHW,logits,10,,,,,,,
A011,A,original_011,,pyramidnet110_a84,PyramidNet,osmr:pyramidnet110_a84,osmr,https://github.com/osmr/imgclsmob,https://github.com/osmr/pytorchcv,https://github.com/osmr/imgclsmob/releases/download/v0.0.185/pyramidnet110_a84_cifar10-0298-7b835a3c.pth.zip,pyramidnet110_a84_cifar10-0298-7b835a3c.pth,checkpoints/A/A011_pyramidnet110_a84_cifar10-0298-7b835a3c.pth,b10a167e14a7ca6befa3eec39684376ba2795ef338e30a16d6945ab0d62392b1,d93de6b83c89648d15d6263da42543311e6c92606b6117252aa644e3c49ab41b,PyTorch,2.14.0+cpu,state_dict,3904446,"[3, 32, 32]","[0.4914, 0.4822, 0.4465]","[0.2023, 0.1994, 0.201]",97.02,,,,,,,,Upstream reports test error; stored accuracy = 100 - error. Converted from Gluon upstream; no derivative created here.,2026-09-07T04:59:47Z,verified,CIFAR-10,"[""airplane"", ""automobile"", ""bird"", ""cat"", ""deer"", ""dog"", ""frog"", ""horse"", ""ship"", ""truck""]",80726b972e36b6569889f890f139227c27a5acba,v0.0.185,7b835a3cf19794478d478aced63ca9e855c3ffeb,"{""adapter"": ""vendored"", ""module"": ""cv.models.pyramidnet_cifar"", ""factory"": ""pyramidnet110_a84_cifar10""}","{""kind"": ""zip"", ""member"": ""pyramidnet110_a84_cifar10-0298-7b835a3c.pth""}",metadata/evidence/gluon_cifar.txt,Distinct published architecture checkpoints; upstream Gluon-to-PyTorch format conversion is not counted as another lineage.,15865327,6f82fe9a8d10353dae249f3e4a3808c966dd044f29f8a5b8d4971133bb740ddc,96.09375,"{""model_id"": ""A011"", ""passed"": true, ""samples"": 256, ""correct"": 246, ""accuracy_percent"": 96.09375, ""full_test_set"": false, ""subset_seed"": 20260907, ""indices_sha256"": ""072da18cce220a907a9a5eca3c800500e2f6d972c4903c62f6903308ebdecf30"", ""preprocessing"": ""native"", ""device"": ""cpu"", ""torch_version"": ""2.14.0+cpu"", ""seconds"": 5.646, ""date"": ""2026-09-07T05:03:38Z""}",wrapper,"{""torch"": ""2.14.0+cpu"", ""torchvision"": ""0.29.0+cpu""}",,,,3904446,0,"[0.0, 1.0]",RGB,NCHW,logits,10,,,,,,,
A012,A,original_012,,densenet40_k12,DenseNet,osmr:densenet40_k12,osmr,https://github.com/osmr/imgclsmob,https://github.com/osmr/pytorchcv,https://github.com/osmr/imgclsmob/releases/download/v0.0.193/densenet40_k12_cifar10-0561-8b8e8194.pth.zip,densenet40_k12_cifar10-0561-8b8e8194.pth,checkpoints/A/A012_densenet40_k12_cifar10-0561-8b8e8194.pth,d2c3b026d1bf97d1ac54de646ec8045e57cd3b456cf1eec3ea44e73d8d4c64a2,aa7abb707708f7e32678deafbd20d8fd503a4ef7617ac84bd4dc95fdecf58755,PyTorch,2.14.0+cpu,state_dict,599050,"[3, 32, 32]","[0.4914, 0.4822, 0.4465]","[0.2023, 0.1994, 0.201]",94.39,,,,,,,,Upstream reports test error; stored accuracy = 100 - error. Converted from Gluon upstream; no derivative created here.,2026-09-07T04:59:48Z,verified,CIFAR-10,"[""airplane"", ""automobile"", ""bird"", ""cat"", ""deer"", ""dog"", ""frog"", ""horse"", ""ship"", ""truck""]",80726b972e36b6569889f890f139227c27a5acba,v0.0.193,8b8e819467a2e4c450e4ff72ced80582d0628b68,"{""adapter"": ""vendored"", ""module"": ""cv.models.densenet_cifar"", ""factory"": ""densenet40_k12_cifar10""}","{""kind"": ""zip"", ""member"": ""densenet40_k12_cifar10-0561-8b8e8194.pth""}",metadata/evidence/gluon_cifar.txt,Distinct published architecture checkpoints; upstream Gluon-to-PyTorch format conversion is not counted as another lineage.,2485866,518d18d1b0871ff47f09de09b137b8e096ffe80c9b008a2984dded01ae385dcc,90.234375,"{""model_id"": ""A012"", ""passed"": true, ""samples"": 256, ""correct"": 231, ""accuracy_percent"": 90.234375, ""full_test_set"": false, ""subset_seed"": 20260907, ""indices_sha256"": ""072da18cce220a907a9a5eca3c800500e2f6d972c4903c62f6903308ebdecf30"", ""preprocessing"": ""native"", ""device"": ""cpu"", ""torch_version"": ""2.14.0+cpu"", ""seconds"": 2.622, ""date"": ""2026-09-07T05:03:41Z""}",wrapper,"{""torch"": ""2.14.0+cpu"", ""torchvision"": ""0.29.0+cpu""}",,,,599050,0,"[0.0, 1.0]",RGB,NCHW,logits,10,,,,,,,
A013,A,original_013,,densenet100_k12_bc,DenseNet,osmr:densenet100_k12_bc,osmr,https://github.com/osmr/imgclsmob,https://github.com/osmr/pytorchcv,https://github.com/osmr/imgclsmob/releases/download/v0.0.189/densenet100_k12_bc_cifar10-0416-b9232829.pth.zip,densenet100_k12_bc_cifar10-0416-b9232829.pth,checkpoints/A/A013_densenet100_k12_bc_cifar10-0416-b9232829.pth,d9e559dea960eadddef78beb3ae4a305fc55dd1bd64c913163068c9f7442f94a,c091d5a0aaa1e626329f650cac00ae5ff437c9ba53c62c54eb14697c5fdc4fa4,PyTorch,2.14.0+cpu,state_dict,769162,"[3, 32, 32]","[0.4914, 0.4822, 0.4465]","[0.2023, 0.1994, 0.201]",95.84,95.84,,,,,,,Upstream reports test error; stored accuracy = 100 - error. Converted from Gluon upstream; no derivative created here.,2026-09-07T04:59:49Z,verified,CIFAR-10,"[""airplane"", ""automobile"", ""bird"", ""cat"", ""deer"", ""dog"", ""frog"", ""horse"", ""ship"", ""truck""]",80726b972e36b6569889f890f139227c27a5acba,v0.0.189,b9232829b13c3f3f2ea15f4be97f500b7912c3c2,"{""adapter"": ""vendored"", ""module"": ""cv.models.densenet_cifar"", ""factory"": ""densenet100_k12_bc_cifar10""}","{""kind"": ""zip"", ""member"": ""densenet100_k12_bc_cifar10-0416-b9232829.pth""}",metadata/evidence/gluon_cifar.txt,Distinct published architecture checkpoints; upstream Gluon-to-PyTorch format conversion is not counted as another lineage.,3284562,f9f2192f39c9ea3e1dc113fb425eb5b6f5320229ba400167ae7952740f66dacd,94.140625,"{""model_id"": ""A013"", ""passed"": true, ""samples"": 256, ""correct"": 241, ""accuracy_percent"": 94.140625, ""full_test_set"": false, ""subset_seed"": 20260907, ""indices_sha256"": ""072da18cce220a907a9a5eca3c800500e2f6d972c4903c62f6903308ebdecf30"", ""preprocessing"": ""native"", ""device"": ""cpu"", ""torch_version"": ""2.14.0+cpu"", ""seconds"": 4.207, ""date"": ""2026-09-07T05:03:45Z""}",wrapper,"{""torch"": ""2.14.0+cpu"", ""torchvision"": ""0.29.0+cpu""}","{""model_id"": ""A013"", ""passed"": true, ""samples"": 10000, ""correct"": 9584, ""accuracy_percent"": 95.84, ""checkpoint_sha256"": ""d9e559dea960eadddef78beb3ae4a305fc55dd1bd64c913163068c9f7442f94a"", ""full_test_set"": true, ""subset_seed"": null, ""indices_sha256"": ""7d99a727ec84a6794eb1905bb9aa18ce6bfcef7a3b7cc203a68b281fb7f46e61"", ""preprocessing"": ""native"", ""device"": ""cpu"", ""torch_version"": ""2.14.0+cpu"", ""seconds"": 157.791, ""date"": ""2026-09-07T05:21:39Z""}",0.0,,769162,0,"[0.0, 1.0]",RGB,NCHW,logits,10,,,,,,,
A014,A,original_014,,xdensenet40_2_k24_bc,XDenseNet,osmr:xdensenet40_2_k24_bc,osmr,https://github.com/osmr/imgclsmob,https://github.com/osmr/pytorchcv,https://github.com/osmr/imgclsmob/releases/download/v0.0.226/xdensenet40_2_k24_bc_cifar10-0531-b91a9dc3.pth.zip,xdensenet40_2_k24_bc_cifar10-0531-b91a9dc3.pth,checkpoints/A/A014_xdensenet40_2_k24_bc_cifar10-0531-b91a9dc3.pth,e46b8f9505e247d267f1d43889e1b6f700752c9000bfe62f675e8d340e27e405,3a5efe91e7a96f943ae02d3ed968e2101782fc5e7e5b2a521e9aea1187dde65b,PyTorch,2.14.0+cpu,state_dict,1319338,"[3, 32, 32]","[0.4914, 0.4822, 0.4465]","[0.2023, 0.1994, 0.201]",94.69,,,,,,,,Upstream reports test error; stored accuracy = 100 - error. Converted from Gluon upstream; no derivative created here.,2026-09-07T04:59:50Z,verified,CIFAR-10,"[""airplane"", ""automobile"", ""bird"", ""cat"", ""deer"", ""dog"", ""frog"", ""horse"", ""ship"", ""truck""]",80726b972e36b6569889f890f139227c27a5acba,v0.0.226,b91a9dc35877c4285fe86f49953d1118f6b69e57,"{""adapter"": ""vendored"", ""module"": ""cv.models.xdensenet_cifar"", ""factory"": ""xdensenet40_2_k24_bc_cifar10""}","{""kind"": ""zip"", ""member"": ""xdensenet40_2_k24_bc_cifar10-0531-b91a9dc3.pth""}",metadata/evidence/gluon_cifar.txt,Distinct published architecture checkpoints; upstream Gluon-to-PyTorch format conversion is not counted as another lineage.,5367253,b4da30aa32e5f26e2c58b10204e46214d6cd45f1427656ede8c3a5056d4e092f,92.578125,"{""model_id"": ""A014"", ""passed"": true, ""samples"": 256, ""correct"": 237, ""accuracy_percent"": 92.578125, ""full_test_set"": false, ""subset_seed"": 20260907, ""indices_sha256"": ""072da18cce220a907a9a5eca3c800500e2f6d972c4903c62f6903308ebdecf30"", ""preprocessing"": ""native"", ""device"": ""cpu"", ""torch_version"": ""2.14.0+cpu"", ""seconds"": 2.76, ""date"": ""2026-09-07T05:03:48Z""}",wrapper,"{""torch"": ""2.14.0+cpu"", ""torchvision"": ""0.29.0+cpu""}",,,,690346,628992,"[0.0, 1.0]",RGB,NCHW,logits,10,,,,,,,
A015,A,original_015,,wrn16_10,WideResNet,osmr:wrn16_10,osmr,https://github.com/osmr/imgclsmob,https://github.com/osmr/pytorchcv,https://github.com/osmr/imgclsmob/releases/download/v0.0.166/wrn16_10_cifar10-0293-ce810d8a.pth.zip,wrn16_10_cifar10-0293-ce810d8a.pth,checkpoints/A/A015_wrn16_10_cifar10-0293-ce810d8a.pth,2643196b001847cd46863a79f4a176647539907a92172ede003c342b6b201394,2b65406090edad38b503b2fb6d255b87527a1e69af6822b6dad52f2d65ff7e13,PyTorch,2.14.0+cpu,state_dict,17116634,"[3, 32, 32]","[0.4914, 0.4822, 0.4465]","[0.2023, 0.1994, 0.201]",97.07,97.07,,,,,,,Upstream reports test error; stored accuracy = 100 - error. Converted from Gluon upstream; no derivative created here.,2026-09-07T04:59:58Z,verified,CIFAR-10,"[""airplane"", ""automobile"", ""bird"", ""cat"", ""deer"", ""dog"", ""frog"", ""horse"", ""ship"", ""truck""]",80726b972e36b6569889f890f139227c27a5acba,v0.0.166,ce810d8a17a2deb73eddb5bec8709f93278bc53e,"{""adapter"": ""vendored"", ""module"": ""cv.models.wrn_cifar"", ""factory"": ""wrn16_10_cifar10""}","{""kind"": ""zip"", ""member"": ""wrn16_10_cifar10-0293-ce810d8a.pth""}",metadata/evidence/gluon_cifar.txt,Distinct published architecture checkpoints; upstream Gluon-to-PyTorch format conversion is not counted as another lineage.,68518601,448876353e337af2a240889fe4307c61d8688cb1662dd25edf29e480d1bcd15e,96.875,"{""model_id"": ""A015"", ""passed"": true, ""samples"": 256, ""correct"": 248, ""accuracy_percent"": 96.875, ""full_test_set"": false, ""subset_seed"": 20260907, ""indices_sha256"": ""072da18cce220a907a9a5eca3c800500e2f6d972c4903c62f6903308ebdecf30"", ""preprocessing"": ""native"", ""device"": ""cpu"", ""torch_version"": ""2.14.0+cpu"", ""seconds"": 10.154, ""date"": ""2026-09-07T05:03:58Z""}",wrapper,"{""torch"": ""2.14.0+cpu"", ""torchvision"": ""0.29.0+cpu""}","{""model_id"": ""A015"", ""passed"": true, ""samples"": 10000, ""correct"": 9707, ""accuracy_percent"": 97.07, ""checkpoint_sha256"": ""2643196b001847cd46863a79f4a176647539907a92172ede003c342b6b201394"", ""full_test_set"": true, ""subset_seed"": null, ""indices_sha256"": ""7d99a727ec84a6794eb1905bb9aa18ce6bfcef7a3b7cc203a68b281fb7f46e61"", ""preprocessing"": ""native"", ""device"": ""cpu"", ""torch_version"": ""2.14.0+cpu"", ""seconds"": 362.079, ""date"": ""2026-09-07T05:27:41Z""}",0.0,,17116634,0,"[0.0, 1.0]",RGB,NCHW,logits,10,,,,,,,
A016,A,original_016,,wrn28_10,WideResNet,osmr:wrn28_10,osmr,https://github.com/osmr/imgclsmob,https://github.com/osmr/pytorchcv,https://github.com/osmr/imgclsmob/releases/download/v0.0.166/wrn28_10_cifar10-0239-fe97dcd6.pth.zip,wrn28_10_cifar10-0239-fe97dcd6.pth,checkpoints/A/A016_wrn28_10_cifar10-0239-fe97dcd6.pth,91d0133f69a7475b64f7d5828a491cc5b6bfdde130f6669e8800c0ad1e59c6db,d20bdd00d1e932c7da6c060a0cffa0e13fcd17e7dcec11cd78b893032c4f7346,PyTorch,2.14.0+cpu,state_dict,36479194,"[3, 32, 32]","[0.4914, 0.4822, 0.4465]","[0.2023, 0.1994, 0.201]",97.61,,,,,,,,Upstream reports test error; stored accuracy = 100 - error. Converted from Gluon upstream; no derivative created here.,2026-09-07T05:00:09Z,verified,CIFAR-10,"[""airplane"", ""automobile"", ""bird"", ""cat"", ""deer"", ""dog"", ""frog"", ""horse"", ""ship"", ""truck""]",80726b972e36b6569889f890f139227c27a5acba,v0.0.166,fe97dcd6d0dd8dda8e9e38e6cfa320cffb9955ce,"{""adapter"": ""vendored"", ""module"": ""cv.models.wrn_cifar"", ""factory"": ""wrn28_10_cifar10""}","{""kind"": ""zip"", ""member"": ""wrn28_10_cifar10-0239-fe97dcd6.pth""}",metadata/evidence/gluon_cifar.txt,Distinct published architecture checkpoints; upstream Gluon-to-PyTorch format conversion is not counted as another lineage.,146019059,46e93eb1e1689f03ae9fbeb850304a8005b764992866cd4c8a985e632be57714,98.828125,"{""model_id"": ""A016"", ""passed"": true, ""samples"": 256, ""correct"": 253, ""accuracy_percent"": 98.828125, ""full_test_set"": false, ""subset_seed"": 20260907, ""indices_sha256"": ""072da18cce220a907a9a5eca3c800500e2f6d972c4903c62f6903308ebdecf30"", ""preprocessing"": ""native"", ""device"": ""cpu"", ""torch_version"": ""2.14.0+cpu"", ""seconds"": 20.541, ""date"": ""2026-09-07T05:04:19Z""}",wrapper,"{""torch"": ""2.14.0+cpu"", ""torchvision"": ""0.29.0+cpu""}",,,,36479194,0,"[0.0, 1.0]",RGB,NCHW,logits,10,,,,,,,
A017,A,original_017,,ror3_56,RoR,osmr:ror3_56,osmr,https://github.com/osmr/imgclsmob,https://github.com/osmr/pytorchcv,https://github.com/osmr/imgclsmob/releases/download/v0.0.228/ror3_56_cifar10-0543-44f0f47d.pth.zip,ror3_56_cifar10-0543-44f0f47d.pth,checkpoints/A/A017_ror3_56_cifar10-0543-44f0f47d.pth,c438853026199c6cc9933ad153a5dc74d1c6b4ed84b3555965968f8a873b4721,a9034124c0e698f222ca25881bdf04cc741d75cbe479bb5e395bde50eda25b75,PyTorch,2.14.0+cpu,state_dict,762746,"[3, 32, 32]","[0.4914, 0.4822, 0.4465]","[0.2023, 0.1994, 0.201]",94.57,,,,,,,,Upstream reports test error; stored accuracy = 100 - error. Converted from Gluon upstream; no derivative created here.,2026-09-07T05:00:11Z,verified,CIFAR-10,"[""airplane"", ""automobile"", ""bird"", ""cat"", ""deer"", ""dog"", ""frog"", ""horse"", ""ship"", ""truck""]",80726b972e36b6569889f890f139227c27a5acba,v0.0.228,44f0f47d2e1b609880ee1b623014c52a9276e2ea,"{""adapter"": ""vendored"", ""module"": ""cv.models.ror_cifar"", ""factory"": ""ror3_56_cifar10""}","{""kind"": ""zip"", ""member"": ""ror3_56_cifar10-0543-44f0f47d.pth""}",metadata/evidence/gluon_cifar.txt,Distinct published architecture checkpoints; upstream Gluon-to-PyTorch format conversion is not counted as another lineage.,3142669,ce860466ae99fdba4a28bd186480eeb831333ff7a91e1477ac2cfa91098406dc,94.140625,"{""model_id"": ""A017"", ""passed"": true, ""samples"": 256, ""correct"": 241, ""accuracy_percent"": 94.140625, ""full_test_set"": false, ""subset_seed"": 20260907, ""indices_sha256"": ""072da18cce220a907a9a5eca3c800500e2f6d972c4903c62f6903308ebdecf30"", ""preprocessing"": ""native"", ""device"": ""cpu"", ""torch_version"": ""2.14.0+cpu"", ""seconds"": 1.054, ""date"": ""2026-09-07T05:04:20Z""}",wrapper,"{""torch"": ""2.14.0+cpu"", ""torchvision"": ""0.29.0+cpu""}",,,,762746,0,"[0.0, 1.0]",RGB,NCHW,logits,10,,,,,,,
A018,A,original_018,,ror3_110,RoR,osmr:ror3_110,osmr,https://github.com/osmr/imgclsmob,https://github.com/osmr/pytorchcv,https://github.com/osmr/imgclsmob/releases/download/v0.0.235/ror3_110_cifar10-0435-fb2a2b04.pth.zip,ror3_110_cifar10-0435-fb2a2b04.pth,checkpoints/A/A018_ror3_110_cifar10-0435-fb2a2b04.pth,6f8f4755c97fea2e98c2d67696106520ce736e145b38ece3968b12ac9ee0d2da,b4136e738e20c1da954175f1070375fdcdcfde7ece565869e621e6a9aa90130a,PyTorch,2.14.0+cpu,state_dict,1637690,"[3, 32, 32]","[0.4914, 0.4822, 0.4465]","[0.2023, 0.1994, 0.201]",95.65,,,,,,,,Upstream reports test error; stored accuracy = 100 - error. Converted from Gluon upstream; no derivative created here.,2026-09-07T05:00:13Z,verified,CIFAR-10,"[""airplane"", ""automobile"", ""bird"", ""cat"", ""deer"", ""dog"", ""frog"", ""horse"", ""ship"", ""truck""]",80726b972e36b6569889f890f139227c27a5acba,v0.0.235,fb2a2b0499e4a4d92bdc1d6792bd5572256d5165,"{""adapter"": ""vendored"", ""module"": ""cv.models.ror_cifar"", ""factory"": ""ror3_110_cifar10""}","{""kind"": ""zip"", ""member"": ""ror3_110_cifar10-0435-fb2a2b04.pth""}",metadata/evidence/gluon_cifar.txt,Distinct published architecture checkpoints; upstream Gluon-to-PyTorch format conversion is not counted as another lineage.,6734683,e2af6ffa896996efc61366431ced2a0e05c1b704f790adcd1d2c8437157e71b4,94.53125,"{""model_id"": ""A018"", ""passed"": true, ""samples"": 256, ""correct"": 242, ""accuracy_percent"": 94.53125, ""full_test_set"": false, ""subset_seed"": 20260907, ""indices_sha256"": ""072da18cce220a907a9a5eca3c800500e2f6d972c4903c62f6903308ebdecf30"", ""preprocessing"": ""native"", ""device"": ""cpu"", ""torch_version"": ""2.14.0+cpu"", ""seconds"": 1.947, ""date"": ""2026-09-07T05:04:22Z""}",wrapper,"{""torch"": ""2.14.0+cpu"", ""torchvision"": ""0.29.0+cpu""}",,,,1637690,0,"[0.0, 1.0]",RGB,NCHW,logits,10,,,,,,,
A019,A,original_019,,rir,RiR,osmr:rir,osmr,https://github.com/osmr/imgclsmob,https://github.com/osmr/pytorchcv,https://github.com/osmr/imgclsmob/releases/download/v0.0.292/rir_cifar10-0328-414c3e60.pth.zip,rir_cifar10-0328-414c3e60.pth,checkpoints/A/A019_rir_cifar10-0328-414c3e60.pth,ab8926ff246da8077eb5a3df26384821bbd91ddb6fad9f379caebe29be16acae,a838e23850b9636dd1bc5fdca2391087d76a594e531bd496f51ad0bf5ebdb5be,PyTorch,2.14.0+cpu,state_dict,9492980,"[3, 32, 32]","[0.4914, 0.4822, 0.4465]","[0.2023, 0.1994, 0.201]",96.72,,,,,,,,Upstream reports test error; stored accuracy = 100 - error. Converted from Gluon upstream; no derivative created here.,2026-09-07T05:00:18Z,verified,CIFAR-10,"[""airplane"", ""automobile"", ""bird"", ""cat"", ""deer"", ""dog"", ""frog"", ""horse"", ""ship"", ""truck""]",80726b972e36b6569889f890f139227c27a5acba,v0.0.292,414c3e6088ae1e83aa1a77c43e38f940c18a0ce2,"{""adapter"": ""vendored"", ""module"": ""cv.models.rir_cifar"", ""factory"": ""rir_cifar10""}","{""kind"": ""zip"", ""member"": ""rir_cifar10-0328-414c3e60.pth""}",metadata/evidence/gluon_cifar.txt,Distinct published architecture checkpoints; upstream Gluon-to-PyTorch format conversion is not counted as another lineage.,38054435,a6afad45a89a6c8fcb9660e167287880fcde4af5d30f065f3972e2b523686e3e,97.65625,"{""model_id"": ""A019"", ""passed"": true, ""samples"": 256, ""correct"": 250, ""accuracy_percent"": 97.65625, ""full_test_set"": false, ""subset_seed"": 20260907, ""indices_sha256"": ""072da18cce220a907a9a5eca3c800500e2f6d972c4903c62f6903308ebdecf30"", ""preprocessing"": ""native"", ""device"": ""cpu"", ""torch_version"": ""2.14.0+cpu"", ""seconds"": 5.801, ""date"": ""2026-09-07T05:04:28Z""}",wrapper,"{""torch"": ""2.14.0+cpu"", ""torchvision"": ""0.29.0+cpu""}",,,,9492980,0,"[0.0, 1.0]",RGB,NCHW,logits,10,,,,,,,
A020,A,original_020,,shakeshakeresnet20_2x16d,Shake-Shake,osmr:shakeshakeresnet20_2x16d,osmr,https://github.com/osmr/imgclsmob,https://github.com/osmr/pytorchcv,https://github.com/osmr/imgclsmob/releases/download/v0.0.215/shakeshakeresnet20_2x16d_cifar10-0515-ef71ec0d.pth.zip,shakeshakeresnet20_2x16d_cifar10-0515-ef71ec0d.pth,checkpoints/A/A020_shakeshakeresnet20_2x16d_cifar10-0515-ef71ec0d.pth,ba23185765d737158e866a038e0c1d91c9337b9139a5d17774a95d6aa785c349,744a131cc3b57d58e91a46c9f7997fa479b087f59d84cf928b5d1c387d7421d0,PyTorch,2.14.0+cpu,state_dict,541082,"[3, 32, 32]","[0.4914, 0.4822, 0.4465]","[0.2023, 0.1994, 0.201]",94.85,,,,,,,,Upstream reports test error; stored accuracy = 100 - error. Converted from Gluon upstream; no derivative created here.,2026-09-07T05:00:19Z,verified,CIFAR-10,"[""airplane"", ""automobile"", ""bird"", ""cat"", ""deer"", ""dog"", ""frog"", ""horse"", ""ship"", ""truck""]",80726b972e36b6569889f890f139227c27a5acba,v0.0.215,ef71ec0d5ef928ef8654294114a013895abe3f9a,"{""adapter"": ""vendored"", ""module"": ""cv.models.shakeshakeresnet_cifar"", ""factory"": ""shakeshakeresnet20_2x16d_cifar10""}","{""kind"": ""zip"", ""member"": ""shakeshakeresnet20_2x16d_cifar10-0515-ef71ec0d.pth""}",metadata/evidence/gluon_cifar.txt,Distinct published architecture checkpoints; upstream Gluon-to-PyTorch format conversion is not counted as another lineage.,2222854,b2bcfd5fb9433f44b5c801865029903fb1544c45251c0ba47aba45f048fc0208,93.359375,"{""model_id"": ""A020"", ""passed"": true, ""samples"": 256, ""correct"": 239, ""accuracy_percent"": 93.359375, ""full_test_set"": false, ""subset_seed"": 20260907, ""indices_sha256"": ""072da18cce220a907a9a5eca3c800500e2f6d972c4903c62f6903308ebdecf30"", ""preprocessing"": ""native"", ""device"": ""cpu"", ""torch_version"": ""2.14.0+cpu"", ""seconds"": 0.67, ""date"": ""2026-09-07T05:04:29Z""}",wrapper,"{""torch"": ""2.14.0+cpu"", ""torchvision"": ""0.29.0+cpu""}",,,,541082,0,"[0.0, 1.0]",RGB,NCHW,logits,10,,,,,,,
A021,A,original_021,,shakeshakeresnet26_2x32d,Shake-Shake,osmr:shakeshakeresnet26_2x32d,osmr,https://github.com/osmr/imgclsmob,https://github.com/osmr/pytorchcv,https://github.com/osmr/imgclsmob/releases/download/v0.0.217/shakeshakeresnet26_2x32d_cifar10-0317-ecd1f833.pth.zip,shakeshakeresnet26_2x32d_cifar10-0317-ecd1f833.pth,checkpoints/A/A021_shakeshakeresnet26_2x32d_cifar10-0317-ecd1f833.pth,2dea6a8a6b0f290f4ac7a65a3ee88eb89f1cda4ce61e5b77f63ecc92210c92b4,837999b9d363f7b3dc8ea25758359b44084d6d049bb78f7deb77af570327153d,PyTorch,2.14.0+cpu,state_dict,2923162,"[3, 32, 32]","[0.4914, 0.4822, 0.4465]","[0.2023, 0.1994, 0.201]",96.83,,,,,,,,Upstream reports test error; stored accuracy = 100 - error. Converted from Gluon upstream; no derivative created here.,2026-09-07T05:00:20Z,verified,CIFAR-10,"[""airplane"", ""automobile"", ""bird"", ""cat"", ""deer"", ""dog"", ""frog"", ""horse"", ""ship"", ""truck""]",80726b972e36b6569889f890f139227c27a5acba,v0.0.217,ecd1f8337cc90b5378b4217fb2591f2ed0f02bdf,"{""adapter"": ""vendored"", ""module"": ""cv.models.shakeshakeresnet_cifar"", ""factory"": ""shakeshakeresnet26_2x32d_cifar10""}","{""kind"": ""zip"", ""member"": ""shakeshakeresnet26_2x32d_cifar10-0317-ecd1f833.pth""}",metadata/evidence/gluon_cifar.txt,Distinct published architecture checkpoints; upstream Gluon-to-PyTorch format conversion is not counted as another lineage.,11786456,22544521a61bffd94afd28a884a6deee3b6bb39be99b59a1dcd100a965c9c578,96.09375,"{""model_id"": ""A021"", ""passed"": true, ""samples"": 256, ""correct"": 246, ""accuracy_percent"": 96.09375, ""full_test_set"": false, ""subset_seed"": 20260907, ""indices_sha256"": ""072da18cce220a907a9a5eca3c800500e2f6d972c4903c62f6903308ebdecf30"", ""preprocessing"": ""native"", ""device"": ""cpu"", ""torch_version"": ""2.14.0+cpu"", ""seconds"": 2.306, ""date"": ""2026-09-07T05:04:32Z""}",wrapper,"{""torch"": ""2.14.0+cpu"", ""torchvision"": ""0.29.0+cpu""}",,,,2923162,0,"[0.0, 1.0]",RGB,NCHW,logits,10,,,,,,,
A022,A,original_022,,diaresnet56,DIA-ResNet,osmr:diaresnet56,osmr,https://github.com/osmr/imgclsmob,https://github.com/osmr/pytorchcv,https://github.com/osmr/imgclsmob/releases/download/v0.0.340/diaresnet56_cifar10-0505-8ac86804.pth.zip,diaresnet56_cifar10-0505-8ac86804.pth,checkpoints/A/A022_diaresnet56_cifar10-0505-8ac86804.pth,a58ff3074fe8fcb95b0466aa61264837ad2a24d3b4f3d96e0d5f63c71a1cded9,5feb887893842f3481da80980ba2230b5556c3c3d5afe29c96e6b24b3eacdfec,PyTorch,2.14.0+cpu,state_dict,870162,"[3, 32, 32]","[0.4914, 0.4822, 0.4465]","[0.2023, 0.1994, 0.201]",94.95,,,,,,,,Upstream reports test error; stored accuracy = 100 - error. Converted from Gluon upstream; no derivative created here.,2026-09-07T05:00:21Z,verified,CIFAR-10,"[""airplane"", ""automobile"", ""bird"", ""cat"", ""deer"", ""dog"", ""frog"", ""horse"", ""ship"", ""truck""]",80726b972e36b6569889f890f139227c27a5acba,v0.0.340,8ac8680448b2999bd1e03eed60373ea78eba9a44,"{""adapter"": ""vendored"", ""module"": ""cv.models.diaresnet_cifar"", ""factory"": ""diaresnet56_cifar10""}","{""kind"": ""zip"", ""member"": ""diaresnet56_cifar10-0505-8ac86804.pth""}",metadata/evidence/gluon_cifar.txt,Distinct published architecture checkpoints; upstream Gluon-to-PyTorch format conversion is not counted as another lineage.,4092647,52a983796982418eb7b85e1820e8bc6345c0d1f3e1c804f49b98c8cc92fdd60d,94.53125,"{""model_id"": ""A022"", ""passed"": true, ""samples"": 256, ""correct"": 242, ""accuracy_percent"": 94.53125, ""full_test_set"": false, ""subset_seed"": 20260907, ""indices_sha256"": ""072da18cce220a907a9a5eca3c800500e2f6d972c4903c62f6903308ebdecf30"", ""preprocessing"": ""native"", ""device"": ""cpu"", ""torch_version"": ""2.14.0+cpu"", ""seconds"": 1.181, ""date"": ""2026-09-07T05:04:33Z""}",wrapper,"{""torch"": ""2.14.0+cpu"", ""torchvision"": ""0.29.0+cpu""}",,,,870162,0,"[0.0, 1.0]",RGB,NCHW,logits,10,,,,,,,
A023,A,original_023,,diapreresnet56,DIA-PreResNet,osmr:diapreresnet56,osmr,https://github.com/osmr/imgclsmob,https://github.com/osmr/pytorchcv,https://github.com/osmr/imgclsmob/releases/download/v0.0.343/diapreresnet56_cifar10-0483-41cae958.pth.zip,diapreresnet56_cifar10-0483-41cae958.pth,checkpoints/A/A023_diapreresnet56_cifar10-0483-41cae958.pth,4f479e99e7efd1004ea2c8568c6d7ceb2444a05c912d8d964770d78e781152b8,85c14d224eac75cbbbe24068f94b89c1be89fb7580e42e8fb184826220a0163a,PyTorch,2.14.0+cpu,state_dict,869970,"[3, 32, 32]","[0.4914, 0.4822, 0.4465]","[0.2023, 0.1994, 0.201]",95.17,,,,,,,,Upstream reports test error; stored accuracy = 100 - error. Converted from Gluon upstream; no derivative created here.,2026-09-07T05:00:23Z,verified,CIFAR-10,"[""airplane"", ""automobile"", ""bird"", ""cat"", ""deer"", ""dog"", ""frog"", ""horse"", ""ship"", ""truck""]",80726b972e36b6569889f890f139227c27a5acba,v0.0.343,41cae958be1bec3f839126cd167051de6a981d0a,"{""adapter"": ""vendored"", ""module"": ""cv.models.diapreresnet_cifar"", ""factory"": ""diapreresnet56_cifar10""}","{""kind"": ""zip"", ""member"": ""diapreresnet56_cifar10-0483-41cae958.pth""}",metadata/evidence/gluon_cifar.txt,Distinct published architecture checkpoints; upstream Gluon-to-PyTorch format conversion is not counted as another lineage.,4089514,8a3136e45fe54ae4c946dde6a3b08a2e91bcb84cc6f9e41fb118c1aff5f775d9,94.140625,"{""model_id"": ""A023"", ""passed"": true, ""samples"": 256, ""correct"": 241, ""accuracy_percent"": 94.140625, ""full_test_set"": false, ""subset_seed"": 20260907, ""indices_sha256"": ""072da18cce220a907a9a5eca3c800500e2f6d972c4903c62f6903308ebdecf30"", ""preprocessing"": ""native"", ""device"": ""cpu"", ""torch_version"": ""2.14.0+cpu"", ""seconds"": 1.14, ""date"": ""2026-09-07T05:04:34Z""}",wrapper,"{""torch"": ""2.14.0+cpu"", ""torchvision"": ""0.29.0+cpu""}",,,,869970,0,"[0.0, 1.0]",RGB,NCHW,logits,10,,,,,,,
A024,A,original_024,,vgg11_bn,VGG,chenyaofo:vgg11_bn,chenyaofo,https://github.com/chenyaofo/pytorch-cifar-models,https://github.com/chenyaofo/pytorch-cifar-models,https://github.com/chenyaofo/pytorch-cifar-models/releases/download/vgg/cifar10_vgg11_bn-eaeebf42.pt,cifar10_vgg11_bn-eaeebf42.pt,checkpoints/A/A024_cifar10_vgg11_bn-eaeebf42.pt,eaeebf42370c92fdfbb5dbe8eba7c27d4eb7366a1dca0b5be435364ccdf54378,cebeecaab504f1698abd9f259fc42647db77f8796fdfbd14dd74e71acaa6b1b2,PyTorch,2.14.0+cpu,state_dict,9756426,"[3, 32, 32]","[0.4914, 0.4822, 0.4465]","[0.2023, 0.1994, 0.201]",92.79,,,SGD,0.1,0.0005,,metadata\evidence\A024_training.log,,2026-09-07T05:00:25Z,verified,CIFAR-10,"[""airplane"", ""automobile"", ""bird"", ""cat"", ""deer"", ""dog"", ""frog"", ""horse"", ""ship"", ""truck""]",786c16252c0fc58ee9adac063f8337cc4a7a497a,vgg,,"{""adapter"": ""vendored"", ""module"": ""chen.vgg"", ""factory"": ""cifar10_vgg11_bn""}","{""kind"": ""direct""}",metadata\evidence\A024_training.log,Published training log identifies architecture-specific from-scratch training (model pretrained=False).,39068509,4c4edd996afcac22e085d0e331ac04d945768a5effe041ca75505188d55035f2,88.28125,"{""model_id"": ""A024"", ""passed"": true, ""samples"": 256, ""correct"": 226, ""accuracy_percent"": 88.28125, ""full_test_set"": false, ""subset_seed"": 20260907, ""indices_sha256"": ""072da18cce220a907a9a5eca3c800500e2f6d972c4903c62f6903308ebdecf30"", ""preprocessing"": ""native"", ""device"": ""cpu"", ""torch_version"": ""2.14.0+cpu"", ""seconds"": 1.219, ""date"": ""2026-09-07T05:04:36Z""}",wrapper,"{""torch"": ""2.14.0+cpu"", ""torchvision"": ""0.29.0+cpu""}",,,,9756426,0,"[0.0, 1.0]",RGB,NCHW,logits,10,https://cdn.jsdelivr.net/gh/chenyaofo/pytorch-cifar-models@logs/logs/cifar10/vgg11_bn/default.log,1.8.1,eaeebf42,,,,
A025,A,original_025,,vgg16_bn,VGG,chenyaofo:vgg16_bn,chenyaofo,https://github.com/chenyaofo/pytorch-cifar-models,https://github.com/chenyaofo/pytorch-cifar-models,https://github.com/chenyaofo/pytorch-cifar-models/releases/download/vgg/cifar10_vgg16_bn-6ee7ea24.pt,cifar10_vgg16_bn-6ee7ea24.pt,checkpoints/A/A025_cifar10_vgg16_bn-6ee7ea24.pt,6ee7ea24b52cfbbe9751608a81d5a7b2f5bac4e8f7d19e420030072ca257ed97,761d1cc8d6a788334662d013540e37422f9c5820b6ec2e92652bceb7103fc72a,PyTorch,2.14.0+cpu,state_dict,15253578,"[3, 32, 32]","[0.4914, 0.4822, 0.4465]","[0.2023, 0.1994, 0.201]",94.16,,,SGD,0.1,0.0005,,metadata\evidence\A025_training.log,,2026-09-07T05:00:28Z,verified,CIFAR-10,"[""airplane"", ""automobile"", ""bird"", ""cat"", ""deer"", ""dog"", ""frog"", ""horse"", ""ship"", ""truck""]",786c16252c0fc58ee9adac063f8337cc4a7a497a,vgg,,"{""adapter"": ""vendored"", ""module"": ""chen.vgg"", ""factory"": ""cifar10_vgg16_bn""}","{""kind"": ""direct""}",metadata\evidence\A025_training.log,Published training log identifies architecture-specific from-scratch training (model pretrained=False).,61080472,02b7a315c679f99fd68e916dae1e1c4e939b254fe8eb2373acb642d72c77cb64,91.40625,"{""model_id"": ""A025"", ""passed"": true, ""samples"": 256, ""correct"": 234, ""accuracy_percent"": 91.40625, ""full_test_set"": false, ""subset_seed"": 20260907, ""indices_sha256"": ""072da18cce220a907a9a5eca3c800500e2f6d972c4903c62f6903308ebdecf30"", ""preprocessing"": ""native"", ""device"": ""cpu"", ""torch_version"": ""2.14.0+cpu"", ""seconds"": 2.034, ""date"": ""2026-09-07T05:04:38Z""}",wrapper,"{""torch"": ""2.14.0+cpu"", ""torchvision"": ""0.29.0+cpu""}",,,,15253578,0,"[0.0, 1.0]",RGB,NCHW,logits,10,https://cdn.jsdelivr.net/gh/chenyaofo/pytorch-cifar-models@logs/logs/cifar10/vgg16_bn/default.log,1.8.1,6ee7ea24,,,,
A026,A,original_026,,mobilenetv2_x0_5,MobileNetV2,chenyaofo:mobilenetv2_x0_5,chenyaofo,https://github.com/chenyaofo/pytorch-cifar-models,https://github.com/chenyaofo/pytorch-cifar-models,https://github.com/chenyaofo/pytorch-cifar-models/releases/download/mobilenetv2/cifar10_mobilenetv2_x0_5-ca14ced9.pt,cifar10_mobilenetv2_x0_5-ca14ced9.pt,checkpoints/A/A026_cifar10_mobilenetv2_x0_5-ca14ced9.pt,ca14ced9679a365262eb6ec98fd347deafcc06af2d0457d8b80424cfe8caaac8,74ec7ab4b40053d8f816b023c271d789c02edd0e4a56253eb518011faa97b22b,PyTorch,2.14.0+cpu,state_dict,700490,"[3, 32, 32]","[0.4914, 0.4822, 0.4465]","[0.2023, 0.1994, 0.201]",92.88,,,SGD,0.1,0.0005,,metadata\evidence\A026_training.log,,2026-09-07T05:00:29Z,verified,CIFAR-10,"[""airplane"", ""automobile"", ""bird"", ""cat"", ""deer"", ""dog"", ""frog"", ""horse"", ""ship"", ""truck""]",786c16252c0fc58ee9adac063f8337cc4a7a497a,mobilenetv2,,"{""adapter"": ""vendored"", ""module"": ""chen.mobilenetv2"", ""factory"": ""cifar10_mobilenetv2_x0_5""}","{""kind"": ""direct""}",metadata\evidence\A026_training.log,Published training log identifies architecture-specific from-scratch training (model pretrained=False).,2986233,132fe1e0f6386bda8fee43c2c733dbffdb040ddef251707d38056ef9a2e958e5,91.796875,"{""model_id"": ""A026"", ""passed"": true, ""samples"": 256, ""correct"": 235, ""accuracy_percent"": 91.796875, ""full_test_set"": false, ""subset_seed"": 20260907, ""indices_sha256"": ""072da18cce220a907a9a5eca3c800500e2f6d972c4903c62f6903308ebdecf30"", ""preprocessing"": ""native"", ""device"": ""cpu"", ""torch_version"": ""2.14.0+cpu"", ""seconds"": 0.787, ""date"": ""2026-09-07T05:04:39Z""}",wrapper,"{""torch"": ""2.14.0+cpu"", ""torchvision"": ""0.29.0+cpu""}",,,,700490,0,"[0.0, 1.0]",RGB,NCHW,logits,10,https://cdn.jsdelivr.net/gh/chenyaofo/pytorch-cifar-models@logs/logs/cifar10/mobilenetv2_x0_5/default.log,1.8.1,ca14ced9,,,,
A027,A,original_027,,mobilenetv2_x1_0,MobileNetV2,chenyaofo:mobilenetv2_x1_0,chenyaofo,https://github.com/chenyaofo/pytorch-cifar-models,https://github.com/chenyaofo/pytorch-cifar-models,https://github.com/chenyaofo/pytorch-cifar-models/releases/download/mobilenetv2/cifar10_mobilenetv2_x1_0-fe6a5b48.pt,cifar10_mobilenetv2_x1_0-fe6a5b48.pt,checkpoints/A/A027_cifar10_mobilenetv2_x1_0-fe6a5b48.pt,fe6a5b4808c9b1b7a440c02fa19a10dc3d8ea5c63e38381b2f60b1937958735e,0d74532ee56ce3ea631af9fccfbbad9033e9782558b0aa1de1529948ec0a47f5,PyTorch,2.14.0+cpu,state_dict,2236682,"[3, 32, 32]","[0.4914, 0.4822, 0.4465]","[0.2023, 0.1994, 0.201]",93.79,94.05,,SGD,0.1,0.0005,,metadata\evidence\A027_training.log,,2026-09-07T05:00:30Z,verified,CIFAR-10,"[""airplane"", ""automobile"", ""bird"", ""cat"", ""deer"", ""dog"", ""frog"", ""horse"", ""ship"", ""truck""]",786c16252c0fc58ee9adac063f8337cc4a7a497a,mobilenetv2,,"{""adapter"": ""vendored"", ""module"": ""chen.mobilenetv2"", ""factory"": ""cifar10_mobilenetv2_x1_0""}","{""kind"": ""direct""}",metadata\evidence\A027_training.log,Published training log identifies architecture-specific from-scratch training (model pretrained=False).,9193273,8214b106e502869af0a14839fcd6dff2db7b373e3d87a3a4cd1b6c3ee1a0bd30,93.359375,"{""model_id"": ""A027"", ""passed"": true, ""samples"": 256, ""correct"": 239, ""accuracy_percent"": 93.359375, ""full_test_set"": false, ""subset_seed"": 20260907, ""indices_sha256"": ""072da18cce220a907a9a5eca3c800500e2f6d972c4903c62f6903308ebdecf30"", ""preprocessing"": ""native"", ""device"": ""cpu"", ""torch_version"": ""2.14.0+cpu"", ""seconds"": 1.45, ""date"": ""2026-09-07T05:04:40Z""}",wrapper,"{""torch"": ""2.14.0+cpu"", ""torchvision"": ""0.29.0+cpu""}","{""model_id"": ""A027"", ""passed"": true, ""samples"": 10000, ""correct"": 9405, ""accuracy_percent"": 94.05, ""checkpoint_sha256"": ""fe6a5b4808c9b1b7a440c02fa19a10dc3d8ea5c63e38381b2f60b1937958735e"", ""full_test_set"": true, ""subset_seed"": null, ""indices_sha256"": ""7d99a727ec84a6794eb1905bb9aa18ce6bfcef7a3b7cc203a68b281fb7f46e61"", ""preprocessing"": ""native"", ""device"": ""cpu"", ""torch_version"": ""2.14.0+cpu"", ""seconds"": 48.731, ""date"": ""2026-09-07T05:11:42Z""}",0.26,,2236682,0,"[0.0, 1.0]",RGB,NCHW,logits,10,https://cdn.jsdelivr.net/gh/chenyaofo/pytorch-cifar-models@logs/logs/cifar10/mobilenetv2_x1_0/default.log,1.8.1,fe6a5b48,,,,
A028,A,original_028,,shufflenetv2_x0_5,ShuffleNetV2,chenyaofo:shufflenetv2_x0_5,chenyaofo,https://github.com/chenyaofo/pytorch-cifar-models,https://github.com/chenyaofo/pytorch-cifar-models,https://github.com/chenyaofo/pytorch-cifar-models/releases/download/shufflenetv2/cifar10_shufflenetv2_x0_5-1308b4e9.pt,cifar10_shufflenetv2_x0_5-1308b4e9.pt,checkpoints/A/A028_cifar10_shufflenetv2_x0_5-1308b4e9.pt,1308b4e9c4f88656a3b09775c273fc5ffe8fca9c84044123cf3d138c8dec10bd,e9a42bbbc4756685c2b84e82663d9f757caca6eae9bde69244329a17680e6308,PyTorch,2.14.0+cpu,state_dict,352042,"[3, 32, 32]","[0.4914, 0.4822, 0.4465]","[0.2023, 0.1994, 0.201]",90.13,,,SGD,0.1,0.0005,,metadata\evidence\A028_training.log,,2026-09-07T05:00:31Z,verified,CIFAR-10,"[""airplane"", ""automobile"", ""bird"", ""cat"", ""deer"", ""dog"", ""frog"", ""horse"", ""ship"", ""truck""]",786c16252c0fc58ee9adac063f8337cc4a7a497a,shufflenetv2,,"{""adapter"": ""vendored"", ""module"": ""chen.shufflenetv2"", ""factory"": ""cifar10_shufflenetv2_x0_5""}","{""kind"": ""direct""}",metadata\evidence\A028_training.log,Published training log identifies architecture-specific from-scratch training (model pretrained=False).,1554833,9a570739792e0d65c3fdabdcbe7eb6491164d15d29e1c8c418cc1a1ce1b7ff77,91.796875,"{""model_id"": ""A028"", ""passed"": true, ""samples"": 256, ""correct"": 235, ""accuracy_percent"": 91.796875, ""full_test_set"": false, ""subset_seed"": 20260907, ""indices_sha256"": ""072da18cce220a907a9a5eca3c800500e2f6d972c4903c62f6903308ebdecf30"", ""preprocessing"": ""native"", ""device"": ""cpu"", ""torch_version"": ""2.14.0+cpu"", ""seconds"": 0.475, ""date"": ""2026-09-07T05:04:41Z""}",wrapper,"{""torch"": ""2.14.0+cpu"", ""torchvision"": ""0.29.0+cpu""}",,,,352042,0,"[0.0, 1.0]",RGB,NCHW,logits,10,https://cdn.jsdelivr.net/gh/chenyaofo/pytorch-cifar-models@logs/logs/cifar10/shufflenetv2_x0_5/default.log,1.8.1,1308b4e9,,,,
A029,A,original_029,,shufflenetv2_x1_0,ShuffleNetV2,chenyaofo:shufflenetv2_x1_0,chenyaofo,https://github.com/chenyaofo/pytorch-cifar-models,https://github.com/chenyaofo/pytorch-cifar-models,https://github.com/chenyaofo/pytorch-cifar-models/releases/download/shufflenetv2/cifar10_shufflenetv2_x1_0-98807be3.pt,cifar10_shufflenetv2_x1_0-98807be3.pt,checkpoints/A/A029_cifar10_shufflenetv2_x1_0-98807be3.pt,98807be3dc892c61e7be9930e1bd2fbf801e58a21e0ec17efc79a24ff5047285,04055822554ea9c9da0d51bc6db00b5007a9a2f47748907fe0b89ceaf6d155d6,PyTorch,2.14.0+cpu,state_dict,1263854,"[3, 32, 32]","[0.4914, 0.4822, 0.4465]","[0.2023, 0.1994, 0.201]",92.98,93.3,,SGD,0.1,0.0005,,metadata\evidence\A029_training.log,,2026-09-07T05:00:31Z,verified,CIFAR-10,"[""airplane"", ""automobile"", ""bird"", ""cat"", ""deer"", ""dog"", ""frog"", ""horse"", ""ship"", ""truck""]",786c16252c0fc58ee9adac063f8337cc4a7a497a,shufflenetv2,,"{""adapter"": ""vendored"", ""module"": ""chen.shufflenetv2"", ""factory"": ""cifar10_shufflenetv2_x1_0""}","{""kind"": ""direct""}",metadata\evidence\A029_training.log,Published training log identifies architecture-specific from-scratch training (model pretrained=False).,5230673,f25025c294ff2c8f225e8f7088c231f8df0a506698eecf1580b7433fc595fd34,91.40625,"{""model_id"": ""A029"", ""passed"": true, ""samples"": 256, ""correct"": 234, ""accuracy_percent"": 91.40625, ""full_test_set"": false, ""subset_seed"": 20260907, ""indices_sha256"": ""072da18cce220a907a9a5eca3c800500e2f6d972c4903c62f6903308ebdecf30"", ""preprocessing"": ""native"", ""device"": ""cpu"", ""torch_version"": ""2.14.0+cpu"", ""seconds"": 0.721, ""date"": ""2026-09-07T05:04:42Z""}",wrapper,"{""torch"": ""2.14.0+cpu"", ""torchvision"": ""0.29.0+cpu""}","{""model_id"": ""A029"", ""passed"": true, ""samples"": 10000, ""correct"": 9330, ""accuracy_percent"": 93.3, ""checkpoint_sha256"": ""98807be3dc892c61e7be9930e1bd2fbf801e58a21e0ec17efc79a24ff5047285"", ""full_test_set"": true, ""subset_seed"": null, ""indices_sha256"": ""7d99a727ec84a6794eb1905bb9aa18ce6bfcef7a3b7cc203a68b281fb7f46e61"", ""preprocessing"": ""native"", ""device"": ""cpu"", ""torch_version"": ""2.14.0+cpu"", ""seconds"": 18.88, ""date"": ""2026-09-07T05:28:00Z""}",0.32,,1263854,0,"[0.0, 1.0]",RGB,NCHW,logits,10,https://cdn.jsdelivr.net/gh/chenyaofo/pytorch-cifar-models@logs/logs/cifar10/shufflenetv2_x1_0/default.log,1.8.1,98807be3,,,,
A030,A,original_030,,repvgg_a0,RepVGG,chenyaofo:repvgg_a0,chenyaofo,https://github.com/chenyaofo/pytorch-cifar-models,https://github.com/chenyaofo/pytorch-cifar-models,https://github.com/chenyaofo/pytorch-cifar-models/releases/download/repvgg/cifar10_repvgg_a0-ef08a50e.pt,cifar10_repvgg_a0-ef08a50e.pt,checkpoints/A/A030_cifar10_repvgg_a0-ef08a50e.pt,ef08a50eb8d792f2e493229d350c2ef301a5dff4f7630793aa4ed0bb48ad6621,2ed283dbb8f65606f95689a8ba4c3f2de606126783d429ff60a516d16fe0cae2,PyTorch,2.14.0+cpu,state_dict,7840874,"[3, 32, 32]","[0.4914, 0.4822, 0.4465]","[0.2023, 0.1994, 0.201]",94.39,,,SGD,0.1,0.0005,,metadata\evidence\A030_training.log,,2026-09-07T05:00:33Z,verified,CIFAR-10,"[""airplane"", ""automobile"", ""bird"", ""cat"", ""deer"", ""dog"", ""frog"", ""horse"", ""ship"", ""truck""]",786c16252c0fc58ee9adac063f8337cc4a7a497a,repvgg,,"{""adapter"": ""vendored"", ""module"": ""chen.repvgg"", ""factory"": ""cifar10_repvgg_a0""}","{""kind"": ""direct""}",metadata\evidence\A030_training.log,Published training log identifies architecture-specific from-scratch training (model pretrained=False).,31582451,202fb544fa9983a094ef0bd3b6af7aad63b02a7a090f9fa668e9bd34352f99c3,91.40625,"{""model_id"": ""A030"", ""passed"": true, ""samples"": 256, ""correct"": 234, ""accuracy_percent"": 91.40625, ""full_test_set"": false, ""subset_seed"": 20260907, ""indices_sha256"": ""072da18cce220a907a9a5eca3c800500e2f6d972c4903c62f6903308ebdecf30"", ""preprocessing"": ""native"", ""device"": ""cpu"", ""torch_version"": ""2.14.0+cpu"", ""seconds"": 2.575, ""date"": ""2026-09-07T05:04:45Z""}",wrapper,"{""torch"": ""2.14.0+cpu"", ""torchvision"": ""0.29.0+cpu""}",,,,7840874,0,"[0.0, 1.0]",RGB,NCHW,logits,10,https://cdn.jsdelivr.net/gh/chenyaofo/pytorch-cifar-models@logs/logs/cifar10/repvgg_a0/default.log,1.8.1,ef08a50e,,,,
B001,B,original_031,,ResNet18-CIFAR-3x3-no-maxpool,ResNet,modelzoos:ResNet18-CIFAR-3x3-no-maxpool,modelzoos,https://github.com/ModelZoos/ModelZooDataset,https://zenodo.org/records/13144018,https://zenodo.org/api/records/13144018/files/cifar10_resnet18_sample_ep21-25.zip/content,cifar10_resnet18_sample_ep21-25/NN_tune_trainable_0ecbc_00005_5_seed=6_2022-08-04_16-16-22/checkpoint_000025/checkpoints,checkpoints/B/B001_resnet18_seed6_iteration25.pt,eb7bf6123aeae8074541b09a669033b3ec2e20deb2439a3ad5ee760e90dc9003,cb04253c278ccdd2310f1b605c6aa65e8e7bd898a419cfe55e7d6a9065417321,PyTorch,2.14.0+cpu,state_dict,11173962,"[3, 32, 32]","[0.4913725490196078, 0.4823529411764706, 0.4466666666666667]","[0.24705882352941178, 0.24352941176470588, 0.2615686274509804]",87.36,87.36,6,sgd,0.05,0.0005,"[""RandomCrop(32,padding=4)"", ""RandomHorizontalFlip""]","{""cuda"": true, ""dataset::dump"": ""/netscratch2/kschuerholt/code/versai/model_zoos/zoos/CIFAR10/resnet19/kaiming_uniform/tune_zoo_cifar10_resnet18_kaiming_uniform/dataset.pt"", ""model::channels_in"": 3, ""model::dropout"": 0.0, ""model::init_type"": ""kaiming_uniform"", ""model::nlin"": ""relu"", ""model::o_dim"": 10, ""model::type"": ""Resnet18"", ""model::use_bias"": false, ""optim::lr"": 0.05, ""optim::momentum"": 0.9, ""optim::optimizer"": ""sgd"", ""optim::scheduler"": ""OneCycleLR"", ""optim::wd"": 0.0005, ""seed"": 6, ""testloader::workers"": 3, ""training::batchsize"": 256, ""training::checkpoint_dir"": null, ""training::dataloader"": ""normal"", ""training::epochs_train"": 50, ""training::idx_out"": 500, ""training::loss"": ""nll"", ""training::output_epoch"": 1, ""training::start_epoch"": 1, ""training::val_epochs"": 1, ""wandb"": {""api_key_file"": ""/netscratch2/kschuerholt/wandb/wandb.key"", ""log_config"": false, ""project"": ""CIFAR10 Resnet18 kaiming-uniform""}}",Published intermediate trained checkpoint at Ray training_iteration=25; NOT final iteration 50. Exactly one checkpoint per independent run. Train/validation split 40000/10000 with split seed 42.,2026-09-07T05:06:53Z,verified,CIFAR-10,"[""airplane"", ""automobile"", ""bird"", ""cat"", ""deer"", ""dog"", ""frog"", ""horse"", ""ship"", ""truck""]",efccaf3fc2e15dc55788f132d2341861be13312e,,,"{""adapter"": ""modelzoos_resnet18""}","{""kind"": ""remote_zip"", ""archive_size"": 5144551497, ""member"": ""cifar10_resnet18_sample_ep21-25/NN_tune_trainable_0ecbc_00005_5_seed=6_2022-08-04_16-16-22/checkpoint_000025/checkpoints"", ""member_index"": {""name"": ""cifar10_resnet18_sample_ep21-25/NN_tune_trainable_0ecbc_00005_5_seed=6_2022-08-04_16-16-22/checkpoint_000025/checkpoints"", ""size"": 44773837, ""compressed"": 41168778, ""offset"": 3333641776}}",metadata/evidence/zoo_generator.txt,"metadata/evidence/B001/params.json; unique seed + Ray trial_id; generator grid_search seeds=1..1000, reuse_actors=False, resume=False, checkpoint_dir=None",44773837,e1d81ae37c54c504280bf5fc74856f4bac3da7b37c351d48cd02fef5a591a79f,87.109375,"{""model_id"": ""B001"", ""passed"": true, ""samples"": 256, ""correct"": 223, ""accuracy_percent"": 87.109375, ""checkpoint_sha256"": ""eb7bf6123aeae8074541b09a669033b3ec2e20deb2439a3ad5ee760e90dc9003"", ""full_test_set"": false, ""subset_seed"": 20260907, ""indices_sha256"": ""072da18cce220a907a9a5eca3c800500e2f6d972c4903c62f6903308ebdecf30"", ""preprocessing"": ""native"", ""device"": ""cpu"", ""torch_version"": ""2.14.0+cpu"", ""seconds"": 3.283, ""date"": ""2026-09-07T05:17:01Z""}",wrapper,"{""torch"": ""2.14.0+cpu"", ""torchvision"": ""0.29.0+cpu""}","{""model_id"": ""B001"", ""passed"": true, ""samples"": 10000, ""correct"": 8736, ""accuracy_percent"": 87.36, ""checkpoint_sha256"": ""eb7bf6123aeae8074541b09a669033b3ec2e20deb2439a3ad5ee760e90dc9003"", ""full_test_set"": true, ""subset_seed"": null, ""indices_sha256"": ""7d99a727ec84a6794eb1905bb9aa18ce6bfcef7a3b7cc203a68b281fb7f46e61"", ""preprocessing"": ""native"", ""device"": ""cpu"", ""torch_version"": ""2.14.0+cpu"", ""seconds"": 102.734, ""date"": ""2026-09-07T05:13:25Z""}",0.0,,11173962,0,"[0.0, 1.0]",RGB,NCHW,logits,10,,,,NN_tune_trainable_0ecbc_00005_5_seed=6_2022-08-04_16-16-22,25,25,
B002,B,original_032,,ResNet18-CIFAR-3x3-no-maxpool,ResNet,modelzoos:ResNet18-CIFAR-3x3-no-maxpool,modelzoos,https://github.com/ModelZoos/ModelZooDataset,https://zenodo.org/records/13144018,https://zenodo.org/api/records/13144018/files/cifar10_resnet18_sample_ep21-25.zip/content,cifar10_resnet18_sample_ep21-25/NN_tune_trainable_0ecbc_00091_91_seed=92_2022-08-04_23-24-50/checkpoint_000025/checkpoints,checkpoints/B/B002_resnet18_seed92_iteration25.pt,269110c8f726c4f497372976092f9e532fc22f30774b4ba656e96b12b0e7f633,e569aa83ddef59cc2c3e39207548eaa8d260000ef45dbd0ea69b21e467abe738,PyTorch,2.14.0+cpu,state_dict,11173962,"[3, 32, 32]","[0.4913725490196078, 0.4823529411764706, 0.4466666666666667]","[0.24705882352941178, 0.24352941176470588, 0.2615686274509804]",86.42999999999999,,92,sgd,0.05,0.0005,"[""RandomCrop(32,padding=4)"", ""RandomHorizontalFlip""]","{""cuda"": true, ""dataset::dump"": ""/netscratch2/kschuerholt/code/versai/model_zoos/zoos/CIFAR10/resnet19/kaiming_uniform/tune_zoo_cifar10_resnet18_kaiming_uniform/dataset.pt"", ""model::channels_in"": 3, ""model::dropout"": 0.0, ""model::init_type"": ""kaiming_uniform"", ""model::nlin"": ""relu"", ""model::o_dim"": 10, ""model::type"": ""Resnet18"", ""model::use_bias"": false, ""optim::lr"": 0.05, ""optim::momentum"": 0.9, ""optim::optimizer"": ""sgd"", ""optim::scheduler"": ""OneCycleLR"", ""optim::wd"": 0.0005, ""seed"": 92, ""testloader::workers"": 3, ""training::batchsize"": 256, ""training::checkpoint_dir"": null, ""training::dataloader"": ""normal"", ""training::epochs_train"": 50, ""training::idx_out"": 500, ""training::loss"": ""nll"", ""training::output_epoch"": 1, ""training::start_epoch"": 1, ""training::val_epochs"": 1, ""wandb"": {""api_key_file"": ""/netscratch2/kschuerholt/wandb/wandb.key"", ""log_config"": false, ""project"": ""CIFAR10 Resnet18 kaiming-uniform""}}",Published intermediate trained checkpoint at Ray training_iteration=25; NOT final iteration 50. Exactly one checkpoint per independent run. Train/validation split 40000/10000 with split seed 42.,2026-09-07T05:07:42Z,verified,CIFAR-10,"[""airplane"", ""automobile"", ""bird"", ""cat"", ""deer"", ""dog"", ""frog"", ""horse"", ""ship"", ""truck""]",efccaf3fc2e15dc55788f132d2341861be13312e,,,"{""adapter"": ""modelzoos_resnet18""}","{""kind"": ""remote_zip"", ""archive_size"": 5144551497, ""member"": ""cifar10_resnet18_sample_ep21-25/NN_tune_trainable_0ecbc_00091_91_seed=92_2022-08-04_23-24-50/checkpoint_000025/checkpoints"", ""member_index"": {""name"": ""cifar10_resnet18_sample_ep21-25/NN_tune_trainable_0ecbc_00091_91_seed=92_2022-08-04_23-24-50/checkpoint_000025/checkpoints"", ""size"": 44773837, ""compressed"": 41171723, ""offset"": 946581696}}",metadata/evidence/zoo_generator.txt,"metadata/evidence/B002/params.json; unique seed + Ray trial_id; generator grid_search seeds=1..1000, reuse_actors=False, resume=False, checkpoint_dir=None",44773837,f3cb27e0372a15d41eacb822b5e7bf23510ca67e9b2595e4dd029950025db93c,84.375,"{""model_id"": ""B002"", ""passed"": true, ""samples"": 256, ""correct"": 216, ""accuracy_percent"": 84.375, ""checkpoint_sha256"": ""269110c8f726c4f497372976092f9e532fc22f30774b4ba656e96b12b0e7f633"", ""full_test_set"": false, ""subset_seed"": 20260907, ""indices_sha256"": ""072da18cce220a907a9a5eca3c800500e2f6d972c4903c62f6903308ebdecf30"", ""preprocessing"": ""native"", ""device"": ""cpu"", ""torch_version"": ""2.14.0+cpu"", ""seconds"": 3.386, ""date"": ""2026-09-07T05:17:04Z""}",wrapper,"{""torch"": ""2.14.0+cpu"", ""torchvision"": ""0.29.0+cpu""}",,,,11173962,0,"[0.0, 1.0]",RGB,NCHW,logits,10,,,,NN_tune_trainable_0ecbc_00091_91_seed=92_2022-08-04_23-24-50,25,25,
B003,B,original_033,,ResNet18-CIFAR-3x3-no-maxpool,ResNet,modelzoos:ResNet18-CIFAR-3x3-no-maxpool,modelzoos,https://github.com/ModelZoos/ModelZooDataset,https://zenodo.org/records/13144018,https://zenodo.org/api/records/13144018/files/cifar10_resnet18_sample_ep21-25.zip/content,cifar10_resnet18_sample_ep21-25/NN_tune_trainable_0ecbc_00094_94_seed=95_2022-08-04_23-44-13/checkpoint_000025/checkpoints,checkpoints/B/B003_resnet18_seed95_iteration25.pt,e77c5a8cd7fba800687318c790cb4cfcd4531a5a39ba56c5faf8382505fac5ad,d8e54b77946ce493b57eabb1fe69f158cae0e69931ad3c99de7b5e7a949b425c,PyTorch,2.14.0+cpu,state_dict,11173962,"[3, 32, 32]","[0.4913725490196078, 0.4823529411764706, 0.4466666666666667]","[0.24705882352941178, 0.24352941176470588, 0.2615686274509804]",85.09,,95,sgd,0.05,0.0005,"[""RandomCrop(32,padding=4)"", ""RandomHorizontalFlip""]","{""cuda"": true, ""dataset::dump"": ""/netscratch2/kschuerholt/code/versai/model_zoos/zoos/CIFAR10/resnet19/kaiming_uniform/tune_zoo_cifar10_resnet18_kaiming_uniform/dataset.pt"", ""model::channels_in"": 3, ""model::dropout"": 0.0, ""model::init_type"": ""kaiming_uniform"", ""model::nlin"": ""relu"", ""model::o_dim"": 10, ""model::type"": ""Resnet18"", ""model::use_bias"": false, ""optim::lr"": 0.05, ""optim::momentum"": 0.9, ""optim::optimizer"": ""sgd"", ""optim::scheduler"": ""OneCycleLR"", ""optim::wd"": 0.0005, ""seed"": 95, ""testloader::workers"": 3, ""training::batchsize"": 256, ""training::checkpoint_dir"": null, ""training::dataloader"": ""normal"", ""training::epochs_train"": 50, ""training::idx_out"": 500, ""training::loss"": ""nll"", ""training::output_epoch"": 1, ""training::start_epoch"": 1, ""training::val_epochs"": 1, ""wandb"": {""api_key_file"": ""/netscratch2/kschuerholt/wandb/wandb.key"", ""log_config"": false, ""project"": ""CIFAR10 Resnet18 kaiming-uniform""}}",Published intermediate trained checkpoint at Ray training_iteration=25; NOT final iteration 50. Exactly one checkpoint per independent run. Train/validation split 40000/10000 with split seed 42.,2026-09-07T05:08:51Z,verified,CIFAR-10,"[""airplane"", ""automobile"", ""bird"", ""cat"", ""deer"", ""dog"", ""frog"", ""horse"", ""ship"", ""truck""]",efccaf3fc2e15dc55788f132d2341861be13312e,,,"{""adapter"": ""modelzoos_resnet18""}","{""kind"": ""remote_zip"", ""archive_size"": 5144551497, ""member"": ""cifar10_resnet18_sample_ep21-25/NN_tune_trainable_0ecbc_00094_94_seed=95_2022-08-04_23-44-13/checkpoint_000025/checkpoints"", ""member_index"": {""name"": ""cifar10_resnet18_sample_ep21-25/NN_tune_trainable_0ecbc_00094_94_seed=95_2022-08-04_23-44-13/checkpoint_000025/checkpoints"", ""size"": 44773837, ""compressed"": 41171818, ""offset"": 452688761}}",metadata/evidence/zoo_generator.txt,"metadata/evidence/B003/params.json; unique seed + Ray trial_id; generator grid_search seeds=1..1000, reuse_actors=False, resume=False, checkpoint_dir=None",44773837,f26527754bfcbe4f118ff0f121a0a946c11dfeaa5fe39ba1c275a95457e54913,82.03125,"{""model_id"": ""B003"", ""passed"": true, ""samples"": 256, ""correct"": 210, ""accuracy_percent"": 82.03125, ""checkpoint_sha256"": ""e77c5a8cd7fba800687318c790cb4cfcd4531a5a39ba56c5faf8382505fac5ad"", ""full_test_set"": false, ""subset_seed"": 20260907, ""indices_sha256"": ""072da18cce220a907a9a5eca3c800500e2f6d972c4903c62f6903308ebdecf30"", ""preprocessing"": ""native"", ""device"": ""cpu"", ""torch_version"": ""2.14.0+cpu"", ""seconds"": 3.17, ""date"": ""2026-09-07T05:17:07Z""}",wrapper,"{""torch"": ""2.14.0+cpu"", ""torchvision"": ""0.29.0+cpu""}",,,,11173962,0,"[0.0, 1.0]",RGB,NCHW,logits,10,,,,NN_tune_trainable_0ecbc_00094_94_seed=95_2022-08-04_23-44-13,25,25,
B004,B,original_034,,ResNet18-CIFAR-3x3-no-maxpool,ResNet,modelzoos:ResNet18-CIFAR-3x3-no-maxpool,modelzoos,https://github.com/ModelZoos/ModelZooDataset,https://zenodo.org/records/13144018,https://zenodo.org/api/records/13144018/files/cifar10_resnet18_sample_ep21-25.zip/content,cifar10_resnet18_sample_ep21-25/NN_tune_trainable_0ecbc_00106_106_seed=107_2022-08-05_00-43-16/checkpoint_000025/checkpoints,checkpoints/B/B004_resnet18_seed107_iteration25.pt,548304492edf9749c08fc3b02ce9bd7ccea53391eade0db3d8ccf41761a7cd41,ef1319becc15f2b95cd21164469891304195bd70e4d20472b97173ab6fcc478f,PyTorch,2.14.0+cpu,state_dict,11173962,"[3, 32, 32]","[0.4913725490196078, 0.4823529411764706, 0.4466666666666667]","[0.24705882352941178, 0.24352941176470588, 0.2615686274509804]",86.64,,107,sgd,0.05,0.0005,"[""RandomCrop(32,padding=4)"", ""RandomHorizontalFlip""]","{""cuda"": true, ""dataset::dump"": ""/netscratch2/kschuerholt/code/versai/model_zoos/zoos/CIFAR10/resnet19/kaiming_uniform/tune_zoo_cifar10_resnet18_kaiming_uniform/dataset.pt"", ""model::channels_in"": 3, ""model::dropout"": 0.0, ""model::init_type"": ""kaiming_uniform"", ""model::nlin"": ""relu"", ""model::o_dim"": 10, ""model::type"": ""Resnet18"", ""model::use_bias"": false, ""optim::lr"": 0.05, ""optim::momentum"": 0.9, ""optim::optimizer"": ""sgd"", ""optim::scheduler"": ""OneCycleLR"", ""optim::wd"": 0.0005, ""seed"": 107, ""testloader::workers"": 3, ""training::batchsize"": 256, ""training::checkpoint_dir"": null, ""training::dataloader"": ""normal"", ""training::epochs_train"": 50, ""training::idx_out"": 500, ""training::loss"": ""nll"", ""training::output_epoch"": 1, ""training::start_epoch"": 1, ""training::val_epochs"": 1, ""wandb"": {""api_key_file"": ""/netscratch2/kschuerholt/wandb/wandb.key"", ""log_config"": false, ""project"": ""CIFAR10 Resnet18 kaiming-uniform""}}",Published intermediate trained checkpoint at Ray training_iteration=25; NOT final iteration 50. Exactly one checkpoint per independent run. Train/validation split 40000/10000 with split seed 42.,2026-09-07T05:11:03Z,verified,CIFAR-10,"[""airplane"", ""automobile"", ""bird"", ""cat"", ""deer"", ""dog"", ""frog"", ""horse"", ""ship"", ""truck""]",efccaf3fc2e15dc55788f132d2341861be13312e,,,"{""adapter"": ""modelzoos_resnet18""}","{""kind"": ""remote_zip"", ""archive_size"": 5144551497, ""member"": ""cifar10_resnet18_sample_ep21-25/NN_tune_trainable_0ecbc_00106_106_seed=107_2022-08-05_00-43-16/checkpoint_000025/checkpoints"", ""member_index"": {""name"": ""cifar10_resnet18_sample_ep21-25/NN_tune_trainable_0ecbc_00106_106_seed=107_2022-08-05_00-43-16/checkpoint_000025/checkpoints"", ""size"": 44773837, ""compressed"": 41172189, ""offset"": 1481587588}}",metadata/evidence/zoo_generator.txt,"metadata/evidence/B004/params.json; unique seed + Ray trial_id; generator grid_search seeds=1..1000, reuse_actors=False, resume=False, checkpoint_dir=None",44773837,4395174a62d1d0014abf9c9da3bfca7cd1885cf4c9236a1285e93d0ccfda6287,87.109375,"{""model_id"": ""B004"", ""passed"": true, ""samples"": 256, ""correct"": 223, ""accuracy_percent"": 87.109375, ""checkpoint_sha256"": ""548304492edf9749c08fc3b02ce9bd7ccea53391eade0db3d8ccf41761a7cd41"", ""full_test_set"": false, ""subset_seed"": 20260907, ""indices_sha256"": ""072da18cce220a907a9a5eca3c800500e2f6d972c4903c62f6903308ebdecf30"", ""preprocessing"": ""native"", ""device"": ""cpu"", ""torch_version"": ""2.14.0+cpu"", ""seconds"": 3.271, ""date"": ""2026-09-07T05:17:11Z""}",wrapper,"{""torch"": ""2.14.0+cpu"", ""torchvision"": ""0.29.0+cpu""}",,,,11173962,0,"[0.0, 1.0]",RGB,NCHW,logits,10,,,,NN_tune_trainable_0ecbc_00106_106_seed=107_2022-08-05_00-43-16,25,25,
B005,B,original_035,,ResNet18-CIFAR-3x3-no-maxpool,ResNet,modelzoos:ResNet18-CIFAR-3x3-no-maxpool,modelzoos,https://github.com/ModelZoos/ModelZooDataset,https://zenodo.org/records/13144018,https://zenodo.org/api/records/13144018/files/cifar10_resnet18_sample_ep21-25.zip/content,cifar10_resnet18_sample_ep21-25/NN_tune_trainable_0ecbc_00158_158_seed=159_2022-08-05_05-16-54/checkpoint_000025/checkpoints,checkpoints/B/B005_resnet18_seed159_iteration25.pt,8cf682ad2936989616fe7a5bde2107b9717ee5f144d36bd51c52b533d0b5ead1,f22679f19c770ba58aca98dfdfbb0b178f9e1c582b1bae885c1a3408db5e3f3b,PyTorch,2.14.0+cpu,state_dict,11173962,"[3, 32, 32]","[0.4913725490196078, 0.4823529411764706, 0.4466666666666667]","[0.24705882352941178, 0.24352941176470588, 0.2615686274509804]",84.93,,159,sgd,0.05,0.0005,"[""RandomCrop(32,padding=4)"", ""RandomHorizontalFlip""]","{""cuda"": true, ""dataset::dump"": ""/netscratch2/kschuerholt/code/versai/model_zoos/zoos/CIFAR10/resnet19/kaiming_uniform/tune_zoo_cifar10_resnet18_kaiming_uniform/dataset.pt"", ""model::channels_in"": 3, ""model::dropout"": 0.0, ""model::init_type"": ""kaiming_uniform"", ""model::nlin"": ""relu"", ""model::o_dim"": 10, ""model::type"": ""Resnet18"", ""model::use_bias"": false, ""optim::lr"": 0.05, ""optim::momentum"": 0.9, ""optim::optimizer"": ""sgd"", ""optim::scheduler"": ""OneCycleLR"", ""optim::wd"": 0.0005, ""seed"": 159, ""testloader::workers"": 3, ""training::batchsize"": 256, ""training::checkpoint_dir"": null, ""training::dataloader"": ""normal"", ""training::epochs_train"": 50, ""training::idx_out"": 500, ""training::loss"": ""nll"", ""training::output_epoch"": 1, ""training::start_epoch"": 1, ""training::val_epochs"": 1, ""wandb"": {""api_key_file"": ""/netscratch2/kschuerholt/wandb/wandb.key"", ""log_config"": false, ""project"": ""CIFAR10 Resnet18 kaiming-uniform""}}",Published intermediate trained checkpoint at Ray training_iteration=25; NOT final iteration 50. Exactly one checkpoint per independent run. Train/validation split 40000/10000 with split seed 42.,2026-09-07T05:10:41Z,verified,CIFAR-10,"[""airplane"", ""automobile"", ""bird"", ""cat"", ""deer"", ""dog"", ""frog"", ""horse"", ""ship"", ""truck""]",efccaf3fc2e15dc55788f132d2341861be13312e,,,"{""adapter"": ""modelzoos_resnet18""}","{""kind"": ""remote_zip"", ""archive_size"": 5144551497, ""member"": ""cifar10_resnet18_sample_ep21-25/NN_tune_trainable_0ecbc_00158_158_seed=159_2022-08-05_05-16-54/checkpoint_000025/checkpoints"", ""member_index"": {""name"": ""cifar10_resnet18_sample_ep21-25/NN_tune_trainable_0ecbc_00158_158_seed=159_2022-08-05_05-16-54/checkpoint_000025/checkpoints"", ""size"": 44773837, ""compressed"": 41173582, ""offset"": 3004388701}}",metadata/evidence/zoo_generator.txt,"metadata/evidence/B005/params.json; unique seed + Ray trial_id; generator grid_search seeds=1..1000, reuse_actors=False, resume=False, checkpoint_dir=None",44773837,67d0b0861c73a053d5214e37f830339c589f9842368d16ad02d51b6bc22ac07e,85.15625,"{""model_id"": ""B005"", ""passed"": true, ""samples"": 256, ""correct"": 218, ""accuracy_percent"": 85.15625, ""checkpoint_sha256"": ""8cf682ad2936989616fe7a5bde2107b9717ee5f144d36bd51c52b533d0b5ead1"", ""full_test_set"": false, ""subset_seed"": 20260907, ""indices_sha256"": ""072da18cce220a907a9a5eca3c800500e2f6d972c4903c62f6903308ebdecf30"", ""preprocessing"": ""native"", ""device"": ""cpu"", ""torch_version"": ""2.14.0+cpu"", ""seconds"": 3.337, ""date"": ""2026-09-07T05:17:14Z""}",wrapper,"{""torch"": ""2.14.0+cpu"", ""torchvision"": ""0.29.0+cpu""}",,,,11173962,0,"[0.0, 1.0]",RGB,NCHW,logits,10,,,,NN_tune_trainable_0ecbc_00158_158_seed=159_2022-08-05_05-16-54,25,25,
B006,B,original_036,,ResNet18-CIFAR-3x3-no-maxpool,ResNet,modelzoos:ResNet18-CIFAR-3x3-no-maxpool,modelzoos,https://github.com/ModelZoos/ModelZooDataset,https://zenodo.org/records/13144018,https://zenodo.org/api/records/13144018/files/cifar10_resnet18_sample_ep21-25.zip/content,cifar10_resnet18_sample_ep21-25/NN_tune_trainable_0ecbc_00184_184_seed=185_2022-08-05_07-41-15/checkpoint_000025/checkpoints,checkpoints/B/B006_resnet18_seed185_iteration25.pt,2f9988b0d7003dcf929c82f4538cd2001b2f61b2fb3a6a50f74d01f94f6af713,ffe91d3f892774749ca095be3aa45ae57368b09a00cfd5d9457eea50e1f73cbf,PyTorch,2.14.0+cpu,state_dict,11173962,"[3, 32, 32]","[0.4913725490196078, 0.4823529411764706, 0.4466666666666667]","[0.24705882352941178, 0.24352941176470588, 0.2615686274509804]",84.28999999999999,,185,sgd,0.05,0.0005,"[""RandomCrop(32,padding=4)"", ""RandomHorizontalFlip""]","{""cuda"": true, ""dataset::dump"": ""/netscratch2/kschuerholt/code/versai/model_zoos/zoos/CIFAR10/resnet19/kaiming_uniform/tune_zoo_cifar10_resnet18_kaiming_uniform/dataset.pt"", ""model::channels_in"": 3, ""model::dropout"": 0.0, ""model::init_type"": ""kaiming_uniform"", ""model::nlin"": ""relu"", ""model::o_dim"": 10, ""model::type"": ""Resnet18"", ""model::use_bias"": false, ""optim::lr"": 0.05, ""optim::momentum"": 0.9, ""optim::optimizer"": ""sgd"", ""optim::scheduler"": ""OneCycleLR"", ""optim::wd"": 0.0005, ""seed"": 185, ""testloader::workers"": 3, ""training::batchsize"": 256, ""training::checkpoint_dir"": null, ""training::dataloader"": ""normal"", ""training::epochs_train"": 50, ""training::idx_out"": 500, ""training::loss"": ""nll"", ""training::output_epoch"": 1, ""training::start_epoch"": 1, ""training::val_epochs"": 1, ""wandb"": {""api_key_file"": ""/netscratch2/kschuerholt/wandb/wandb.key"", ""log_config"": false, ""project"": ""CIFAR10 Resnet18 kaiming-uniform""}}",Published intermediate trained checkpoint at Ray training_iteration=25; NOT final iteration 50. Exactly one checkpoint per independent run. Train/validation split 40000/10000 with split seed 42.,2026-09-07T05:10:24Z,verified,CIFAR-10,"[""airplane"", ""automobile"", ""bird"", ""cat"", ""deer"", ""dog"", ""frog"", ""horse"", ""ship"", ""truck""]",efccaf3fc2e15dc55788f132d2341861be13312e,,,"{""adapter"": ""modelzoos_resnet18""}","{""kind"": ""remote_zip"", ""archive_size"": 5144551497, ""member"": ""cifar10_resnet18_sample_ep21-25/NN_tune_trainable_0ecbc_00184_184_seed=185_2022-08-05_07-41-15/checkpoint_000025/checkpoints"", ""member_index"": {""name"": ""cifar10_resnet18_sample_ep21-25/NN_tune_trainable_0ecbc_00184_184_seed=185_2022-08-05_07-41-15/checkpoint_000025/checkpoints"", ""size"": 44773837, ""compressed"": 41169419, ""offset"": 1399271418}}",metadata/evidence/zoo_generator.txt,"metadata/evidence/B006/params.json; unique seed + Ray trial_id; generator grid_search seeds=1..1000, reuse_actors=False, resume=False, checkpoint_dir=None",44773837,7d746227dc78803323cd34916cde00cc8a719cb7c0babc82a0999a1a9caba380,79.6875,"{""model_id"": ""B006"", ""passed"": true, ""samples"": 256, ""correct"": 204, ""accuracy_percent"": 79.6875, ""checkpoint_sha256"": ""2f9988b0d7003dcf929c82f4538cd2001b2f61b2fb3a6a50f74d01f94f6af713"", ""full_test_set"": false, ""subset_seed"": 20260907, ""indices_sha256"": ""072da18cce220a907a9a5eca3c800500e2f6d972c4903c62f6903308ebdecf30"", ""preprocessing"": ""native"", ""device"": ""cpu"", ""torch_version"": ""2.14.0+cpu"", ""seconds"": 3.232, ""date"": ""2026-09-07T05:17:18Z""}",wrapper,"{""torch"": ""2.14.0+cpu"", ""torchvision"": ""0.29.0+cpu""}",,,,11173962,0,"[0.0, 1.0]",RGB,NCHW,logits,10,,,,NN_tune_trainable_0ecbc_00184_184_seed=185_2022-08-05_07-41-15,25,25,
B007,B,original_037,,ResNet18-CIFAR-3x3-no-maxpool,ResNet,modelzoos:ResNet18-CIFAR-3x3-no-maxpool,modelzoos,https://github.com/ModelZoos/ModelZooDataset,https://zenodo.org/records/13144018,https://zenodo.org/api/records/13144018/files/cifar10_resnet18_sample_ep21-25.zip/content,cifar10_resnet18_sample_ep21-25/NN_tune_trainable_0ecbc_00319_319_seed=320_2022-08-05_19-33-58/checkpoint_000025/checkpoints,checkpoints/B/B007_resnet18_seed320_iteration25.pt,c744a3b8b83c29fcb6dd34c48dac63067f62ea1d2910626e9b8cf82109dce13e,c2f01aec4d9d82bc1d64c07f29c63260e71da6717932deb113624439a806c529,PyTorch,2.14.0+cpu,state_dict,11173962,"[3, 32, 32]","[0.4913725490196078, 0.4823529411764706, 0.4466666666666667]","[0.24705882352941178, 0.24352941176470588, 0.2615686274509804]",82.86,,320,sgd,0.05,0.0005,"[""RandomCrop(32,padding=4)"", ""RandomHorizontalFlip""]","{""cuda"": true, ""dataset::dump"": ""/netscratch2/kschuerholt/code/versai/model_zoos/zoos/CIFAR10/resnet19/kaiming_uniform/tune_zoo_cifar10_resnet18_kaiming_uniform/dataset.pt"", ""model::channels_in"": 3, ""model::dropout"": 0.0, ""model::init_type"": ""kaiming_uniform"", ""model::nlin"": ""relu"", ""model::o_dim"": 10, ""model::type"": ""Resnet18"", ""model::use_bias"": false, ""optim::lr"": 0.05, ""optim::momentum"": 0.9, ""optim::optimizer"": ""sgd"", ""optim::scheduler"": ""OneCycleLR"", ""optim::wd"": 0.0005, ""seed"": 320, ""testloader::workers"": 3, ""training::batchsize"": 256, ""training::checkpoint_dir"": null, ""training::dataloader"": ""normal"", ""training::epochs_train"": 50, ""training::idx_out"": 500, ""training::loss"": ""nll"", ""training::output_epoch"": 1, ""training::start_epoch"": 1, ""training::val_epochs"": 1, ""wandb"": {""api_key_file"": ""/netscratch2/kschuerholt/wandb/wandb.key"", ""log_config"": false, ""project"": ""CIFAR10 Resnet18 kaiming-uniform""}}",Published intermediate trained checkpoint at Ray training_iteration=25; NOT final iteration 50. Exactly one checkpoint per independent run. Train/validation split 40000/10000 with split seed 42.,2026-09-07T05:11:04Z,verified,CIFAR-10,"[""airplane"", ""automobile"", ""bird"", ""cat"", ""deer"", ""dog"", ""frog"", ""horse"", ""ship"", ""truck""]",efccaf3fc2e15dc55788f132d2341861be13312e,,,"{""adapter"": ""modelzoos_resnet18""}","{""kind"": ""remote_zip"", ""archive_size"": 5144551497, ""member"": ""cifar10_resnet18_sample_ep21-25/NN_tune_trainable_0ecbc_00319_319_seed=320_2022-08-05_19-33-58/checkpoint_000025/checkpoints"", ""member_index"": {""name"": ""cifar10_resnet18_sample_ep21-25/NN_tune_trainable_0ecbc_00319_319_seed=320_2022-08-05_19-33-58/checkpoint_000025/checkpoints"", ""size"": 44773837, ""compressed"": 41175038, ""offset"": 3127853136}}",metadata/evidence/zoo_generator.txt,"metadata/evidence/B007/params.json; unique seed + Ray trial_id; generator grid_search seeds=1..1000, reuse_actors=False, resume=False, checkpoint_dir=None",44773837,3120cfb32733c24bbac8ba721d4ca76b082ffde74323698257716725fd7e2f94,82.03125,"{""model_id"": ""B007"", ""passed"": true, ""samples"": 256, ""correct"": 210, ""accuracy_percent"": 82.03125, ""checkpoint_sha256"": ""c744a3b8b83c29fcb6dd34c48dac63067f62ea1d2910626e9b8cf82109dce13e"", ""full_test_set"": false, ""subset_seed"": 20260907, ""indices_sha256"": ""072da18cce220a907a9a5eca3c800500e2f6d972c4903c62f6903308ebdecf30"", ""preprocessing"": ""native"", ""device"": ""cpu"", ""torch_version"": ""2.14.0+cpu"", ""seconds"": 3.722, ""date"": ""2026-09-07T05:17:22Z""}",wrapper,"{""torch"": ""2.14.0+cpu"", ""torchvision"": ""0.29.0+cpu""}",,,,11173962,0,"[0.0, 1.0]",RGB,NCHW,logits,10,,,,NN_tune_trainable_0ecbc_00319_319_seed=320_2022-08-05_19-33-58,25,25,
B008,B,original_038,,ResNet18-CIFAR-3x3-no-maxpool,ResNet,modelzoos:ResNet18-CIFAR-3x3-no-maxpool,modelzoos,https://github.com/ModelZoos/ModelZooDataset,https://zenodo.org/records/13144018,https://zenodo.org/api/records/13144018/files/cifar10_resnet18_sample_ep21-25.zip/content,cifar10_resnet18_sample_ep21-25/NN_tune_trainable_0ecbc_00374_374_seed=375_2022-08-06_00-36-09/checkpoint_000025/checkpoints,checkpoints/B/B008_resnet18_seed375_iteration25.pt,d544c2a3a3cb301a1e423ab8b65f6e73c5f6c6411368cc4117a80be6081ff13c,90cbab65f01c6dede25003f9679e007687e971a51d682ad48e03e287496026dc,PyTorch,2.14.0+cpu,state_dict,11173962,"[3, 32, 32]","[0.4913725490196078, 0.4823529411764706, 0.4466666666666667]","[0.24705882352941178, 0.24352941176470588, 0.2615686274509804]",82.89,,375,sgd,0.05,0.0005,"[""RandomCrop(32,padding=4)"", ""RandomHorizontalFlip""]","{""cuda"": true, ""dataset::dump"": ""/netscratch2/kschuerholt/code/versai/model_zoos/zoos/CIFAR10/resnet19/kaiming_uniform/tune_zoo_cifar10_resnet18_kaiming_uniform/dataset.pt"", ""model::channels_in"": 3, ""model::dropout"": 0.0, ""model::init_type"": ""kaiming_uniform"", ""model::nlin"": ""relu"", ""model::o_dim"": 10, ""model::type"": ""Resnet18"", ""model::use_bias"": false, ""optim::lr"": 0.05, ""optim::momentum"": 0.9, ""optim::optimizer"": ""sgd"", ""optim::scheduler"": ""OneCycleLR"", ""optim::wd"": 0.0005, ""seed"": 375, ""testloader::workers"": 3, ""training::batchsize"": 256, ""training::checkpoint_dir"": null, ""training::dataloader"": ""normal"", ""training::epochs_train"": 50, ""training::idx_out"": 500, ""training::loss"": ""nll"", ""training::output_epoch"": 1, ""training::start_epoch"": 1, ""training::val_epochs"": 1, ""wandb"": {""api_key_file"": ""/netscratch2/kschuerholt/wandb/wandb.key"", ""log_config"": false, ""project"": ""CIFAR10 Resnet18 kaiming-uniform""}}",Published intermediate trained checkpoint at Ray training_iteration=25; NOT final iteration 50. Exactly one checkpoint per independent run. Train/validation split 40000/10000 with split seed 42.,2026-09-07T05:11:24Z,verified,CIFAR-10,"[""airplane"", ""automobile"", ""bird"", ""cat"", ""deer"", ""dog"", ""frog"", ""horse"", ""ship"", ""truck""]",efccaf3fc2e15dc55788f132d2341861be13312e,,,"{""adapter"": ""modelzoos_resnet18""}","{""kind"": ""remote_zip"", ""archive_size"": 5144551497, ""member"": ""cifar10_resnet18_sample_ep21-25/NN_tune_trainable_0ecbc_00374_374_seed=375_2022-08-06_00-36-09/checkpoint_000025/checkpoints"", ""member_index"": {""name"": ""cifar10_resnet18_sample_ep21-25/NN_tune_trainable_0ecbc_00374_374_seed=375_2022-08-06_00-36-09/checkpoint_000025/checkpoints"", ""size"": 44773837, ""compressed"": 41169874, ""offset"": 370380646}}",metadata/evidence/zoo_generator.txt,"metadata/evidence/B008/params.json; unique seed + Ray trial_id; generator grid_search seeds=1..1000, reuse_actors=False, resume=False, checkpoint_dir=None",44773837,d3e07fa8a8690e08e446aa8a3079c1198530b09150aeffba39e9b28dca546c6e,84.765625,"{""model_id"": ""B008"", ""passed"": true, ""samples"": 256, ""correct"": 217, ""accuracy_percent"": 84.765625, ""checkpoint_sha256"": ""d544c2a3a3cb301a1e423ab8b65f6e73c5f6c6411368cc4117a80be6081ff13c"", ""full_test_set"": false, ""subset_seed"": 20260907, ""indices_sha256"": ""072da18cce220a907a9a5eca3c800500e2f6d972c4903c62f6903308ebdecf30"", ""preprocessing"": ""native"", ""device"": ""cpu"", ""torch_version"": ""2.14.0+cpu"", ""seconds"": 4.262, ""date"": ""2026-09-07T05:17:26Z""}",wrapper,"{""torch"": ""2.14.0+cpu"", ""torchvision"": ""0.29.0+cpu""}",,,,11173962,0,"[0.0, 1.0]",RGB,NCHW,logits,10,,,,NN_tune_trainable_0ecbc_00374_374_seed=375_2022-08-06_00-36-09,25,25,
B009,B,original_039,,ResNet18-CIFAR-3x3-no-maxpool,ResNet,modelzoos:ResNet18-CIFAR-3x3-no-maxpool,modelzoos,https://github.com/ModelZoos/ModelZooDataset,https://zenodo.org/records/13144018,https://zenodo.org/api/records/13144018/files/cifar10_resnet18_sample_ep21-25.zip/content,cifar10_resnet18_sample_ep21-25/NN_tune_trainable_0ecbc_00384_384_seed=385_2022-08-06_01-27-48/checkpoint_000025/checkpoints,checkpoints/B/B009_resnet18_seed385_iteration25.pt,e23525b5360821b0f94f3381c2960e82b25269cd1b43ef8737ef248b399fa3ac,4ed08f2eeefb5f30d50e069b20741d6fa234e402624697a8de57e4ce505f4836,PyTorch,2.14.0+cpu,state_dict,11173962,"[3, 32, 32]","[0.4913725490196078, 0.4823529411764706, 0.4466666666666667]","[0.24705882352941178, 0.24352941176470588, 0.2615686274509804]",86.65,,385,sgd,0.05,0.0005,"[""RandomCrop(32,padding=4)"", ""RandomHorizontalFlip""]","{""cuda"": true, ""dataset::dump"": ""/netscratch2/kschuerholt/code/versai/model_zoos/zoos/CIFAR10/resnet19/kaiming_uniform/tune_zoo_cifar10_resnet18_kaiming_uniform/dataset.pt"", ""model::channels_in"": 3, ""model::dropout"": 0.0, ""model::init_type"": ""kaiming_uniform"", ""model::nlin"": ""relu"", ""model::o_dim"": 10, ""model::type"": ""Resnet18"", ""model::use_bias"": false, ""optim::lr"": 0.05, ""optim::momentum"": 0.9, ""optim::optimizer"": ""sgd"", ""optim::scheduler"": ""OneCycleLR"", ""optim::wd"": 0.0005, ""seed"": 385, ""testloader::workers"": 3, ""training::batchsize"": 256, ""training::checkpoint_dir"": null, ""training::dataloader"": ""normal"", ""training::epochs_train"": 50, ""training::idx_out"": 500, ""training::loss"": ""nll"", ""training::output_epoch"": 1, ""training::start_epoch"": 1, ""training::val_epochs"": 1, ""wandb"": {""api_key_file"": ""/netscratch2/kschuerholt/wandb/wandb.key"", ""log_config"": false, ""project"": ""CIFAR10 Resnet18 kaiming-uniform""}}",Published intermediate trained checkpoint at Ray training_iteration=25; NOT final iteration 50. Exactly one checkpoint per independent run. Train/validation split 40000/10000 with split seed 42.,2026-09-07T05:12:57Z,verified,CIFAR-10,"[""airplane"", ""automobile"", ""bird"", ""cat"", ""deer"", ""dog"", ""frog"", ""horse"", ""ship"", ""truck""]",efccaf3fc2e15dc55788f132d2341861be13312e,,,"{""adapter"": ""modelzoos_resnet18""}","{""kind"": ""remote_zip"", ""archive_size"": 5144551497, ""member"": ""cifar10_resnet18_sample_ep21-25/NN_tune_trainable_0ecbc_00384_384_seed=385_2022-08-06_01-27-48/checkpoint_000025/checkpoints"", ""member_index"": {""name"": ""cifar10_resnet18_sample_ep21-25/NN_tune_trainable_0ecbc_00384_384_seed=385_2022-08-06_01-27-48/checkpoint_000025/checkpoints"", ""size"": 44773837, ""compressed"": 41172715, ""offset"": 2510503712}}",metadata/evidence/zoo_generator.txt,"metadata/evidence/B009/params.json; unique seed + Ray trial_id; generator grid_search seeds=1..1000, reuse_actors=False, resume=False, checkpoint_dir=None",44773837,63a55cb3864bb7db162fb9711e99e2d76a3c55ab802b2ed6bb6bc15a3373e6e7,86.328125,"{""model_id"": ""B009"", ""passed"": true, ""samples"": 256, ""correct"": 221, ""accuracy_percent"": 86.328125, ""checkpoint_sha256"": ""e23525b5360821b0f94f3381c2960e82b25269cd1b43ef8737ef248b399fa3ac"", ""full_test_set"": false, ""subset_seed"": 20260907, ""indices_sha256"": ""072da18cce220a907a9a5eca3c800500e2f6d972c4903c62f6903308ebdecf30"", ""preprocessing"": ""native"", ""device"": ""cpu"", ""torch_version"": ""2.14.0+cpu"", ""seconds"": 4.321, ""date"": ""2026-09-07T05:17:31Z""}",wrapper,"{""torch"": ""2.14.0+cpu"", ""torchvision"": ""0.29.0+cpu""}",,,,11173962,0,"[0.0, 1.0]",RGB,NCHW,logits,10,,,,NN_tune_trainable_0ecbc_00384_384_seed=385_2022-08-06_01-27-48,25,25,
B010,B,original_040,,ResNet18-CIFAR-3x3-no-maxpool,ResNet,modelzoos:ResNet18-CIFAR-3x3-no-maxpool,modelzoos,https://github.com/ModelZoos/ModelZooDataset,https://zenodo.org/records/13144018,https://zenodo.org/api/records/13144018/files/cifar10_resnet18_sample_ep21-25.zip/content,cifar10_resnet18_sample_ep21-25/NN_tune_trainable_0ecbc_00411_411_seed=412_2022-08-06_03-37-54/checkpoint_000025/checkpoints,checkpoints/B/B010_resnet18_seed412_iteration25.pt,f38f3e23e48e9dd94049584f4e3db43c1d83d4f7314122b198ccf60fe1d1c4a3,8fc786d127ab673bc63b5b72b55dd1824d9f696f4c15ef927814aaee2959777c,PyTorch,2.14.0+cpu,state_dict,11173962,"[3, 32, 32]","[0.4913725490196078, 0.4823529411764706, 0.4466666666666667]","[0.24705882352941178, 0.24352941176470588, 0.2615686274509804]",86.82,,412,sgd,0.05,0.0005,"[""RandomCrop(32,padding=4)"", ""RandomHorizontalFlip""]","{""cuda"": true, ""dataset::dump"": ""/netscratch2/kschuerholt/code/versai/model_zoos/zoos/CIFAR10/resnet19/kaiming_uniform/tune_zoo_cifar10_resnet18_kaiming_uniform/dataset.pt"", ""model::channels_in"": 3, ""model::dropout"": 0.0, ""model::init_type"": ""kaiming_uniform"", ""model::nlin"": ""relu"", ""model::o_dim"": 10, ""model::type"": ""Resnet18"", ""model::use_bias"": false, ""optim::lr"": 0.05, ""optim::momentum"": 0.9, ""optim::optimizer"": ""sgd"", ""optim::scheduler"": ""OneCycleLR"", ""optim::wd"": 0.0005, ""seed"": 412, ""testloader::workers"": 3, ""training::batchsize"": 256, ""training::checkpoint_dir"": null, ""training::dataloader"": ""normal"", ""training::epochs_train"": 50, ""training::idx_out"": 500, ""training::loss"": ""nll"", ""training::output_epoch"": 1, ""training::start_epoch"": 1, ""training::val_epochs"": 1, ""wandb"": {""api_key_file"": ""/netscratch2/kschuerholt/wandb/wandb.key"", ""log_config"": false, ""project"": ""CIFAR10 Resnet18 kaiming-uniform""}}",Published intermediate trained checkpoint at Ray training_iteration=25; NOT final iteration 50. Exactly one checkpoint per independent run. Train/validation split 40000/10000 with split seed 42.,2026-09-07T05:12:03Z,verified,CIFAR-10,"[""airplane"", ""automobile"", ""bird"", ""cat"", ""deer"", ""dog"", ""frog"", ""horse"", ""ship"", ""truck""]",efccaf3fc2e15dc55788f132d2341861be13312e,,,"{""adapter"": ""modelzoos_resnet18""}","{""kind"": ""remote_zip"", ""archive_size"": 5144551497, ""member"": ""cifar10_resnet18_sample_ep21-25/NN_tune_trainable_0ecbc_00411_411_seed=412_2022-08-06_03-37-54/checkpoint_000025/checkpoints"", ""member_index"": {""name"": ""cifar10_resnet18_sample_ep21-25/NN_tune_trainable_0ecbc_00411_411_seed=412_2022-08-06_03-37-54/checkpoint_000025/checkpoints"", ""size"": 44773837, ""compressed"": 41172526, ""offset"": 4197923908}}",metadata/evidence/zoo_generator.txt,"metadata/evidence/B010/params.json; unique seed + Ray trial_id; generator grid_search seeds=1..1000, reuse_actors=False, resume=False, checkpoint_dir=None",44773837,65afefebd0cd91b1bbb78d96856be8c0d2abfdcd1de6d6d2e41883d687016460,83.984375,"{""model_id"": ""B010"", ""passed"": true, ""samples"": 256, ""correct"": 215, ""accuracy_percent"": 83.984375, ""checkpoint_sha256"": ""f38f3e23e48e9dd94049584f4e3db43c1d83d4f7314122b198ccf60fe1d1c4a3"", ""full_test_set"": false, ""subset_seed"": 20260907, ""indices_sha256"": ""072da18cce220a907a9a5eca3c800500e2f6d972c4903c62f6903308ebdecf30"", ""preprocessing"": ""native"", ""device"": ""cpu"", ""torch_version"": ""2.14.0+cpu"", ""seconds"": 4.097, ""date"": ""2026-09-07T05:17:35Z""}",wrapper,"{""torch"": ""2.14.0+cpu"", ""torchvision"": ""0.29.0+cpu""}",,,,11173962,0,"[0.0, 1.0]",RGB,NCHW,logits,10,,,,NN_tune_trainable_0ecbc_00411_411_seed=412_2022-08-06_03-37-54,25,25,
B011,B,original_041,,ResNet18-CIFAR-3x3-no-maxpool,ResNet,modelzoos:ResNet18-CIFAR-3x3-no-maxpool,modelzoos,https://github.com/ModelZoos/ModelZooDataset,https://zenodo.org/records/13144018,https://zenodo.org/api/records/13144018/files/cifar10_resnet18_sample_ep21-25.zip/content,cifar10_resnet18_sample_ep21-25/NN_tune_trainable_0ecbc_00481_481_seed=482_2022-08-06_09-27-50/checkpoint_000025/checkpoints,checkpoints/B/B011_resnet18_seed482_iteration25.pt,eae8d34cbbc2d78cb8a8eb51b2e5f3a956e10519ab825b06a608476a399d412f,cc380d7915faddf4e8bc243bf070e5df142463dff31048a41871988e156af9ba,PyTorch,2.14.0+cpu,state_dict,11173962,"[3, 32, 32]","[0.4913725490196078, 0.4823529411764706, 0.4466666666666667]","[0.24705882352941178, 0.24352941176470588, 0.2615686274509804]",85.94000000000001,,482,sgd,0.05,0.0005,"[""RandomCrop(32,padding=4)"", ""RandomHorizontalFlip""]","{""cuda"": true, ""dataset::dump"": ""/netscratch2/kschuerholt/code/versai/model_zoos/zoos/CIFAR10/resnet19/kaiming_uniform/tune_zoo_cifar10_resnet18_kaiming_uniform/dataset.pt"", ""model::channels_in"": 3, ""model::dropout"": 0.0, ""model::init_type"": ""kaiming_uniform"", ""model::nlin"": ""relu"", ""model::o_dim"": 10, ""model::type"": ""Resnet18"", ""model::use_bias"": false, ""optim::lr"": 0.05, ""optim::momentum"": 0.9, ""optim::optimizer"": ""sgd"", ""optim::scheduler"": ""OneCycleLR"", ""optim::wd"": 0.0005, ""seed"": 482, ""testloader::workers"": 3, ""training::batchsize"": 256, ""training::checkpoint_dir"": null, ""training::dataloader"": ""normal"", ""training::epochs_train"": 50, ""training::idx_out"": 500, ""training::loss"": ""nll"", ""training::output_epoch"": 1, ""training::start_epoch"": 1, ""training::val_epochs"": 1, ""wandb"": {""api_key_file"": ""/netscratch2/kschuerholt/wandb/wandb.key"", ""log_config"": false, ""project"": ""CIFAR10 Resnet18 kaiming-uniform""}}",Published intermediate trained checkpoint at Ray training_iteration=25; NOT final iteration 50. Exactly one checkpoint per independent run. Train/validation split 40000/10000 with split seed 42.,2026-09-07T05:12:12Z,verified,CIFAR-10,"[""airplane"", ""automobile"", ""bird"", ""cat"", ""deer"", ""dog"", ""frog"", ""horse"", ""ship"", ""truck""]",efccaf3fc2e15dc55788f132d2341861be13312e,,,"{""adapter"": ""modelzoos_resnet18""}","{""kind"": ""remote_zip"", ""archive_size"": 5144551497, ""member"": ""cifar10_resnet18_sample_ep21-25/NN_tune_trainable_0ecbc_00481_481_seed=482_2022-08-06_09-27-50/checkpoint_000025/checkpoints"", ""member_index"": {""name"": ""cifar10_resnet18_sample_ep21-25/NN_tune_trainable_0ecbc_00481_481_seed=482_2022-08-06_09-27-50/checkpoint_000025/checkpoints"", ""size"": 44773837, ""compressed"": 41170738, ""offset"": 2428188466}}",metadata/evidence/zoo_generator.txt,"metadata/evidence/B011/params.json; unique seed + Ray trial_id; generator grid_search seeds=1..1000, reuse_actors=False, resume=False, checkpoint_dir=None",44773837,c4dbd3de66f5729e4cedbc3c8f8c96319a6aa33800319b1dbb9354371d11ee42,85.15625,"{""model_id"": ""B011"", ""passed"": true, ""samples"": 256, ""correct"": 218, ""accuracy_percent"": 85.15625, ""checkpoint_sha256"": ""eae8d34cbbc2d78cb8a8eb51b2e5f3a956e10519ab825b06a608476a399d412f"", ""full_test_set"": false, ""subset_seed"": 20260907, ""indices_sha256"": ""072da18cce220a907a9a5eca3c800500e2f6d972c4903c62f6903308ebdecf30"", ""preprocessing"": ""native"", ""device"": ""cpu"", ""torch_version"": ""2.14.0+cpu"", ""seconds"": 4.293, ""date"": ""2026-09-07T05:17:39Z""}",wrapper,"{""torch"": ""2.14.0+cpu"", ""torchvision"": ""0.29.0+cpu""}",,,,11173962,0,"[0.0, 1.0]",RGB,NCHW,logits,10,,,,NN_tune_trainable_0ecbc_00481_481_seed=482_2022-08-06_09-27-50,25,25,
B012,B,original_042,,ResNet18-CIFAR-3x3-no-maxpool,ResNet,modelzoos:ResNet18-CIFAR-3x3-no-maxpool,modelzoos,https://github.com/ModelZoos/ModelZooDataset,https://zenodo.org/records/13144018,https://zenodo.org/api/records/13144018/files/cifar10_resnet18_sample_ep21-25.zip/content,cifar10_resnet18_sample_ep21-25/NN_tune_trainable_0ecbc_00492_492_seed=493_2022-08-06_10-27-16/checkpoint_000025/checkpoints,checkpoints/B/B012_resnet18_seed493_iteration25.pt,3d36979ef52c47a029b919cabd782166c7842aaae7af1dbafe6820a6d5ba5c79,37eb2b652564c4a819d574c1804dc3bb47dd41a4ec31e78d8efe4a0611c00dd8,PyTorch,2.14.0+cpu,state_dict,11173962,"[3, 32, 32]","[0.4913725490196078, 0.4823529411764706, 0.4466666666666667]","[0.24705882352941178, 0.24352941176470588, 0.2615686274509804]",86.37,,493,sgd,0.05,0.0005,"[""RandomCrop(32,padding=4)"", ""RandomHorizontalFlip""]","{""cuda"": true, ""dataset::dump"": ""/netscratch2/kschuerholt/code/versai/model_zoos/zoos/CIFAR10/resnet19/kaiming_uniform/tune_zoo_cifar10_resnet18_kaiming_uniform/dataset.pt"", ""model::channels_in"": 3, ""model::dropout"": 0.0, ""model::init_type"": ""kaiming_uniform"", ""model::nlin"": ""relu"", ""model::o_dim"": 10, ""model::type"": ""Resnet18"", ""model::use_bias"": false, ""optim::lr"": 0.05, ""optim::momentum"": 0.9, ""optim::optimizer"": ""sgd"", ""optim::scheduler"": ""OneCycleLR"", ""optim::wd"": 0.0005, ""seed"": 493, ""testloader::workers"": 3, ""training::batchsize"": 256, ""training::checkpoint_dir"": null, ""training::dataloader"": ""normal"", ""training::epochs_train"": 50, ""training::idx_out"": 500, ""training::loss"": ""nll"", ""training::output_epoch"": 1, ""training::start_epoch"": 1, ""training::val_epochs"": 1, ""wandb"": {""api_key_file"": ""/netscratch2/kschuerholt/wandb/wandb.key"", ""log_config"": false, ""project"": ""CIFAR10 Resnet18 kaiming-uniform""}}",Published intermediate trained checkpoint at Ray training_iteration=25; NOT final iteration 50. Exactly one checkpoint per independent run. Train/validation split 40000/10000 with split seed 42.,2026-09-07T05:12:34Z,verified,CIFAR-10,"[""airplane"", ""automobile"", ""bird"", ""cat"", ""deer"", ""dog"", ""frog"", ""horse"", ""ship"", ""truck""]",efccaf3fc2e15dc55788f132d2341861be13312e,,,"{""adapter"": ""modelzoos_resnet18""}","{""kind"": ""remote_zip"", ""archive_size"": 5144551497, ""member"": ""cifar10_resnet18_sample_ep21-25/NN_tune_trainable_0ecbc_00492_492_seed=493_2022-08-06_10-27-16/checkpoint_000025/checkpoints"", ""member_index"": {""name"": ""cifar10_resnet18_sample_ep21-25/NN_tune_trainable_0ecbc_00492_492_seed=493_2022-08-06_10-27-16/checkpoint_000025/checkpoints"", ""size"": 44773837, ""compressed"": 41170126, ""offset"": 3745194201}}",metadata/evidence/zoo_generator.txt,"metadata/evidence/B012/params.json; unique seed + Ray trial_id; generator grid_search seeds=1..1000, reuse_actors=False, resume=False, checkpoint_dir=None",44773837,5bbe24c89d538b11ac6462682bf15483c82b047370b2b84794f0da1615d9e45e,83.203125,"{""model_id"": ""B012"", ""passed"": true, ""samples"": 256, ""correct"": 213, ""accuracy_percent"": 83.203125, ""checkpoint_sha256"": ""3d36979ef52c47a029b919cabd782166c7842aaae7af1dbafe6820a6d5ba5c79"", ""full_test_set"": false, ""subset_seed"": 20260907, ""indices_sha256"": ""072da18cce220a907a9a5eca3c800500e2f6d972c4903c62f6903308ebdecf30"", ""preprocessing"": ""native"", ""device"": ""cpu"", ""torch_version"": ""2.14.0+cpu"", ""seconds"": 4.219, ""date"": ""2026-09-07T05:17:44Z""}",wrapper,"{""torch"": ""2.14.0+cpu"", ""torchvision"": ""0.29.0+cpu""}",,,,11173962,0,"[0.0, 1.0]",RGB,NCHW,logits,10,,,,NN_tune_trainable_0ecbc_00492_492_seed=493_2022-08-06_10-27-16,25,25,
B013,B,original_043,,ResNet18-CIFAR-3x3-no-maxpool,ResNet,modelzoos:ResNet18-CIFAR-3x3-no-maxpool,modelzoos,https://github.com/ModelZoos/ModelZooDataset,https://zenodo.org/records/13144018,https://zenodo.org/api/records/13144018/files/cifar10_resnet18_sample_ep21-25.zip/content,cifar10_resnet18_sample_ep21-25/NN_tune_trainable_0ecbc_00510_510_seed=511_2022-08-06_11-57-21/checkpoint_000025/checkpoints,checkpoints/B/B013_resnet18_seed511_iteration25.pt,17ff37abe8d292a4bb1026e8b91bc7cb01a3cd57ad0bb7113c254dfe58310717,17fe1bd9cd965b02703c8a3dc73544faeb4ddb77a0a80a559b44333468b13f99,PyTorch,2.14.0+cpu,state_dict,11173962,"[3, 32, 32]","[0.4913725490196078, 0.4823529411764706, 0.4466666666666667]","[0.24705882352941178, 0.24352941176470588, 0.2615686274509804]",86.69,,511,sgd,0.05,0.0005,"[""RandomCrop(32,padding=4)"", ""RandomHorizontalFlip""]","{""cuda"": true, ""dataset::dump"": ""/netscratch2/kschuerholt/code/versai/model_zoos/zoos/CIFAR10/resnet19/kaiming_uniform/tune_zoo_cifar10_resnet18_kaiming_uniform/dataset.pt"", ""model::channels_in"": 3, ""model::dropout"": 0.0, ""model::init_type"": ""kaiming_uniform"", ""model::nlin"": ""relu"", ""model::o_dim"": 10, ""model::type"": ""Resnet18"", ""model::use_bias"": false, ""optim::lr"": 0.05, ""optim::momentum"": 0.9, ""optim::optimizer"": ""sgd"", ""optim::scheduler"": ""OneCycleLR"", ""optim::wd"": 0.0005, ""seed"": 511, ""testloader::workers"": 3, ""training::batchsize"": 256, ""training::checkpoint_dir"": null, ""training::dataloader"": ""normal"", ""training::epochs_train"": 50, ""training::idx_out"": 500, ""training::loss"": ""nll"", ""training::output_epoch"": 1, ""training::start_epoch"": 1, ""training::val_epochs"": 1, ""wandb"": {""api_key_file"": ""/netscratch2/kschuerholt/wandb/wandb.key"", ""log_config"": false, ""project"": ""CIFAR10 Resnet18 kaiming-uniform""}}",Published intermediate trained checkpoint at Ray training_iteration=25; NOT final iteration 50. Exactly one checkpoint per independent run. Train/validation split 40000/10000 with split seed 42.,2026-09-07T05:12:48Z,verified,CIFAR-10,"[""airplane"", ""automobile"", ""bird"", ""cat"", ""deer"", ""dog"", ""frog"", ""horse"", ""ship"", ""truck""]",efccaf3fc2e15dc55788f132d2341861be13312e,,,"{""adapter"": ""modelzoos_resnet18""}","{""kind"": ""remote_zip"", ""archive_size"": 5144551497, ""member"": ""cifar10_resnet18_sample_ep21-25/NN_tune_trainable_0ecbc_00510_510_seed=511_2022-08-06_11-57-21/checkpoint_000025/checkpoints"", ""member_index"": {""name"": ""cifar10_resnet18_sample_ep21-25/NN_tune_trainable_0ecbc_00510_510_seed=511_2022-08-06_11-57-21/checkpoint_000025/checkpoints"", ""size"": 44773837, ""compressed"": 41174002, ""offset"": 1934336840}}",metadata/evidence/zoo_generator.txt,"metadata/evidence/B013/params.json; unique seed + Ray trial_id; generator grid_search seeds=1..1000, reuse_actors=False, resume=False, checkpoint_dir=None",44773837,bb1155df5f34f1886cda4c3bf5591065970a2e7d74ccdfeb7380af2fcad77b6b,87.109375,"{""model_id"": ""B013"", ""passed"": true, ""samples"": 256, ""correct"": 223, ""accuracy_percent"": 87.109375, ""checkpoint_sha256"": ""17ff37abe8d292a4bb1026e8b91bc7cb01a3cd57ad0bb7113c254dfe58310717"", ""full_test_set"": false, ""subset_seed"": 20260907, ""indices_sha256"": ""072da18cce220a907a9a5eca3c800500e2f6d972c4903c62f6903308ebdecf30"", ""preprocessing"": ""native"", ""device"": ""cpu"", ""torch_version"": ""2.14.0+cpu"", ""seconds"": 4.149, ""date"": ""2026-09-07T05:17:48Z""}",wrapper,"{""torch"": ""2.14.0+cpu"", ""torchvision"": ""0.29.0+cpu""}",,,,11173962,0,"[0.0, 1.0]",RGB,NCHW,logits,10,,,,NN_tune_trainable_0ecbc_00510_510_seed=511_2022-08-06_11-57-21,25,25,
B014,B,original_044,,ResNet18-CIFAR-3x3-no-maxpool,ResNet,modelzoos:ResNet18-CIFAR-3x3-no-maxpool,modelzoos,https://github.com/ModelZoos/ModelZooDataset,https://zenodo.org/records/13144018,https://zenodo.org/api/records/13144018/files/cifar10_resnet18_sample_ep21-25.zip/content,cifar10_resnet18_sample_ep21-25/NN_tune_trainable_0ecbc_00579_579_seed=580_2022-08-06_17-40-57/checkpoint_000025/checkpoints,checkpoints/B/B014_resnet18_seed580_iteration25.pt,d15dba51b7f6ecc53c178cd55c9c933f5f28701ee607e97e53b5638877f32701,821a5138c34db0b838e18d18ede6b5da1b4d8eec8c4901c2a81da53bc6d6f71f,PyTorch,2.14.0+cpu,state_dict,11173962,"[3, 32, 32]","[0.4913725490196078, 0.4823529411764706, 0.4466666666666667]","[0.24705882352941178, 0.24352941176470588, 0.2615686274509804]",81.5,,580,sgd,0.05,0.0005,"[""RandomCrop(32,padding=4)"", ""RandomHorizontalFlip""]","{""cuda"": true, ""dataset::dump"": ""/netscratch2/kschuerholt/code/versai/model_zoos/zoos/CIFAR10/resnet19/kaiming_uniform/tune_zoo_cifar10_resnet18_kaiming_uniform/dataset.pt"", ""model::channels_in"": 3, ""model::dropout"": 0.0, ""model::init_type"": ""kaiming_uniform"", ""model::nlin"": ""relu"", ""model::o_dim"": 10, ""model::type"": ""Resnet18"", ""model::use_bias"": false, ""optim::lr"": 0.05, ""optim::momentum"": 0.9, ""optim::optimizer"": ""sgd"", ""optim::scheduler"": ""OneCycleLR"", ""optim::wd"": 0.0005, ""seed"": 580, ""testloader::workers"": 3, ""training::batchsize"": 256, ""training::checkpoint_dir"": null, ""training::dataloader"": ""normal"", ""training::epochs_train"": 50, ""training::idx_out"": 500, ""training::loss"": ""nll"", ""training::output_epoch"": 1, ""training::start_epoch"": 1, ""training::val_epochs"": 1, ""wandb"": {""api_key_file"": ""/netscratch2/kschuerholt/wandb/wandb.key"", ""log_config"": false, ""project"": ""CIFAR10 Resnet18 kaiming-uniform""}}",Published intermediate trained checkpoint at Ray training_iteration=25; NOT final iteration 50. Exactly one checkpoint per independent run. Train/validation split 40000/10000 with split seed 42.,2026-09-07T05:13:50Z,verified,CIFAR-10,"[""airplane"", ""automobile"", ""bird"", ""cat"", ""deer"", ""dog"", ""frog"", ""horse"", ""ship"", ""truck""]",efccaf3fc2e15dc55788f132d2341861be13312e,,,"{""adapter"": ""modelzoos_resnet18""}","{""kind"": ""remote_zip"", ""archive_size"": 5144551497, ""member"": ""cifar10_resnet18_sample_ep21-25/NN_tune_trainable_0ecbc_00579_579_seed=580_2022-08-06_17-40-57/checkpoint_000025/checkpoints"", ""member_index"": {""name"": ""cifar10_resnet18_sample_ep21-25/NN_tune_trainable_0ecbc_00579_579_seed=580_2022-08-06_17-40-57/checkpoint_000025/checkpoints"", ""size"": 44773837, ""compressed"": 41170771, ""offset"": 4321390560}}",metadata/evidence/zoo_generator.txt,"metadata/evidence/B014/params.json; unique seed + Ray trial_id; generator grid_search seeds=1..1000, reuse_actors=False, resume=False, checkpoint_dir=None",44773837,5727b3a2627b87d20d312e51329bed6fb738fb3ca7447259088b421073fc431b,76.5625,"{""model_id"": ""B014"", ""passed"": true, ""samples"": 256, ""correct"": 196, ""accuracy_percent"": 76.5625, ""checkpoint_sha256"": ""d15dba51b7f6ecc53c178cd55c9c933f5f28701ee607e97e53b5638877f32701"", ""full_test_set"": false, ""subset_seed"": 20260907, ""indices_sha256"": ""072da18cce220a907a9a5eca3c800500e2f6d972c4903c62f6903308ebdecf30"", ""preprocessing"": ""native"", ""device"": ""cpu"", ""torch_version"": ""2.14.0+cpu"", ""seconds"": 4.099, ""date"": ""2026-09-07T05:17:52Z""}",wrapper,"{""torch"": ""2.14.0+cpu"", ""torchvision"": ""0.29.0+cpu""}",,,,11173962,0,"[0.0, 1.0]",RGB,NCHW,logits,10,,,,NN_tune_trainable_0ecbc_00579_579_seed=580_2022-08-06_17-40-57,25,25,
B015,B,original_045,,ResNet18-CIFAR-3x3-no-maxpool,ResNet,modelzoos:ResNet18-CIFAR-3x3-no-maxpool,modelzoos,https://github.com/ModelZoos/ModelZooDataset,https://zenodo.org/records/13144018,https://zenodo.org/api/records/13144018/files/cifar10_resnet18_sample_ep21-25.zip/content,cifar10_resnet18_sample_ep21-25/NN_tune_trainable_0ecbc_00639_639_seed=640_2022-08-06_22-39-01/checkpoint_000025/checkpoints,checkpoints/B/B015_resnet18_seed640_iteration25.pt,e1ec36ecd7e9f2dc9b60e88d3e87eb7d27267dfc9b9b32e5b11e5fa08c2a1318,8a0e50fa67e646ecb43a4fcede0a39f12e60397dbb7e08a0e25583a8932d5e64,PyTorch,2.14.0+cpu,state_dict,11173962,"[3, 32, 32]","[0.4913725490196078, 0.4823529411764706, 0.4466666666666667]","[0.24705882352941178, 0.24352941176470588, 0.2615686274509804]",82.19,,640,sgd,0.05,0.0005,"[""RandomCrop(32,padding=4)"", ""RandomHorizontalFlip""]","{""cuda"": true, ""dataset::dump"": ""/netscratch2/kschuerholt/code/versai/model_zoos/zoos/CIFAR10/resnet19/kaiming_uniform/tune_zoo_cifar10_resnet18_kaiming_uniform/dataset.pt"", ""model::channels_in"": 3, ""model::dropout"": 0.0, ""model::init_type"": ""kaiming_uniform"", ""model::nlin"": ""relu"", ""model::o_dim"": 10, ""model::type"": ""Resnet18"", ""model::use_bias"": false, ""optim::lr"": 0.05, ""optim::momentum"": 0.9, ""optim::optimizer"": ""sgd"", ""optim::scheduler"": ""OneCycleLR"", ""optim::wd"": 0.0005, ""seed"": 640, ""testloader::workers"": 3, ""training::batchsize"": 256, ""training::checkpoint_dir"": null, ""training::dataloader"": ""normal"", ""training::epochs_train"": 50, ""training::idx_out"": 500, ""training::loss"": ""nll"", ""training::output_epoch"": 1, ""training::start_epoch"": 1, ""training::val_epochs"": 1, ""wandb"": {""api_key_file"": ""/netscratch2/kschuerholt/wandb/wandb.key"", ""log_config"": false, ""project"": ""CIFAR10 Resnet18 kaiming-uniform""}}",Published intermediate trained checkpoint at Ray training_iteration=25; NOT final iteration 50. Exactly one checkpoint per independent run. Train/validation split 40000/10000 with split seed 42.,2026-09-07T05:14:12Z,verified,CIFAR-10,"[""airplane"", ""automobile"", ""bird"", ""cat"", ""deer"", ""dog"", ""frog"", ""horse"", ""ship"", ""truck""]",efccaf3fc2e15dc55788f132d2341861be13312e,,,"{""adapter"": ""modelzoos_resnet18""}","{""kind"": ""remote_zip"", ""archive_size"": 5144551497, ""member"": ""cifar10_resnet18_sample_ep21-25/NN_tune_trainable_0ecbc_00639_639_seed=640_2022-08-06_22-39-01/checkpoint_000025/checkpoints"", ""member_index"": {""name"": ""cifar10_resnet18_sample_ep21-25/NN_tune_trainable_0ecbc_00639_639_seed=640_2022-08-06_22-39-01/checkpoint_000025/checkpoints"", ""size"": 44773837, ""compressed"": 41171021, ""offset"": 414}}",metadata/evidence/zoo_generator.txt,"metadata/evidence/B015/params.json; unique seed + Ray trial_id; generator grid_search seeds=1..1000, reuse_actors=False, resume=False, checkpoint_dir=None",44773837,436158b0cfb2d26253ba27336ffd075565ca21273839c22657c71ed1abd37227,82.421875,"{""model_id"": ""B015"", ""passed"": true, ""samples"": 256, ""correct"": 211, ""accuracy_percent"": 82.421875, ""checkpoint_sha256"": ""e1ec36ecd7e9f2dc9b60e88d3e87eb7d27267dfc9b9b32e5b11e5fa08c2a1318"", ""full_test_set"": false, ""subset_seed"": 20260907, ""indices_sha256"": ""072da18cce220a907a9a5eca3c800500e2f6d972c4903c62f6903308ebdecf30"", ""preprocessing"": ""native"", ""device"": ""cpu"", ""torch_version"": ""2.14.0+cpu"", ""seconds"": 4.085, ""date"": ""2026-09-07T05:17:57Z""}",wrapper,"{""torch"": ""2.14.0+cpu"", ""torchvision"": ""0.29.0+cpu""}",,,,11173962,0,"[0.0, 1.0]",RGB,NCHW,logits,10,,,,NN_tune_trainable_0ecbc_00639_639_seed=640_2022-08-06_22-39-01,25,25,
B016,B,original_046,,ResNet18-CIFAR-3x3-no-maxpool,ResNet,modelzoos:ResNet18-CIFAR-3x3-no-maxpool,modelzoos,https://github.com/ModelZoos/ModelZooDataset,https://zenodo.org/records/13144018,https://zenodo.org/api/records/13144018/files/cifar10_resnet18_sample_ep21-25.zip/content,cifar10_resnet18_sample_ep21-25/NN_tune_trainable_0ecbc_00661_661_seed=662_2022-08-07_00-21-31/checkpoint_000025/checkpoints,checkpoints/B/B016_resnet18_seed662_iteration25.pt,1557b6969a89cd998f03b229badadcbbe3ecc81161b7b23d47b22e64d732bbe9,1699b7d3e2f85cc751428938d79a45010bc631333620589d377c26733a03897b,PyTorch,2.14.0+cpu,state_dict,11173962,"[3, 32, 32]","[0.4913725490196078, 0.4823529411764706, 0.4466666666666667]","[0.24705882352941178, 0.24352941176470588, 0.2615686274509804]",86.49,,662,sgd,0.05,0.0005,"[""RandomCrop(32,padding=4)"", ""RandomHorizontalFlip""]","{""cuda"": true, ""dataset::dump"": ""/netscratch2/kschuerholt/code/versai/model_zoos/zoos/CIFAR10/resnet19/kaiming_uniform/tune_zoo_cifar10_resnet18_kaiming_uniform/dataset.pt"", ""model::channels_in"": 3, ""model::dropout"": 0.0, ""model::init_type"": ""kaiming_uniform"", ""model::nlin"": ""relu"", ""model::o_dim"": 10, ""model::type"": ""Resnet18"", ""model::use_bias"": false, ""optim::lr"": 0.05, ""optim::momentum"": 0.9, ""optim::optimizer"": ""sgd"", ""optim::scheduler"": ""OneCycleLR"", ""optim::wd"": 0.0005, ""seed"": 662, ""testloader::workers"": 3, ""training::batchsize"": 256, ""training::checkpoint_dir"": null, ""training::dataloader"": ""normal"", ""training::epochs_train"": 50, ""training::idx_out"": 500, ""training::loss"": ""nll"", ""training::output_epoch"": 1, ""training::start_epoch"": 1, ""training::val_epochs"": 1, ""wandb"": {""api_key_file"": ""/netscratch2/kschuerholt/wandb/wandb.key"", ""log_config"": false, ""project"": ""CIFAR10 Resnet18 kaiming-uniform""}}",Published intermediate trained checkpoint at Ray training_iteration=25; NOT final iteration 50. Exactly one checkpoint per independent run. Train/validation split 40000/10000 with split seed 42.,2026-09-07T05:13:48Z,verified,CIFAR-10,"[""airplane"", ""automobile"", ""bird"", ""cat"", ""deer"", ""dog"", ""frog"", ""horse"", ""ship"", ""truck""]",efccaf3fc2e15dc55788f132d2341861be13312e,,,"{""adapter"": ""modelzoos_resnet18""}","{""kind"": ""remote_zip"", ""archive_size"": 5144551497, ""member"": ""cifar10_resnet18_sample_ep21-25/NN_tune_trainable_0ecbc_00661_661_seed=662_2022-08-07_00-21-31/checkpoint_000025/checkpoints"", ""member_index"": {""name"": ""cifar10_resnet18_sample_ep21-25/NN_tune_trainable_0ecbc_00661_661_seed=662_2022-08-07_00-21-31/checkpoint_000025/checkpoints"", ""size"": 44773837, ""compressed"": 41170572, ""offset"": 1193498479}}",metadata/evidence/zoo_generator.txt,"metadata/evidence/B016/params.json; unique seed + Ray trial_id; generator grid_search seeds=1..1000, reuse_actors=False, resume=False, checkpoint_dir=None",44773837,6783203769fbf312faadb9c21d265475f74cf335dd6fc290f906dc0c0521868f,83.984375,"{""model_id"": ""B016"", ""passed"": true, ""samples"": 256, ""correct"": 215, ""accuracy_percent"": 83.984375, ""checkpoint_sha256"": ""1557b6969a89cd998f03b229badadcbbe3ecc81161b7b23d47b22e64d732bbe9"", ""full_test_set"": false, ""subset_seed"": 20260907, ""indices_sha256"": ""072da18cce220a907a9a5eca3c800500e2f6d972c4903c62f6903308ebdecf30"", ""preprocessing"": ""native"", ""device"": ""cpu"", ""torch_version"": ""2.14.0+cpu"", ""seconds"": 4.137, ""date"": ""2026-09-07T05:18:01Z""}",wrapper,"{""torch"": ""2.14.0+cpu"", ""torchvision"": ""0.29.0+cpu""}",,,,11173962,0,"[0.0, 1.0]",RGB,NCHW,logits,10,,,,NN_tune_trainable_0ecbc_00661_661_seed=662_2022-08-07_00-21-31,25,25,
B017,B,original_047,,ResNet18-CIFAR-3x3-no-maxpool,ResNet,modelzoos:ResNet18-CIFAR-3x3-no-maxpool,modelzoos,https://github.com/ModelZoos/ModelZooDataset,https://zenodo.org/records/13144018,https://zenodo.org/api/records/13144018/files/cifar10_resnet18_sample_ep21-25.zip/content,cifar10_resnet18_sample_ep21-25/NN_tune_trainable_0ecbc_00730_730_seed=731_2022-08-07_06-04-58/checkpoint_000025/checkpoints,checkpoints/B/B017_resnet18_seed731_iteration25.pt,f0ef58f1534028d74ece4a12d3d159f01be6a09b35008679349e80d61f455e09,67ae4293d297b10e8b4c738813b60a87a95262c0b7142952fac5168abe0716e5,PyTorch,2.14.0+cpu,state_dict,11173962,"[3, 32, 32]","[0.4913725490196078, 0.4823529411764706, 0.4466666666666667]","[0.24705882352941178, 0.24352941176470588, 0.2615686274509804]",84.32,,731,sgd,0.05,0.0005,"[""RandomCrop(32,padding=4)"", ""RandomHorizontalFlip""]","{""cuda"": true, ""dataset::dump"": ""/netscratch2/kschuerholt/code/versai/model_zoos/zoos/CIFAR10/resnet19/kaiming_uniform/tune_zoo_cifar10_resnet18_kaiming_uniform/dataset.pt"", ""model::channels_in"": 3, ""model::dropout"": 0.0, ""model::init_type"": ""kaiming_uniform"", ""model::nlin"": ""relu"", ""model::o_dim"": 10, ""model::type"": ""Resnet18"", ""model::use_bias"": false, ""optim::lr"": 0.05, ""optim::momentum"": 0.9, ""optim::optimizer"": ""sgd"", ""optim::scheduler"": ""OneCycleLR"", ""optim::wd"": 0.0005, ""seed"": 731, ""testloader::workers"": 3, ""training::batchsize"": 256, ""training::checkpoint_dir"": null, ""training::dataloader"": ""normal"", ""training::epochs_train"": 50, ""training::idx_out"": 500, ""training::loss"": ""nll"", ""training::output_epoch"": 1, ""training::start_epoch"": 1, ""training::val_epochs"": 1, ""wandb"": {""api_key_file"": ""/netscratch2/kschuerholt/wandb/wandb.key"", ""log_config"": false, ""project"": ""CIFAR10 Resnet18 kaiming-uniform""}}",Published intermediate trained checkpoint at Ray training_iteration=25; NOT final iteration 50. Exactly one checkpoint per independent run. Train/validation split 40000/10000 with split seed 42.,2026-09-07T05:14:35Z,verified,CIFAR-10,"[""airplane"", ""automobile"", ""bird"", ""cat"", ""deer"", ""dog"", ""frog"", ""horse"", ""ship"", ""truck""]",efccaf3fc2e15dc55788f132d2341861be13312e,,,"{""adapter"": ""modelzoos_resnet18""}","{""kind"": ""remote_zip"", ""archive_size"": 5144551497, ""member"": ""cifar10_resnet18_sample_ep21-25/NN_tune_trainable_0ecbc_00730_730_seed=731_2022-08-07_06-04-58/checkpoint_000025/checkpoints"", ""member_index"": {""name"": ""cifar10_resnet18_sample_ep21-25/NN_tune_trainable_0ecbc_00730_730_seed=731_2022-08-07_06-04-58/checkpoint_000025/checkpoints"", ""size"": 44773837, ""compressed"": 41171434, ""offset"": 3950962352}}",metadata/evidence/zoo_generator.txt,"metadata/evidence/B017/params.json; unique seed + Ray trial_id; generator grid_search seeds=1..1000, reuse_actors=False, resume=False, checkpoint_dir=None",44773837,ab3b249b196e65a66fd716c0807543c1bfe0555f01724fc70b8d7b19e2200c5b,82.8125,"{""model_id"": ""B017"", ""passed"": true, ""samples"": 256, ""correct"": 212, ""accuracy_percent"": 82.8125, ""checkpoint_sha256"": ""f0ef58f1534028d74ece4a12d3d159f01be6a09b35008679349e80d61f455e09"", ""full_test_set"": false, ""subset_seed"": 20260907, ""indices_sha256"": ""072da18cce220a907a9a5eca3c800500e2f6d972c4903c62f6903308ebdecf30"", ""preprocessing"": ""native"", ""device"": ""cpu"", ""torch_version"": ""2.14.0+cpu"", ""seconds"": 3.981, ""date"": ""2026-09-07T05:18:05Z""}",wrapper,"{""torch"": ""2.14.0+cpu"", ""torchvision"": ""0.29.0+cpu""}",,,,11173962,0,"[0.0, 1.0]",RGB,NCHW,logits,10,,,,NN_tune_trainable_0ecbc_00730_730_seed=731_2022-08-07_06-04-58,25,25,
B018,B,original_048,,ResNet18-CIFAR-3x3-no-maxpool,ResNet,modelzoos:ResNet18-CIFAR-3x3-no-maxpool,modelzoos,https://github.com/ModelZoos/ModelZooDataset,https://zenodo.org/records/13144018,https://zenodo.org/api/records/13144018/files/cifar10_resnet18_sample_ep21-25.zip/content,cifar10_resnet18_sample_ep21-25/NN_tune_trainable_0ecbc_00748_748_seed=749_2022-08-07_07-25-59/checkpoint_000025/checkpoints,checkpoints/B/B018_resnet18_seed749_iteration25.pt,ee760772d4f7bac0335c66ae71d66e90add77dc2251783a94bad6bce31210c55,1152a7bd0fe6f4ec692843cc0152fc2f2161b86e4eb51892039718eea1633877,PyTorch,2.14.0+cpu,state_dict,11173962,"[3, 32, 32]","[0.4913725490196078, 0.4823529411764706, 0.4466666666666667]","[0.24705882352941178, 0.24352941176470588, 0.2615686274509804]",86.72999999999999,,749,sgd,0.05,0.0005,"[""RandomCrop(32,padding=4)"", ""RandomHorizontalFlip""]","{""cuda"": true, ""dataset::dump"": ""/netscratch2/kschuerholt/code/versai/model_zoos/zoos/CIFAR10/resnet19/kaiming_uniform/tune_zoo_cifar10_resnet18_kaiming_uniform/dataset.pt"", ""model::channels_in"": 3, ""model::dropout"": 0.0, ""model::init_type"": ""kaiming_uniform"", ""model::nlin"": ""relu"", ""model::o_dim"": 10, ""model::type"": ""Resnet18"", ""model::use_bias"": false, ""optim::lr"": 0.05, ""optim::momentum"": 0.9, ""optim::optimizer"": ""sgd"", ""optim::scheduler"": ""OneCycleLR"", ""optim::wd"": 0.0005, ""seed"": 749, ""testloader::workers"": 3, ""training::batchsize"": 256, ""training::checkpoint_dir"": null, ""training::dataloader"": ""normal"", ""training::epochs_train"": 50, ""training::idx_out"": 500, ""training::loss"": ""nll"", ""training::output_epoch"": 1, ""training::start_epoch"": 1, ""training::val_epochs"": 1, ""wandb"": {""api_key_file"": ""/netscratch2/kschuerholt/wandb/wandb.key"", ""log_config"": false, ""project"": ""CIFAR10 Resnet18 kaiming-uniform""}}",Published intermediate trained checkpoint at Ray training_iteration=25; NOT final iteration 50. Exactly one checkpoint per independent run. Train/validation split 40000/10000 with split seed 42.,2026-09-07T05:14:24Z,verified,CIFAR-10,"[""airplane"", ""automobile"", ""bird"", ""cat"", ""deer"", ""dog"", ""frog"", ""horse"", ""ship"", ""truck""]",efccaf3fc2e15dc55788f132d2341861be13312e,,,"{""adapter"": ""modelzoos_resnet18""}","{""kind"": ""remote_zip"", ""archive_size"": 5144551497, ""member"": ""cifar10_resnet18_sample_ep21-25/NN_tune_trainable_0ecbc_00748_748_seed=749_2022-08-07_07-25-59/checkpoint_000025/checkpoints"", ""member_index"": {""name"": ""cifar10_resnet18_sample_ep21-25/NN_tune_trainable_0ecbc_00748_748_seed=749_2022-08-07_07-25-59/checkpoint_000025/checkpoints"", ""size"": 44773837, ""compressed"": 41171742, ""offset"": 2057802579}}",metadata/evidence/zoo_generator.txt,"metadata/evidence/B018/params.json; unique seed + Ray trial_id; generator grid_search seeds=1..1000, reuse_actors=False, resume=False, checkpoint_dir=None",44773837,3c973056bebe65937017e540915b5f61145fe39d2a9f01f71d6ff5cffd75104c,82.8125,"{""model_id"": ""B018"", ""passed"": true, ""samples"": 256, ""correct"": 212, ""accuracy_percent"": 82.8125, ""checkpoint_sha256"": ""ee760772d4f7bac0335c66ae71d66e90add77dc2251783a94bad6bce31210c55"", ""full_test_set"": false, ""subset_seed"": 20260907, ""indices_sha256"": ""072da18cce220a907a9a5eca3c800500e2f6d972c4903c62f6903308ebdecf30"", ""preprocessing"": ""native"", ""device"": ""cpu"", ""torch_version"": ""2.14.0+cpu"", ""seconds"": 4.021, ""date"": ""2026-09-07T05:18:09Z""}",wrapper,"{""torch"": ""2.14.0+cpu"", ""torchvision"": ""0.29.0+cpu""}",,,,11173962,0,"[0.0, 1.0]",RGB,NCHW,logits,10,,,,NN_tune_trainable_0ecbc_00748_748_seed=749_2022-08-07_07-25-59,25,25,
B019,B,original_049,,ResNet18-CIFAR-3x3-no-maxpool,ResNet,modelzoos:ResNet18-CIFAR-3x3-no-maxpool,modelzoos,https://github.com/ModelZoos/ModelZooDataset,https://zenodo.org/records/13144018,https://zenodo.org/api/records/13144018/files/cifar10_resnet18_sample_ep21-25.zip/content,cifar10_resnet18_sample_ep21-25/NN_tune_trainable_0ecbc_00811_811_seed=812_2022-08-07_12-33-02/checkpoint_000025/checkpoints,checkpoints/B/B019_resnet18_seed812_iteration25.pt,2db3b8232239c0f65e105c33ee23a820d403db810ef99b484f18579425e12135,a3aae340690b1eddac02d168d87152bdeea051b05fb2c02332977a881bb83469,PyTorch,2.14.0+cpu,state_dict,11173962,"[3, 32, 32]","[0.4913725490196078, 0.4823529411764706, 0.4466666666666667]","[0.24705882352941178, 0.24352941176470588, 0.2615686274509804]",85.11,,812,sgd,0.05,0.0005,"[""RandomCrop(32,padding=4)"", ""RandomHorizontalFlip""]","{""cuda"": true, ""dataset::dump"": ""/netscratch2/kschuerholt/code/versai/model_zoos/zoos/CIFAR10/resnet19/kaiming_uniform/tune_zoo_cifar10_resnet18_kaiming_uniform/dataset.pt"", ""model::channels_in"": 3, ""model::dropout"": 0.0, ""model::init_type"": ""kaiming_uniform"", ""model::nlin"": ""relu"", ""model::o_dim"": 10, ""model::type"": ""Resnet18"", ""model::use_bias"": false, ""optim::lr"": 0.05, ""optim::momentum"": 0.9, ""optim::optimizer"": ""sgd"", ""optim::scheduler"": ""OneCycleLR"", ""optim::wd"": 0.0005, ""seed"": 812, ""testloader::workers"": 3, ""training::batchsize"": 256, ""training::checkpoint_dir"": null, ""training::dataloader"": ""normal"", ""training::epochs_train"": 50, ""training::idx_out"": 500, ""training::loss"": ""nll"", ""training::output_epoch"": 1, ""training::start_epoch"": 1, ""training::val_epochs"": 1, ""wandb"": {""api_key_file"": ""/netscratch2/kschuerholt/wandb/wandb.key"", ""log_config"": false, ""project"": ""CIFAR10 Resnet18 kaiming-uniform""}}",Published intermediate trained checkpoint at Ray training_iteration=25; NOT final iteration 50. Exactly one checkpoint per independent run. Train/validation split 40000/10000 with split seed 42.,2026-09-07T05:15:43Z,verified,CIFAR-10,"[""airplane"", ""automobile"", ""bird"", ""cat"", ""deer"", ""dog"", ""frog"", ""horse"", ""ship"", ""truck""]",efccaf3fc2e15dc55788f132d2341861be13312e,,,"{""adapter"": ""modelzoos_resnet18""}","{""kind"": ""remote_zip"", ""archive_size"": 5144551497, ""member"": ""cifar10_resnet18_sample_ep21-25/NN_tune_trainable_0ecbc_00811_811_seed=812_2022-08-07_12-33-02/checkpoint_000025/checkpoints"", ""member_index"": {""name"": ""cifar10_resnet18_sample_ep21-25/NN_tune_trainable_0ecbc_00811_811_seed=812_2022-08-07_12-33-02/checkpoint_000025/checkpoints"", ""size"": 44773837, ""compressed"": 41170857, ""offset"": 4979846727}}",metadata/evidence/zoo_generator.txt,"metadata/evidence/B019/params.json; unique seed + Ray trial_id; generator grid_search seeds=1..1000, reuse_actors=False, resume=False, checkpoint_dir=None",44773837,8b037eb25ae85c96318cd6b64e6f60611052fa3420a9bfa5d9dc1e56cd3560a8,85.9375,"{""model_id"": ""B019"", ""passed"": true, ""samples"": 256, ""correct"": 220, ""accuracy_percent"": 85.9375, ""checkpoint_sha256"": ""2db3b8232239c0f65e105c33ee23a820d403db810ef99b484f18579425e12135"", ""full_test_set"": false, ""subset_seed"": 20260907, ""indices_sha256"": ""072da18cce220a907a9a5eca3c800500e2f6d972c4903c62f6903308ebdecf30"", ""preprocessing"": ""native"", ""device"": ""cpu"", ""torch_version"": ""2.14.0+cpu"", ""seconds"": 3.991, ""date"": ""2026-09-07T05:18:13Z""}",wrapper,"{""torch"": ""2.14.0+cpu"", ""torchvision"": ""0.29.0+cpu""}",,,,11173962,0,"[0.0, 1.0]",RGB,NCHW,logits,10,,,,NN_tune_trainable_0ecbc_00811_811_seed=812_2022-08-07_12-33-02,25,25,
B020,B,original_050,,ResNet18-CIFAR-3x3-no-maxpool,ResNet,modelzoos:ResNet18-CIFAR-3x3-no-maxpool,modelzoos,https://github.com/ModelZoos/ModelZooDataset,https://zenodo.org/records/13144018,https://zenodo.org/api/records/13144018/files/cifar10_resnet18_sample_ep21-25.zip/content,cifar10_resnet18_sample_ep21-25/NN_tune_trainable_0ecbc_00835_835_seed=836_2022-08-07_14-28-20/checkpoint_000025/checkpoints,checkpoints/B/B020_resnet18_seed836_iteration25.pt,3c8f5228ab7f9a780e3ddb745157683ec451f37dc6ec5ca4cf13c030a6b60cdb,f77acb2c044806c4e24cd7325c3ae2fe6ba36a72d9d91fdc15199d159f5596be,PyTorch,2.14.0+cpu,state_dict,11173962,"[3, 32, 32]","[0.4913725490196078, 0.4823529411764706, 0.4466666666666667]","[0.24705882352941178, 0.24352941176470588, 0.2615686274509804]",84.98,,836,sgd,0.05,0.0005,"[""RandomCrop(32,padding=4)"", ""RandomHorizontalFlip""]","{""cuda"": true, ""dataset::dump"": ""/netscratch2/kschuerholt/code/versai/model_zoos/zoos/CIFAR10/resnet19/kaiming_uniform/tune_zoo_cifar10_resnet18_kaiming_uniform/dataset.pt"", ""model::channels_in"": 3, ""model::dropout"": 0.0, ""model::init_type"": ""kaiming_uniform"", ""model::nlin"": ""relu"", ""model::o_dim"": 10, ""model::type"": ""Resnet18"", ""model::use_bias"": false, ""optim::lr"": 0.05, ""optim::momentum"": 0.9, ""optim::optimizer"": ""sgd"", ""optim::scheduler"": ""OneCycleLR"", ""optim::wd"": 0.0005, ""seed"": 836, ""testloader::workers"": 3, ""training::batchsize"": 256, ""training::checkpoint_dir"": null, ""training::dataloader"": ""normal"", ""training::epochs_train"": 50, ""training::idx_out"": 500, ""training::loss"": ""nll"", ""training::output_epoch"": 1, ""training::start_epoch"": 1, ""training::val_epochs"": 1, ""wandb"": {""api_key_file"": ""/netscratch2/kschuerholt/wandb/wandb.key"", ""log_config"": false, ""project"": ""CIFAR10 Resnet18 kaiming-uniform""}}",Published intermediate trained checkpoint at Ray training_iteration=25; NOT final iteration 50. Exactly one checkpoint per independent run. Train/validation split 40000/10000 with split seed 42.,2026-09-07T05:14:58Z,verified,CIFAR-10,"[""airplane"", ""automobile"", ""bird"", ""cat"", ""deer"", ""dog"", ""frog"", ""horse"", ""ship"", ""truck""]",efccaf3fc2e15dc55788f132d2341861be13312e,,,"{""adapter"": ""modelzoos_resnet18""}","{""kind"": ""remote_zip"", ""archive_size"": 5144551497, ""member"": ""cifar10_resnet18_sample_ep21-25/NN_tune_trainable_0ecbc_00835_835_seed=836_2022-08-07_14-28-20/checkpoint_000025/checkpoints"", ""member_index"": {""name"": ""cifar10_resnet18_sample_ep21-25/NN_tune_trainable_0ecbc_00835_835_seed=836_2022-08-07_14-28-20/checkpoint_000025/checkpoints"", ""size"": 44773837, ""compressed"": 41170884, ""offset"": 3621737317}}",metadata/evidence/zoo_generator.txt,"metadata/evidence/B020/params.json; unique seed + Ray trial_id; generator grid_search seeds=1..1000, reuse_actors=False, resume=False, checkpoint_dir=None",44773837,93b0109445bd6f1ffefad9ad045472f209c6f5340b8752f321fdff6f664611e7,80.46875,"{""model_id"": ""B020"", ""passed"": true, ""samples"": 256, ""correct"": 206, ""accuracy_percent"": 80.46875, ""checkpoint_sha256"": ""3c8f5228ab7f9a780e3ddb745157683ec451f37dc6ec5ca4cf13c030a6b60cdb"", ""full_test_set"": false, ""subset_seed"": 20260907, ""indices_sha256"": ""072da18cce220a907a9a5eca3c800500e2f6d972c4903c62f6903308ebdecf30"", ""preprocessing"": ""native"", ""device"": ""cpu"", ""torch_version"": ""2.14.0+cpu"", ""seconds"": 3.941, ""date"": ""2026-09-07T05:18:18Z""}",wrapper,"{""torch"": ""2.14.0+cpu"", ""torchvision"": ""0.29.0+cpu""}",,,,11173962,0,"[0.0, 1.0]",RGB,NCHW,logits,10,,,,NN_tune_trainable_0ecbc_00835_835_seed=836_2022-08-07_14-28-20,25,25,
B021,B,original_051,,ResNet18-CIFAR-3x3-no-maxpool,ResNet,modelzoos:ResNet18-CIFAR-3x3-no-maxpool,modelzoos,https://github.com/ModelZoos/ModelZooDataset,https://zenodo.org/records/13144018,https://zenodo.org/api/records/13144018/files/cifar10_resnet18_sample_ep21-25.zip/content,cifar10_resnet18_sample_ep21-25/NN_tune_trainable_0ecbc_00880_880_seed=881_2022-08-07_18-00-39/checkpoint_000025/checkpoints,checkpoints/B/B021_resnet18_seed881_iteration25.pt,cb6723b6cc8d6fec7b9b5f90268ae09b44a4d756882729f39a71c8cdde134823,bba0618215b3693d5ec433afb9641ee5b02c07902f97809e3768f993ddecfa7d,PyTorch,2.14.0+cpu,state_dict,11173962,"[3, 32, 32]","[0.4913725490196078, 0.4823529411764706, 0.4466666666666667]","[0.24705882352941178, 0.24352941176470588, 0.2615686274509804]",85.0,,881,sgd,0.05,0.0005,"[""RandomCrop(32,padding=4)"", ""RandomHorizontalFlip""]","{""cuda"": true, ""dataset::dump"": ""/netscratch2/kschuerholt/code/versai/model_zoos/zoos/CIFAR10/resnet19/kaiming_uniform/tune_zoo_cifar10_resnet18_kaiming_uniform/dataset.pt"", ""model::channels_in"": 3, ""model::dropout"": 0.0, ""model::init_type"": ""kaiming_uniform"", ""model::nlin"": ""relu"", ""model::o_dim"": 10, ""model::type"": ""Resnet18"", ""model::use_bias"": false, ""optim::lr"": 0.05, ""optim::momentum"": 0.9, ""optim::optimizer"": ""sgd"", ""optim::scheduler"": ""OneCycleLR"", ""optim::wd"": 0.0005, ""seed"": 881, ""testloader::workers"": 3, ""training::batchsize"": 256, ""training::checkpoint_dir"": null, ""training::dataloader"": ""normal"", ""training::epochs_train"": 50, ""training::idx_out"": 500, ""training::loss"": ""nll"", ""training::output_epoch"": 1, ""training::start_epoch"": 1, ""training::val_epochs"": 1, ""wandb"": {""api_key_file"": ""/netscratch2/kschuerholt/wandb/wandb.key"", ""log_config"": false, ""project"": ""CIFAR10 Resnet18 kaiming-uniform""}}",Published intermediate trained checkpoint at Ray training_iteration=25; NOT final iteration 50. Exactly one checkpoint per independent run. Train/validation split 40000/10000 with split seed 42.,2026-09-07T05:15:20Z,verified,CIFAR-10,"[""airplane"", ""automobile"", ""bird"", ""cat"", ""deer"", ""dog"", ""frog"", ""horse"", ""ship"", ""truck""]",efccaf3fc2e15dc55788f132d2341861be13312e,,,"{""adapter"": ""modelzoos_resnet18""}","{""kind"": ""remote_zip"", ""archive_size"": 5144551497, ""member"": ""cifar10_resnet18_sample_ep21-25/NN_tune_trainable_0ecbc_00880_880_seed=881_2022-08-07_18-00-39/checkpoint_000025/checkpoints"", ""member_index"": {""name"": ""cifar10_resnet18_sample_ep21-25/NN_tune_trainable_0ecbc_00880_880_seed=881_2022-08-07_18-00-39/checkpoint_000025/checkpoints"", ""size"": 44773837, ""compressed"": 41169360, ""offset"": 4527167490}}",metadata/evidence/zoo_generator.txt,"metadata/evidence/B021/params.json; unique seed + Ray trial_id; generator grid_search seeds=1..1000, reuse_actors=False, resume=False, checkpoint_dir=None",44773837,89d5624e9462c1543f06fe9ca73831994508976dfaba6d3dea51ad6674e00548,81.640625,"{""model_id"": ""B021"", ""passed"": true, ""samples"": 256, ""correct"": 209, ""accuracy_percent"": 81.640625, ""checkpoint_sha256"": ""cb6723b6cc8d6fec7b9b5f90268ae09b44a4d756882729f39a71c8cdde134823"", ""full_test_set"": false, ""subset_seed"": 20260907, ""indices_sha256"": ""072da18cce220a907a9a5eca3c800500e2f6d972c4903c62f6903308ebdecf30"", ""preprocessing"": ""native"", ""device"": ""cpu"", ""torch_version"": ""2.14.0+cpu"", ""seconds"": 4.023, ""date"": ""2026-09-07T05:18:22Z""}",wrapper,"{""torch"": ""2.14.0+cpu"", ""torchvision"": ""0.29.0+cpu""}",,,,11173962,0,"[0.0, 1.0]",RGB,NCHW,logits,10,,,,NN_tune_trainable_0ecbc_00880_880_seed=881_2022-08-07_18-00-39,25,25,
B022,B,original_052,,ResNet18-CIFAR-3x3-no-maxpool,ResNet,modelzoos:ResNet18-CIFAR-3x3-no-maxpool,modelzoos,https://github.com/ModelZoos/ModelZooDataset,https://zenodo.org/records/13144018,https://zenodo.org/api/records/13144018/files/cifar10_resnet18_sample_ep21-25.zip/content,cifar10_resnet18_sample_ep21-25/NN_tune_trainable_0ecbc_00893_893_seed=894_2022-08-07_19-02-34/checkpoint_000025/checkpoints,checkpoints/B/B022_resnet18_seed894_iteration25.pt,087dd05f49fb73846749306a5ee7a6d63ed97c2ab3955ed80f1db20dbf30af22,9b2a48edf0538035906e7c3c21bc8a6b7bec7ab85d0aa8f3578911c9c14e7680,PyTorch,2.14.0+cpu,state_dict,11173962,"[3, 32, 32]","[0.4913725490196078, 0.4823529411764706, 0.4466666666666667]","[0.24705882352941178, 0.24352941176470588, 0.2615686274509804]",86.49,,894,sgd,0.05,0.0005,"[""RandomCrop(32,padding=4)"", ""RandomHorizontalFlip""]","{""cuda"": true, ""dataset::dump"": ""/netscratch2/kschuerholt/code/versai/model_zoos/zoos/CIFAR10/resnet19/kaiming_uniform/tune_zoo_cifar10_resnet18_kaiming_uniform/dataset.pt"", ""model::channels_in"": 3, ""model::dropout"": 0.0, ""model::init_type"": ""kaiming_uniform"", ""model::nlin"": ""relu"", ""model::o_dim"": 10, ""model::type"": ""Resnet18"", ""model::use_bias"": false, ""optim::lr"": 0.05, ""optim::momentum"": 0.9, ""optim::optimizer"": ""sgd"", ""optim::scheduler"": ""OneCycleLR"", ""optim::wd"": 0.0005, ""seed"": 894, ""testloader::workers"": 3, ""training::batchsize"": 256, ""training::checkpoint_dir"": null, ""training::dataloader"": ""normal"", ""training::epochs_train"": 50, ""training::idx_out"": 500, ""training::loss"": ""nll"", ""training::output_epoch"": 1, ""training::start_epoch"": 1, ""training::val_epochs"": 1, ""wandb"": {""api_key_file"": ""/netscratch2/kschuerholt/wandb/wandb.key"", ""log_config"": false, ""project"": ""CIFAR10 Resnet18 kaiming-uniform""}}",Published intermediate trained checkpoint at Ray training_iteration=25; NOT final iteration 50. Exactly one checkpoint per independent run. Train/validation split 40000/10000 with split seed 42.,2026-09-07T05:15:23Z,verified,CIFAR-10,"[""airplane"", ""automobile"", ""bird"", ""cat"", ""deer"", ""dog"", ""frog"", ""horse"", ""ship"", ""truck""]",efccaf3fc2e15dc55788f132d2341861be13312e,,,"{""adapter"": ""modelzoos_resnet18""}","{""kind"": ""remote_zip"", ""archive_size"": 5144551497, ""member"": ""cifar10_resnet18_sample_ep21-25/NN_tune_trainable_0ecbc_00893_893_seed=894_2022-08-07_19-02-34/checkpoint_000025/checkpoints"", ""member_index"": {""name"": ""cifar10_resnet18_sample_ep21-25/NN_tune_trainable_0ecbc_00893_893_seed=894_2022-08-07_19-02-34/checkpoint_000025/checkpoints"", ""size"": 44773837, ""compressed"": 41172262, ""offset"": 1646225600}}",metadata/evidence/zoo_generator.txt,"metadata/evidence/B022/params.json; unique seed + Ray trial_id; generator grid_search seeds=1..1000, reuse_actors=False, resume=False, checkpoint_dir=None",44773837,36fd53869d31f91bb79df9965965b56f1cf02bb9d6c210b53c0db2b740b285d0,83.59375,"{""model_id"": ""B022"", ""passed"": true, ""samples"": 256, ""correct"": 214, ""accuracy_percent"": 83.59375, ""checkpoint_sha256"": ""087dd05f49fb73846749306a5ee7a6d63ed97c2ab3955ed80f1db20dbf30af22"", ""full_test_set"": false, ""subset_seed"": 20260907, ""indices_sha256"": ""072da18cce220a907a9a5eca3c800500e2f6d972c4903c62f6903308ebdecf30"", ""preprocessing"": ""native"", ""device"": ""cpu"", ""torch_version"": ""2.14.0+cpu"", ""seconds"": 3.98, ""date"": ""2026-09-07T05:18:26Z""}",wrapper,"{""torch"": ""2.14.0+cpu"", ""torchvision"": ""0.29.0+cpu""}",,,,11173962,0,"[0.0, 1.0]",RGB,NCHW,logits,10,,,,NN_tune_trainable_0ecbc_00893_893_seed=894_2022-08-07_19-02-34,25,25,
B023,B,original_053,,ResNet18-CIFAR-3x3-no-maxpool,ResNet,modelzoos:ResNet18-CIFAR-3x3-no-maxpool,modelzoos,https://github.com/ModelZoos/ModelZooDataset,https://zenodo.org/records/13144018,https://zenodo.org/api/records/13144018/files/cifar10_resnet18_sample_ep21-25.zip/content,cifar10_resnet18_sample_ep21-25/NN_tune_trainable_0ecbc_00940_940_seed=941_2022-08-07_22-51-44/checkpoint_000025/checkpoints,checkpoints/B/B023_resnet18_seed941_iteration25.pt,3b79d354bca1e1ddb2b5c93c64bdbc8b15e5fdae14397283db9f2d04b1715fa0,64529d5c891131a6fa05a5b54188db0698d2317133b14b285027043473114cd5,PyTorch,2.14.0+cpu,state_dict,11173962,"[3, 32, 32]","[0.4913725490196078, 0.4823529411764706, 0.4466666666666667]","[0.24705882352941178, 0.24352941176470588, 0.2615686274509804]",86.7,,941,sgd,0.05,0.0005,"[""RandomCrop(32,padding=4)"", ""RandomHorizontalFlip""]","{""cuda"": true, ""dataset::dump"": ""/netscratch2/kschuerholt/code/versai/model_zoos/zoos/CIFAR10/resnet19/kaiming_uniform/tune_zoo_cifar10_resnet18_kaiming_uniform/dataset.pt"", ""model::channels_in"": 3, ""model::dropout"": 0.0, ""model::init_type"": ""kaiming_uniform"", ""model::nlin"": ""relu"", ""model::o_dim"": 10, ""model::type"": ""Resnet18"", ""model::use_bias"": false, ""optim::lr"": 0.05, ""optim::momentum"": 0.9, ""optim::optimizer"": ""sgd"", ""optim::scheduler"": ""OneCycleLR"", ""optim::wd"": 0.0005, ""seed"": 941, ""testloader::workers"": 3, ""training::batchsize"": 256, ""training::checkpoint_dir"": null, ""training::dataloader"": ""normal"", ""training::epochs_train"": 50, ""training::idx_out"": 500, ""training::loss"": ""nll"", ""training::output_epoch"": 1, ""training::start_epoch"": 1, ""training::val_epochs"": 1, ""wandb"": {""api_key_file"": ""/netscratch2/kschuerholt/wandb/wandb.key"", ""log_config"": false, ""project"": ""CIFAR10 Resnet18 kaiming-uniform""}}",Published intermediate trained checkpoint at Ray training_iteration=25; NOT final iteration 50. Exactly one checkpoint per independent run. Train/validation split 40000/10000 with split seed 42.,2026-09-07T05:15:52Z,verified,CIFAR-10,"[""airplane"", ""automobile"", ""bird"", ""cat"", ""deer"", ""dog"", ""frog"", ""horse"", ""ship"", ""truck""]",efccaf3fc2e15dc55788f132d2341861be13312e,,,"{""adapter"": ""modelzoos_resnet18""}","{""kind"": ""remote_zip"", ""archive_size"": 5144551497, ""member"": ""cifar10_resnet18_sample_ep21-25/NN_tune_trainable_0ecbc_00940_940_seed=941_2022-08-07_22-51-44/checkpoint_000025/checkpoints"", ""member_index"": {""name"": ""cifar10_resnet18_sample_ep21-25/NN_tune_trainable_0ecbc_00940_940_seed=941_2022-08-07_22-51-44/checkpoint_000025/checkpoints"", ""size"": 44773837, ""compressed"": 41170771, ""offset"": 2798602954}}",metadata/evidence/zoo_generator.txt,"metadata/evidence/B023/params.json; unique seed + Ray trial_id; generator grid_search seeds=1..1000, reuse_actors=False, resume=False, checkpoint_dir=None",44773837,ec822ec203a0fe28b2cd37d83aa05daf96cfdb1ff1b11c029ffe384adbde1812,87.109375,"{""model_id"": ""B023"", ""passed"": true, ""samples"": 256, ""correct"": 223, ""accuracy_percent"": 87.109375, ""checkpoint_sha256"": ""3b79d354bca1e1ddb2b5c93c64bdbc8b15e5fdae14397283db9f2d04b1715fa0"", ""full_test_set"": false, ""subset_seed"": 20260907, ""indices_sha256"": ""072da18cce220a907a9a5eca3c800500e2f6d972c4903c62f6903308ebdecf30"", ""preprocessing"": ""native"", ""device"": ""cpu"", ""torch_version"": ""2.14.0+cpu"", ""seconds"": 3.941, ""date"": ""2026-09-07T05:18:30Z""}",wrapper,"{""torch"": ""2.14.0+cpu"", ""torchvision"": ""0.29.0+cpu""}",,,,11173962,0,"[0.0, 1.0]",RGB,NCHW,logits,10,,,,NN_tune_trainable_0ecbc_00940_940_seed=941_2022-08-07_22-51-44,25,25,
B024,B,original_054,,ResNet18-CIFAR-3x3-no-maxpool,ResNet,modelzoos:ResNet18-CIFAR-3x3-no-maxpool,modelzoos,https://github.com/ModelZoos/ModelZooDataset,https://zenodo.org/records/13144018,https://zenodo.org/api/records/13144018/files/cifar10_resnet18_sample_ep21-25.zip/content,cifar10_resnet18_sample_ep21-25/NN_tune_trainable_0ecbc_00961_961_seed=962_2022-08-08_00-32-15/checkpoint_000025/checkpoints,checkpoints/B/B024_resnet18_seed962_iteration25.pt,74da8f3e17eb6cd235dde83e4ff56142427ab44af65658d49905830a1ce83c1a,905a39149efd389771ee52a4e82cfabb617c07d82d3ef8a630dfa97049ba97e0,PyTorch,2.14.0+cpu,state_dict,11173962,"[3, 32, 32]","[0.4913725490196078, 0.4823529411764706, 0.4466666666666667]","[0.24705882352941178, 0.24352941176470588, 0.2615686274509804]",86.55000000000001,,962,sgd,0.05,0.0005,"[""RandomCrop(32,padding=4)"", ""RandomHorizontalFlip""]","{""cuda"": true, ""dataset::dump"": ""/netscratch2/kschuerholt/code/versai/model_zoos/zoos/CIFAR10/resnet19/kaiming_uniform/tune_zoo_cifar10_resnet18_kaiming_uniform/dataset.pt"", ""model::channels_in"": 3, ""model::dropout"": 0.0, ""model::init_type"": ""kaiming_uniform"", ""model::nlin"": ""relu"", ""model::o_dim"": 10, ""model::type"": ""Resnet18"", ""model::use_bias"": false, ""optim::lr"": 0.05, ""optim::momentum"": 0.9, ""optim::optimizer"": ""sgd"", ""optim::scheduler"": ""OneCycleLR"", ""optim::wd"": 0.0005, ""seed"": 962, ""testloader::workers"": 3, ""training::batchsize"": 256, ""training::checkpoint_dir"": null, ""training::dataloader"": ""normal"", ""training::epochs_train"": 50, ""training::idx_out"": 500, ""training::loss"": ""nll"", ""training::output_epoch"": 1, ""training::start_epoch"": 1, ""training::val_epochs"": 1, ""wandb"": {""api_key_file"": ""/netscratch2/kschuerholt/wandb/wandb.key"", ""log_config"": false, ""project"": ""CIFAR10 Resnet18 kaiming-uniform""}}",Published intermediate trained checkpoint at Ray training_iteration=25; NOT final iteration 50. Exactly one checkpoint per independent run. Train/validation split 40000/10000 with split seed 42.,2026-09-07T05:15:58Z,verified,CIFAR-10,"[""airplane"", ""automobile"", ""bird"", ""cat"", ""deer"", ""dog"", ""frog"", ""horse"", ""ship"", ""truck""]",efccaf3fc2e15dc55788f132d2341861be13312e,,,"{""adapter"": ""modelzoos_resnet18""}","{""kind"": ""remote_zip"", ""archive_size"": 5144551497, ""member"": ""cifar10_resnet18_sample_ep21-25/NN_tune_trainable_0ecbc_00961_961_seed=962_2022-08-08_00-32-15/checkpoint_000025/checkpoints"", ""member_index"": {""name"": ""cifar10_resnet18_sample_ep21-25/NN_tune_trainable_0ecbc_00961_961_seed=962_2022-08-08_00-32-15/checkpoint_000025/checkpoints"", ""size"": 44773837, ""compressed"": 41171553, ""offset"": 658483385}}",metadata/evidence/zoo_generator.txt,"metadata/evidence/B024/params.json; unique seed + Ray trial_id; generator grid_search seeds=1..1000, reuse_actors=False, resume=False, checkpoint_dir=None",44773837,b34e6d60b3381fc71a0c85b50a350e3bcde2a49526fdbcec9f08c4cccbcb758f,85.15625,"{""model_id"": ""B024"", ""passed"": true, ""samples"": 256, ""correct"": 218, ""accuracy_percent"": 85.15625, ""checkpoint_sha256"": ""74da8f3e17eb6cd235dde83e4ff56142427ab44af65658d49905830a1ce83c1a"", ""full_test_set"": false, ""subset_seed"": 20260907, ""indices_sha256"": ""072da18cce220a907a9a5eca3c800500e2f6d972c4903c62f6903308ebdecf30"", ""preprocessing"": ""native"", ""device"": ""cpu"", ""torch_version"": ""2.14.0+cpu"", ""seconds"": 4.005, ""date"": ""2026-09-07T05:18:34Z""}",wrapper,"{""torch"": ""2.14.0+cpu"", ""torchvision"": ""0.29.0+cpu""}",,,,11173962,0,"[0.0, 1.0]",RGB,NCHW,logits,10,,,,NN_tune_trainable_0ecbc_00961_961_seed=962_2022-08-08_00-32-15,25,25,
B025,B,original_055,,ResNet18-CIFAR-3x3-no-maxpool,ResNet,modelzoos:ResNet18-CIFAR-3x3-no-maxpool,modelzoos,https://github.com/ModelZoos/ModelZooDataset,https://zenodo.org/records/13144018,https://zenodo.org/api/records/13144018/files/cifar10_resnet18_sample_ep21-25.zip/content,cifar10_resnet18_sample_ep21-25/NN_tune_trainable_0ecbc_00984_984_seed=985_2022-08-08_02-25-07/checkpoint_000025/checkpoints,checkpoints/B/B025_resnet18_seed985_iteration25.pt,3a89cdceaf137598d098ed9330616e8a6c14b50dcfa32f51782e984d0873ff65,cd4b9ee830cb5f8fb7931192625258406f1ff6db8dd0f10f10e9a60e2742431c,PyTorch,2.14.0+cpu,state_dict,11173962,"[3, 32, 32]","[0.4913725490196078, 0.4823529411764706, 0.4466666666666667]","[0.24705882352941178, 0.24352941176470588, 0.2615686274509804]",86.95,,985,sgd,0.05,0.0005,"[""RandomCrop(32,padding=4)"", ""RandomHorizontalFlip""]","{""cuda"": true, ""dataset::dump"": ""/netscratch2/kschuerholt/code/versai/model_zoos/zoos/CIFAR10/resnet19/kaiming_uniform/tune_zoo_cifar10_resnet18_kaiming_uniform/dataset.pt"", ""model::channels_in"": 3, ""model::dropout"": 0.0, ""model::init_type"": ""kaiming_uniform"", ""model::nlin"": ""relu"", ""model::o_dim"": 10, ""model::type"": ""Resnet18"", ""model::use_bias"": false, ""optim::lr"": 0.05, ""optim::momentum"": 0.9, ""optim::optimizer"": ""sgd"", ""optim::scheduler"": ""OneCycleLR"", ""optim::wd"": 0.0005, ""seed"": 985, ""testloader::workers"": 3, ""training::batchsize"": 256, ""training::checkpoint_dir"": null, ""training::dataloader"": ""normal"", ""training::epochs_train"": 50, ""training::idx_out"": 500, ""training::loss"": ""nll"", ""training::output_epoch"": 1, ""training::start_epoch"": 1, ""training::val_epochs"": 1, ""wandb"": {""api_key_file"": ""/netscratch2/kschuerholt/wandb/wandb.key"", ""log_config"": false, ""project"": ""CIFAR10 Resnet18 kaiming-uniform""}}",Published intermediate trained checkpoint at Ray training_iteration=25; NOT final iteration 50. Exactly one checkpoint per independent run. Train/validation split 40000/10000 with split seed 42.,2026-09-07T05:16:26Z,verified,CIFAR-10,"[""airplane"", ""automobile"", ""bird"", ""cat"", ""deer"", ""dog"", ""frog"", ""horse"", ""ship"", ""truck""]",efccaf3fc2e15dc55788f132d2341861be13312e,,,"{""adapter"": ""modelzoos_resnet18""}","{""kind"": ""remote_zip"", ""archive_size"": 5144551497, ""member"": ""cifar10_resnet18_sample_ep21-25/NN_tune_trainable_0ecbc_00984_984_seed=985_2022-08-08_02-25-07/checkpoint_000025/checkpoints"", ""member_index"": {""name"": ""cifar10_resnet18_sample_ep21-25/NN_tune_trainable_0ecbc_00984_984_seed=985_2022-08-08_02-25-07/checkpoint_000025/checkpoints"", ""size"": 44773837, ""compressed"": 41168407, ""offset"": 4732937191}}",metadata/evidence/zoo_generator.txt,"metadata/evidence/B025/params.json; unique seed + Ray trial_id; generator grid_search seeds=1..1000, reuse_actors=False, resume=False, checkpoint_dir=None",44773837,930e642962cbd623921088617b612e5646a5f46be6c5a5f3a84f6c38821af106,84.375,"{""model_id"": ""B025"", ""passed"": true, ""samples"": 256, ""correct"": 216, ""accuracy_percent"": 84.375, ""checkpoint_sha256"": ""3a89cdceaf137598d098ed9330616e8a6c14b50dcfa32f51782e984d0873ff65"", ""full_test_set"": false, ""subset_seed"": 20260907, ""indices_sha256"": ""072da18cce220a907a9a5eca3c800500e2f6d972c4903c62f6903308ebdecf30"", ""preprocessing"": ""native"", ""device"": ""cpu"", ""torch_version"": ""2.14.0+cpu"", ""seconds"": 4.249, ""date"": ""2026-09-07T05:18:39Z""}",wrapper,"{""torch"": ""2.14.0+cpu"", ""torchvision"": ""0.29.0+cpu""}",,,,11173962,0,"[0.0, 1.0]",RGB,NCHW,logits,10,,,,NN_tune_trainable_0ecbc_00984_984_seed=985_2022-08-08_02-25-07,25,25,
B026,B,original_056,,ResNet18-CIFAR-3x3-no-maxpool,ResNet,modelzoos:ResNet18-CIFAR-3x3-no-maxpool,modelzoos,https://github.com/ModelZoos/ModelZooDataset,https://github.com/ModelZoos/ModelZooDataset,https://ai.unisg.ch/files/tar_files/tune_zoo_cifar10_resnet18_kaiming_uniform.tar,tune_zoo_cifar10_resnet18_kaiming_uniform/NN_tune_trainable_0ecbc_00440_440_seed=441_2022-08-06_06-07-23/checkpoint_000025/checkpoints,checkpoints/B/B026_resnet18_seed441_iteration25.pt,c9f0d0de0f16e0f20d9d56a98217849068f874935aa1c0db09fb6255c5509b24,923e693bc26838f2441850089aecb9b7d6773a86c5558db785e171d1ab4059b8,PyTorch,2.14.0+cpu,state_dict,11173962,"[3, 32, 32]","[0.4913725490196078, 0.4823529411764706, 0.4466666666666667]","[0.24705882352941178, 0.24352941176470588, 0.2615686274509804]",83.32000000000001,83.32,441,sgd,0.05,0.0005,"[""RandomCrop(32,padding=4)"", ""RandomHorizontalFlip""]","{""cuda"": true, ""dataset::dump"": ""/netscratch2/kschuerholt/code/versai/model_zoos/zoos/CIFAR10/resnet19/kaiming_uniform/tune_zoo_cifar10_resnet18_kaiming_uniform/dataset.pt"", ""model::channels_in"": 3, ""model::dropout"": 0.0, ""model::init_type"": ""kaiming_uniform"", ""model::nlin"": ""relu"", ""model::o_dim"": 10, ""model::type"": ""Resnet18"", ""model::use_bias"": false, ""optim::lr"": 0.05, ""optim::momentum"": 0.9, ""optim::optimizer"": ""sgd"", ""optim::scheduler"": ""OneCycleLR"", ""optim::wd"": 0.0005, ""seed"": 441, ""testloader::workers"": 3, ""training::batchsize"": 256, ""training::checkpoint_dir"": null, ""training::dataloader"": ""normal"", ""training::epochs_train"": 50, ""training::idx_out"": 500, ""training::loss"": ""nll"", ""training::output_epoch"": 1, ""training::start_epoch"": 1, ""training::val_epochs"": 1, ""wandb"": {""api_key_file"": ""/netscratch2/kschuerholt/wandb/wandb.key"", ""log_config"": false, ""project"": ""CIFAR10 Resnet18 kaiming-uniform""}}",Published intermediate trained checkpoint at Ray training_iteration=25; NOT final iteration 50. Exactly one checkpoint per independent run. Train/validation split 40000/10000 with split seed 42.,2026-09-07T05:15:58Z,verified,CIFAR-10,"[""airplane"", ""automobile"", ""bird"", ""cat"", ""deer"", ""dog"", ""frog"", ""horse"", ""ship"", ""truck""]",efccaf3fc2e15dc55788f132d2341861be13312e,,,"{""adapter"": ""modelzoos_resnet18""}","{""kind"": ""tar_range"", ""member"": ""tune_zoo_cifar10_resnet18_kaiming_uniform/NN_tune_trainable_0ecbc_00440_440_seed=441_2022-08-06_06-07-23/checkpoint_000025/checkpoints"", ""offset"": 2149344768, ""length"": 44773837, ""archive_size"": 2328714690560}",metadata/evidence/zoo_generator.txt,"metadata/evidence/B026/params.json; unique seed + Ray trial_id; generator grid_search seeds=1..1000, reuse_actors=False, resume=False, checkpoint_dir=None",44773837,8ef727c676bca570153766899ece53757522ac95942590387ae9fc2ab5cdc3b6,78.125,"{""model_id"": ""B026"", ""passed"": true, ""samples"": 256, ""correct"": 200, ""accuracy_percent"": 78.125, ""checkpoint_sha256"": ""c9f0d0de0f16e0f20d9d56a98217849068f874935aa1c0db09fb6255c5509b24"", ""full_test_set"": false, ""subset_seed"": 20260907, ""indices_sha256"": ""072da18cce220a907a9a5eca3c800500e2f6d972c4903c62f6903308ebdecf30"", ""preprocessing"": ""native"", ""device"": ""cpu"", ""torch_version"": ""2.14.0+cpu"", ""seconds"": 4.021, ""date"": ""2026-09-07T05:18:43Z""}",wrapper,"{""torch"": ""2.14.0+cpu"", ""torchvision"": ""0.29.0+cpu""}","{""model_id"": ""B026"", ""passed"": true, ""samples"": 10000, ""correct"": 8332, ""accuracy_percent"": 83.32, ""checkpoint_sha256"": ""c9f0d0de0f16e0f20d9d56a98217849068f874935aa1c0db09fb6255c5509b24"", ""full_test_set"": true, ""subset_seed"": null, ""indices_sha256"": ""7d99a727ec84a6794eb1905bb9aa18ce6bfcef7a3b7cc203a68b281fb7f46e61"", ""preprocessing"": ""native"", ""device"": ""cpu"", ""torch_version"": ""2.14.0+cpu"", ""seconds"": 148.429, ""date"": ""2026-09-07T05:22:08Z""}",-0.0,,11173962,0,"[0.0, 1.0]",RGB,NCHW,logits,10,,,,NN_tune_trainable_0ecbc_00440_440_seed=441_2022-08-06_06-07-23,25,25,
B027,B,original_057,,ResNet18-CIFAR-3x3-no-maxpool,ResNet,modelzoos:ResNet18-CIFAR-3x3-no-maxpool,modelzoos,https://github.com/ModelZoos/ModelZooDataset,https://github.com/ModelZoos/ModelZooDataset,https://ai.unisg.ch/files/tar_files/tune_zoo_cifar10_resnet18_kaiming_uniform.tar,tune_zoo_cifar10_resnet18_kaiming_uniform/NN_tune_trainable_0ecbc_00646_646_seed=647_2022-08-06_23-15-56/checkpoint_000025/checkpoints,checkpoints/B/B027_resnet18_seed647_iteration25.pt,6544b8889af5468a58e5b628555bb9a03f0ff508f4faf0617115c6f8a47c297f,9bc5794ec5f9eb7f01727250171356e82c30f08c4685aed36f26b84575a9ff14,PyTorch,2.14.0+cpu,state_dict,11173962,"[3, 32, 32]","[0.4913725490196078, 0.4823529411764706, 0.4466666666666667]","[0.24705882352941178, 0.24352941176470588, 0.2615686274509804]",86.53999999999999,,647,sgd,0.05,0.0005,"[""RandomCrop(32,padding=4)"", ""RandomHorizontalFlip""]","{""cuda"": true, ""dataset::dump"": ""/netscratch2/kschuerholt/code/versai/model_zoos/zoos/CIFAR10/resnet19/kaiming_uniform/tune_zoo_cifar10_resnet18_kaiming_uniform/dataset.pt"", ""model::channels_in"": 3, ""model::dropout"": 0.0, ""model::init_type"": ""kaiming_uniform"", ""model::nlin"": ""relu"", ""model::o_dim"": 10, ""model::type"": ""Resnet18"", ""model::use_bias"": false, ""optim::lr"": 0.05, ""optim::momentum"": 0.9, ""optim::optimizer"": ""sgd"", ""optim::scheduler"": ""OneCycleLR"", ""optim::wd"": 0.0005, ""seed"": 647, ""testloader::workers"": 3, ""training::batchsize"": 256, ""training::checkpoint_dir"": null, ""training::dataloader"": ""normal"", ""training::epochs_train"": 50, ""training::idx_out"": 500, ""training::loss"": ""nll"", ""training::output_epoch"": 1, ""training::start_epoch"": 1, ""training::val_epochs"": 1, ""wandb"": {""api_key_file"": ""/netscratch2/kschuerholt/wandb/wandb.key"", ""log_config"": false, ""project"": ""CIFAR10 Resnet18 kaiming-uniform""}}",Published intermediate trained checkpoint at Ray training_iteration=25; NOT final iteration 50. Exactly one checkpoint per independent run. Train/validation split 40000/10000 with split seed 42.,2026-09-07T05:16:08Z,verified,CIFAR-10,"[""airplane"", ""automobile"", ""bird"", ""cat"", ""deer"", ""dog"", ""frog"", ""horse"", ""ship"", ""truck""]",efccaf3fc2e15dc55788f132d2341861be13312e,,,"{""adapter"": ""modelzoos_resnet18""}","{""kind"": ""tar_range"", ""member"": ""tune_zoo_cifar10_resnet18_kaiming_uniform/NN_tune_trainable_0ecbc_00646_646_seed=647_2022-08-06_23-15-56/checkpoint_000025/checkpoints"", ""offset"": 3671723008, ""length"": 44773837, ""archive_size"": 2328714690560}",metadata/evidence/zoo_generator.txt,"metadata/evidence/B027/params.json; unique seed + Ray trial_id; generator grid_search seeds=1..1000, reuse_actors=False, resume=False, checkpoint_dir=None",44773837,d9b6a72b3ab735722d6ba2e680d8b493e6980e1c86cacf2e994b737d4cb466f1,83.59375,"{""model_id"": ""B027"", ""passed"": true, ""samples"": 256, ""correct"": 214, ""accuracy_percent"": 83.59375, ""checkpoint_sha256"": ""6544b8889af5468a58e5b628555bb9a03f0ff508f4faf0617115c6f8a47c297f"", ""full_test_set"": false, ""subset_seed"": 20260907, ""indices_sha256"": ""072da18cce220a907a9a5eca3c800500e2f6d972c4903c62f6903308ebdecf30"", ""preprocessing"": ""native"", ""device"": ""cpu"", ""torch_version"": ""2.14.0+cpu"", ""seconds"": 4.039, ""date"": ""2026-09-07T05:18:47Z""}",wrapper,"{""torch"": ""2.14.0+cpu"", ""torchvision"": ""0.29.0+cpu""}",,,,11173962,0,"[0.0, 1.0]",RGB,NCHW,logits,10,,,,NN_tune_trainable_0ecbc_00646_646_seed=647_2022-08-06_23-15-56,25,25,
B028,B,original_058,,ResNet18-CIFAR-3x3-no-maxpool,ResNet,modelzoos:ResNet18-CIFAR-3x3-no-maxpool,modelzoos,https://github.com/ModelZoos/ModelZooDataset,https://github.com/ModelZoos/ModelZooDataset,https://ai.unisg.ch/files/tar_files/tune_zoo_cifar10_resnet18_kaiming_uniform.tar,tune_zoo_cifar10_resnet18_kaiming_uniform/NN_tune_trainable_0ecbc_00212_212_seed=213_2022-08-05_10-08-34/checkpoint_000025/checkpoints,checkpoints/B/B028_resnet18_seed213_iteration25.pt,c37ded1b6dcfa1d451cd5862289ff6bb9f170b13b62cdfb590d7148d91ea5b1f,71dbc465affcdbfdf7ea2869603307d9efcf597cd8a3dfa4f0cade966ab88770,PyTorch,2.14.0+cpu,state_dict,11173962,"[3, 32, 32]","[0.4913725490196078, 0.4823529411764706, 0.4466666666666667]","[0.24705882352941178, 0.24352941176470588, 0.2615686274509804]",86.81,,213,sgd,0.05,0.0005,"[""RandomCrop(32,padding=4)"", ""RandomHorizontalFlip""]","{""cuda"": true, ""dataset::dump"": ""/netscratch2/kschuerholt/code/versai/model_zoos/zoos/CIFAR10/resnet19/kaiming_uniform/tune_zoo_cifar10_resnet18_kaiming_uniform/dataset.pt"", ""model::channels_in"": 3, ""model::dropout"": 0.0, ""model::init_type"": ""kaiming_uniform"", ""model::nlin"": ""relu"", ""model::o_dim"": 10, ""model::type"": ""Resnet18"", ""model::use_bias"": false, ""optim::lr"": 0.05, ""optim::momentum"": 0.9, ""optim::optimizer"": ""sgd"", ""optim::scheduler"": ""OneCycleLR"", ""optim::wd"": 0.0005, ""seed"": 213, ""testloader::workers"": 3, ""training::batchsize"": 256, ""training::checkpoint_dir"": null, ""training::dataloader"": ""normal"", ""training::epochs_train"": 50, ""training::idx_out"": 500, ""training::loss"": ""nll"", ""training::output_epoch"": 1, ""training::start_epoch"": 1, ""training::val_epochs"": 1, ""wandb"": {""api_key_file"": ""/netscratch2/kschuerholt/wandb/wandb.key"", ""log_config"": false, ""project"": ""CIFAR10 Resnet18 kaiming-uniform""}}",Published intermediate trained checkpoint at Ray training_iteration=25; NOT final iteration 50. Exactly one checkpoint per independent run. Train/validation split 40000/10000 with split seed 42.,2026-09-07T05:16:03Z,verified,CIFAR-10,"[""airplane"", ""automobile"", ""bird"", ""cat"", ""deer"", ""dog"", ""frog"", ""horse"", ""ship"", ""truck""]",efccaf3fc2e15dc55788f132d2341861be13312e,,,"{""adapter"": ""modelzoos_resnet18""}","{""kind"": ""tar_range"", ""member"": ""tune_zoo_cifar10_resnet18_kaiming_uniform/NN_tune_trainable_0ecbc_00212_212_seed=213_2022-08-05_10-08-34/checkpoint_000025/checkpoints"", ""offset"": 6806225920, ""length"": 44773837, ""archive_size"": 2328714690560}",metadata/evidence/zoo_generator.txt,"metadata/evidence/B028/params.json; unique seed + Ray trial_id; generator grid_search seeds=1..1000, reuse_actors=False, resume=False, checkpoint_dir=None",44773837,2bc7f30868f1c6df0dc97e15707f7ed99cbcd0f93b41afd7c8924db6eea52e52,85.546875,"{""model_id"": ""B028"", ""passed"": true, ""samples"": 256, ""correct"": 219, ""accuracy_percent"": 85.546875, ""checkpoint_sha256"": ""c37ded1b6dcfa1d451cd5862289ff6bb9f170b13b62cdfb590d7148d91ea5b1f"", ""full_test_set"": false, ""subset_seed"": 20260907, ""indices_sha256"": ""072da18cce220a907a9a5eca3c800500e2f6d972c4903c62f6903308ebdecf30"", ""preprocessing"": ""native"", ""device"": ""cpu"", ""torch_version"": ""2.14.0+cpu"", ""seconds"": 3.983, ""date"": ""2026-09-07T05:18:51Z""}",wrapper,"{""torch"": ""2.14.0+cpu"", ""torchvision"": ""0.29.0+cpu""}",,,,11173962,0,"[0.0, 1.0]",RGB,NCHW,logits,10,,,,NN_tune_trainable_0ecbc_00212_212_seed=213_2022-08-05_10-08-34,25,25,
B029,B,original_059,,ResNet18-CIFAR-3x3-no-maxpool,ResNet,modelzoos:ResNet18-CIFAR-3x3-no-maxpool,modelzoos,https://github.com/ModelZoos/ModelZooDataset,https://github.com/ModelZoos/ModelZooDataset,https://ai.unisg.ch/files/tar_files/tune_zoo_cifar10_resnet18_kaiming_uniform.tar,tune_zoo_cifar10_resnet18_kaiming_uniform/NN_tune_trainable_0ecbc_00618_618_seed=619_2022-08-06_20-57-32/checkpoint_000025/checkpoints,checkpoints/B/B029_resnet18_seed619_iteration25.pt,96e25cc7323b4b7966dee774a53f6e757c48bf419d33f3050731b8f720165af8,b883a7c5880b44a9e376e18e2d13b11d22d3be035893ced6b8ff825bc188f794,PyTorch,2.14.0+cpu,state_dict,11173962,"[3, 32, 32]","[0.4913725490196078, 0.4823529411764706, 0.4466666666666667]","[0.24705882352941178, 0.24352941176470588, 0.2615686274509804]",84.09,,619,sgd,0.05,0.0005,"[""RandomCrop(32,padding=4)"", ""RandomHorizontalFlip""]","{""cuda"": true, ""dataset::dump"": ""/netscratch2/kschuerholt/code/versai/model_zoos/zoos/CIFAR10/resnet19/kaiming_uniform/tune_zoo_cifar10_resnet18_kaiming_uniform/dataset.pt"", ""model::channels_in"": 3, ""model::dropout"": 0.0, ""model::init_type"": ""kaiming_uniform"", ""model::nlin"": ""relu"", ""model::o_dim"": 10, ""model::type"": ""Resnet18"", ""model::use_bias"": false, ""optim::lr"": 0.05, ""optim::momentum"": 0.9, ""optim::optimizer"": ""sgd"", ""optim::scheduler"": ""OneCycleLR"", ""optim::wd"": 0.0005, ""seed"": 619, ""testloader::workers"": 3, ""training::batchsize"": 256, ""training::checkpoint_dir"": null, ""training::dataloader"": ""normal"", ""training::epochs_train"": 50, ""training::idx_out"": 500, ""training::loss"": ""nll"", ""training::output_epoch"": 1, ""training::start_epoch"": 1, ""training::val_epochs"": 1, ""wandb"": {""api_key_file"": ""/netscratch2/kschuerholt/wandb/wandb.key"", ""log_config"": false, ""project"": ""CIFAR10 Resnet18 kaiming-uniform""}}",Published intermediate trained checkpoint at Ray training_iteration=25; NOT final iteration 50. Exactly one checkpoint per independent run. Train/validation split 40000/10000 with split seed 42.,2026-09-07T05:16:07Z,verified,CIFAR-10,"[""airplane"", ""automobile"", ""bird"", ""cat"", ""deer"", ""dog"", ""frog"", ""horse"", ""ship"", ""truck""]",efccaf3fc2e15dc55788f132d2341861be13312e,,,"{""adapter"": ""modelzoos_resnet18""}","{""kind"": ""tar_range"", ""member"": ""tune_zoo_cifar10_resnet18_kaiming_uniform/NN_tune_trainable_0ecbc_00618_618_seed=619_2022-08-06_20-57-32/checkpoint_000025/checkpoints"", ""offset"": 8239149568, ""length"": 44773837, ""archive_size"": 2328714690560}",metadata/evidence/zoo_generator.txt,"metadata/evidence/B029/params.json; unique seed + Ray trial_id; generator grid_search seeds=1..1000, reuse_actors=False, resume=False, checkpoint_dir=None",44773837,bddce4a4008c9fee7061f6cdec11f8b26daf914c563740ac64273a4f26bef6ce,80.46875,"{""model_id"": ""B029"", ""passed"": true, ""samples"": 256, ""correct"": 206, ""accuracy_percent"": 80.46875, ""checkpoint_sha256"": ""96e25cc7323b4b7966dee774a53f6e757c48bf419d33f3050731b8f720165af8"", ""full_test_set"": false, ""subset_seed"": 20260907, ""indices_sha256"": ""072da18cce220a907a9a5eca3c800500e2f6d972c4903c62f6903308ebdecf30"", ""preprocessing"": ""native"", ""device"": ""cpu"", ""torch_version"": ""2.14.0+cpu"", ""seconds"": 3.986, ""date"": ""2026-09-07T05:18:55Z""}",wrapper,"{""torch"": ""2.14.0+cpu"", ""torchvision"": ""0.29.0+cpu""}",,,,11173962,0,"[0.0, 1.0]",RGB,NCHW,logits,10,,,,NN_tune_trainable_0ecbc_00618_618_seed=619_2022-08-06_20-57-32,25,25,
B030,B,original_060,,ResNet18-CIFAR-3x3-no-maxpool,ResNet,modelzoos:ResNet18-CIFAR-3x3-no-maxpool,modelzoos,https://github.com/ModelZoos/ModelZooDataset,https://github.com/ModelZoos/ModelZooDataset,https://ai.unisg.ch/files/tar_files/tune_zoo_cifar10_resnet18_kaiming_uniform.tar,tune_zoo_cifar10_resnet18_kaiming_uniform/NN_tune_trainable_0ecbc_00718_718_seed=719_2022-08-07_05-06-54/checkpoint_000025/checkpoints,checkpoints/B/B030_resnet18_seed719_iteration25.pt,c0d9ad3c2334697dd688a140058974536ab0e2df0daf94a9a6f658f614cf25c8,cd22467330fff74e38ffd159ac2ca7de47f51d1850400d56e4adc1d8ac645572,PyTorch,2.14.0+cpu,state_dict,11173962,"[3, 32, 32]","[0.4913725490196078, 0.4823529411764706, 0.4466666666666667]","[0.24705882352941178, 0.24352941176470588, 0.2615686274509804]",84.44,,719,sgd,0.05,0.0005,"[""RandomCrop(32,padding=4)"", ""RandomHorizontalFlip""]","{""cuda"": true, ""dataset::dump"": ""/netscratch2/kschuerholt/code/versai/model_zoos/zoos/CIFAR10/resnet19/kaiming_uniform/tune_zoo_cifar10_resnet18_kaiming_uniform/dataset.pt"", ""model::channels_in"": 3, ""model::dropout"": 0.0, ""model::init_type"": ""kaiming_uniform"", ""model::nlin"": ""relu"", ""model::o_dim"": 10, ""model::type"": ""Resnet18"", ""model::use_bias"": false, ""optim::lr"": 0.05, ""optim::momentum"": 0.9, ""optim::optimizer"": ""sgd"", ""optim::scheduler"": ""OneCycleLR"", ""optim::wd"": 0.0005, ""seed"": 719, ""testloader::workers"": 3, ""training::batchsize"": 256, ""training::checkpoint_dir"": null, ""training::dataloader"": ""normal"", ""training::epochs_train"": 50, ""training::idx_out"": 500, ""training::loss"": ""nll"", ""training::output_epoch"": 1, ""training::start_epoch"": 1, ""training::val_epochs"": 1, ""wandb"": {""api_key_file"": ""/netscratch2/kschuerholt/wandb/wandb.key"", ""log_config"": false, ""project"": ""CIFAR10 Resnet18 kaiming-uniform""}}",Published intermediate trained checkpoint at Ray training_iteration=25; NOT final iteration 50. Exactly one checkpoint per independent run. Train/validation split 40000/10000 with split seed 42.,2026-09-07T05:16:12Z,verified,CIFAR-10,"[""airplane"", ""automobile"", ""bird"", ""cat"", ""deer"", ""dog"", ""frog"", ""horse"", ""ship"", ""truck""]",efccaf3fc2e15dc55788f132d2341861be13312e,,,"{""adapter"": ""modelzoos_resnet18""}","{""kind"": ""tar_range"", ""member"": ""tune_zoo_cifar10_resnet18_kaiming_uniform/NN_tune_trainable_0ecbc_00718_718_seed=719_2022-08-07_05-06-54/checkpoint_000025/checkpoints"", ""offset"": 9492911104, ""length"": 44773837, ""archive_size"": 2328714690560}",metadata/evidence/zoo_generator.txt,"metadata/evidence/B030/params.json; unique seed + Ray trial_id; generator grid_search seeds=1..1000, reuse_actors=False, resume=False, checkpoint_dir=None",44773837,b480e7f7b02bacd51791e22a9917b04af1ef6556a7a377d4f0266b907163e205,83.59375,"{""model_id"": ""B030"", ""passed"": true, ""samples"": 256, ""correct"": 214, ""accuracy_percent"": 83.59375, ""checkpoint_sha256"": ""c0d9ad3c2334697dd688a140058974536ab0e2df0daf94a9a6f658f614cf25c8"", ""full_test_set"": false, ""subset_seed"": 20260907, ""indices_sha256"": ""072da18cce220a907a9a5eca3c800500e2f6d972c4903c62f6903308ebdecf30"", ""preprocessing"": ""native"", ""device"": ""cpu"", ""torch_version"": ""2.14.0+cpu"", ""seconds"": 4.004, ""date"": ""2026-09-07T05:19:00Z""}",wrapper,"{""torch"": ""2.14.0+cpu"", ""torchvision"": ""0.29.0+cpu""}",,,,11173962,0,"[0.0, 1.0]",RGB,NCHW,logits,10,,,,NN_tune_trainable_0ecbc_00718_718_seed=719_2022-08-07_05-06-54,25,25,
B2_001,B2,original_061,,PreActResNet18-CIFAR-3x3,ResNet,tml-epfl:PreActResNet18-CIFAR-width64,sharpness_cifar10,https://github.com/tml-epfl/sharpness-vs-generalization,https://drive.google.com/drive/folders/1dwfb2Iqw6BTMi57SeG44aDebuu-TBzo5,https://drive.usercontent.google.com/download?id=1gP2vxOzltZEuqp-7GcPowt_KsLFi-kcs&export=download&confirm=t,2023-01-15 14:03:40.874 dataset=cifar10 model=resnet18 epochs=200 lr_max=0.0761962 model_width=64 l2_reg=0.0 sam_rho=0.0 batch_size=128 frac_train=1 p_label_noise=0.0 lr_schedule=cyclic augm=False randaug=False seed=0 epoch=200.pth,checkpoints/B2/B2_001_preact_resnet18_lr0.0761962_sam0_aug0.pth,200622463d5c1343c50e3bd8a9046159e20c57d5cccb918f45dbe41ed8216779,be51c3bf95a3633782b3583925523e00d68dfbacdd6628fb91007cbb45bb086c,PyTorch,2.14.0+cpu,PyTorch ZIP container with last/best/SWA state_dicts,11172170,"[3, 32, 32]","[0.4914, 0.4822, 0.4465]","[0.2023, 0.1994, 0.201]",,,0,sgd,0.0761962,0.0,[],"{""optimizer"": ""sgd"", ""max_learning_rate"": 0.0761962, ""momentum"": null, ""weight_decay"": 0.0, ""sam_rho"": 0.0, ""epochs"": 200, ""batch_size"": 128, ""lr_schedule"": ""cyclic"", ""standard_augmentation"": false, ""randaugment"": false, ""model_width"": 64, ""training_fraction"": 1.0, ""label_noise_probability"": 0.0, ""seed"": 0, ""checkpoint_state_key"": ""last""}","Published final epoch-200 training run. Loader uses the source evaluation protocol's 'last' state_dict; best and SWA variants remain preserved in the original file. All B2 runs use seed=0, so B2 controls hyperparameter changes rather than initialization changes.",2026-09-07T05:52:17Z,verified,CIFAR-10,"[""airplane"", ""automobile"", ""bird"", ""cat"", ""deer"", ""dog"", ""frog"", ""horse"", ""ship"", ""truck""]",6d73be94eb88dae6d3096647bb24b92244fae18f,,,"{""adapter"": ""sharpness_preact_resnet18"", ""state_key"": ""last""}","{""kind"": ""direct""}",https://github.com/tml-epfl/sharpness-vs-generalization/blob/6d73be94eb88dae6d3096647bb24b92244fae18f/data.py#L46-L69,Unique public Drive file and training run; identical seed=0 but distinct hyperparameter signature. Filename records the complete varied recipe.,179197297,f8e8746d893d663158b59fd3ac1a24104c78b5e14d70c156c6d7e10c68afa357,82.03125,"{""model_id"": ""B2_001"", ""passed"": true, ""samples"": 256, ""correct"": 210, ""accuracy_percent"": 82.03125, ""checkpoint_sha256"": ""200622463d5c1343c50e3bd8a9046159e20c57d5cccb918f45dbe41ed8216779"", ""full_test_set"": false, ""subset_seed"": 20260907, ""indices_sha256"": ""072da18cce220a907a9a5eca3c800500e2f6d972c4903c62f6903308ebdecf30"", ""preprocessing"": ""native"", ""device"": ""cpu"", ""torch_version"": ""2.14.0+cpu"", ""seconds"": 3.113, ""date"": ""2026-09-07T05:56:05Z""}",wrapper,,,,,11172170,0,"[0.0, 1.0]",RGB,NCHW,logits,10,,,,1gP2vxOzltZEuqp-7GcPowt_KsLFi-kcs,200,,lr_max=0.0761962|sam_rho=0|augm=False|randaug=False
B2_002,B2,original_062,,PreActResNet18-CIFAR-3x3,ResNet,tml-epfl:PreActResNet18-CIFAR-width64,sharpness_cifar10,https://github.com/tml-epfl/sharpness-vs-generalization,https://drive.google.com/drive/folders/1dwfb2Iqw6BTMi57SeG44aDebuu-TBzo5,https://drive.usercontent.google.com/download?id=1eABJQh7gIJ4HsGWXULkzDKaCFrrLB7G8&export=download&confirm=t,2023-01-15 16:34:05.843 dataset=cifar10 model=resnet18 epochs=200 lr_max=0.2067711 model_width=64 l2_reg=0.0 sam_rho=0.0 batch_size=128 frac_train=1 p_label_noise=0.0 lr_schedule=cyclic augm=False randaug=False seed=0 epoch=200.pth,checkpoints/B2/B2_002_preact_resnet18_lr0.206771_sam0_aug0.pth,15f1c8720e3398f3cce782bd9272910f86d84f45ac592b3ae918cc1e1001ec42,3859a45ccac83add7d37a1eec2849b18ada803b7f5fc0a07731cc4c50e07f590,PyTorch,2.14.0+cpu,PyTorch ZIP container with last/best/SWA state_dicts,11172170,"[3, 32, 32]","[0.4914, 0.4822, 0.4465]","[0.2023, 0.1994, 0.201]",,,0,sgd,0.2067711,0.0,[],"{""optimizer"": ""sgd"", ""max_learning_rate"": 0.2067711, ""momentum"": null, ""weight_decay"": 0.0, ""sam_rho"": 0.0, ""epochs"": 200, ""batch_size"": 128, ""lr_schedule"": ""cyclic"", ""standard_augmentation"": false, ""randaugment"": false, ""model_width"": 64, ""training_fraction"": 1.0, ""label_noise_probability"": 0.0, ""seed"": 0, ""checkpoint_state_key"": ""last""}","Published final epoch-200 training run. Loader uses the source evaluation protocol's 'last' state_dict; best and SWA variants remain preserved in the original file. All B2 runs use seed=0, so B2 controls hyperparameter changes rather than initialization changes.",2026-09-07T05:52:15Z,verified,CIFAR-10,"[""airplane"", ""automobile"", ""bird"", ""cat"", ""deer"", ""dog"", ""frog"", ""horse"", ""ship"", ""truck""]",6d73be94eb88dae6d3096647bb24b92244fae18f,,,"{""adapter"": ""sharpness_preact_resnet18"", ""state_key"": ""last""}","{""kind"": ""direct""}",https://github.com/tml-epfl/sharpness-vs-generalization/blob/6d73be94eb88dae6d3096647bb24b92244fae18f/data.py#L46-L69,Unique public Drive file and training run; identical seed=0 but distinct hyperparameter signature. Filename records the complete varied recipe.,179197297,be555dceb5f7b66ee49872bc8d2ac615d83a514ae4c92cb78309a3eec0854095,85.546875,"{""model_id"": ""B2_002"", ""passed"": true, ""samples"": 256, ""correct"": 219, ""accuracy_percent"": 85.546875, ""checkpoint_sha256"": ""15f1c8720e3398f3cce782bd9272910f86d84f45ac592b3ae918cc1e1001ec42"", ""full_test_set"": false, ""subset_seed"": 20260907, ""indices_sha256"": ""072da18cce220a907a9a5eca3c800500e2f6d972c4903c62f6903308ebdecf30"", ""preprocessing"": ""native"", ""device"": ""cpu"", ""torch_version"": ""2.14.0+cpu"", ""seconds"": 2.817, ""date"": ""2026-09-07T05:56:08Z""}",wrapper,,,,,11172170,0,"[0.0, 1.0]",RGB,NCHW,logits,10,,,,1eABJQh7gIJ4HsGWXULkzDKaCFrrLB7G8,200,,lr_max=0.206771|sam_rho=0|augm=False|randaug=False
B2_003,B2,original_063,,PreActResNet18-CIFAR-3x3,ResNet,tml-epfl:PreActResNet18-CIFAR-width64,sharpness_cifar10,https://github.com/tml-epfl/sharpness-vs-generalization,https://drive.google.com/drive/folders/1dwfb2Iqw6BTMi57SeG44aDebuu-TBzo5,https://drive.usercontent.google.com/download?id=1gCDp9xNqsddsyFsF-onFEfL6DrDsOyEc&export=download&confirm=t,2023-01-15 14:03:04.108 dataset=cifar10 model=resnet18 epochs=200 lr_max=0.2728608 model_width=64 l2_reg=0.0 sam_rho=0.0 batch_size=128 frac_train=1 p_label_noise=0.0 lr_schedule=cyclic augm=False randaug=False seed=0 epoch=200.pth,checkpoints/B2/B2_003_preact_resnet18_lr0.272861_sam0_aug0.pth,ba0b3668f8c097fda479adc0e08791dac7d7ce8568610e060ea67be3de8c8aa2,99e0f014b8f00eb6cafd56d8436d3c930eda7d81bd4ca743cb8292b04c13821a,PyTorch,2.14.0+cpu,PyTorch ZIP container with last/best/SWA state_dicts,11172170,"[3, 32, 32]","[0.4914, 0.4822, 0.4465]","[0.2023, 0.1994, 0.201]",,85.91,0,sgd,0.2728608,0.0,[],"{""optimizer"": ""sgd"", ""max_learning_rate"": 0.2728608, ""momentum"": null, ""weight_decay"": 0.0, ""sam_rho"": 0.0, ""epochs"": 200, ""batch_size"": 128, ""lr_schedule"": ""cyclic"", ""standard_augmentation"": false, ""randaugment"": false, ""model_width"": 64, ""training_fraction"": 1.0, ""label_noise_probability"": 0.0, ""seed"": 0, ""checkpoint_state_key"": ""last""}","Published final epoch-200 training run. Loader uses the source evaluation protocol's 'last' state_dict; best and SWA variants remain preserved in the original file. All B2 runs use seed=0, so B2 controls hyperparameter changes rather than initialization changes.",2026-09-07T05:52:26Z,verified,CIFAR-10,"[""airplane"", ""automobile"", ""bird"", ""cat"", ""deer"", ""dog"", ""frog"", ""horse"", ""ship"", ""truck""]",6d73be94eb88dae6d3096647bb24b92244fae18f,,,"{""adapter"": ""sharpness_preact_resnet18"", ""state_key"": ""last""}","{""kind"": ""direct""}",https://github.com/tml-epfl/sharpness-vs-generalization/blob/6d73be94eb88dae6d3096647bb24b92244fae18f/data.py#L46-L69,Unique public Drive file and training run; identical seed=0 but distinct hyperparameter signature. Filename records the complete varied recipe.,179197297,15a04d2172ee9a94e417923005a64a08d019b5c2abf9da3f83a7c3a5c1448370,81.25,"{""model_id"": ""B2_003"", ""passed"": true, ""samples"": 256, ""correct"": 208, ""accuracy_percent"": 81.25, ""checkpoint_sha256"": ""ba0b3668f8c097fda479adc0e08791dac7d7ce8568610e060ea67be3de8c8aa2"", ""full_test_set"": false, ""subset_seed"": 20260907, ""indices_sha256"": ""072da18cce220a907a9a5eca3c800500e2f6d972c4903c62f6903308ebdecf30"", ""preprocessing"": ""native"", ""device"": ""cpu"", ""torch_version"": ""2.14.0+cpu"", ""seconds"": 3.029, ""date"": ""2026-09-07T05:56:11Z""}",wrapper,,"{""model_id"": ""B2_003"", ""passed"": true, ""samples"": 10000, ""correct"": 8591, ""accuracy_percent"": 85.91, ""checkpoint_sha256"": ""ba0b3668f8c097fda479adc0e08791dac7d7ce8568610e060ea67be3de8c8aa2"", ""full_test_set"": true, ""subset_seed"": null, ""indices_sha256"": ""7d99a727ec84a6794eb1905bb9aa18ce6bfcef7a3b7cc203a68b281fb7f46e61"", ""preprocessing"": ""native"", ""device"": ""cpu"", ""torch_version"": ""2.14.0+cpu"", ""seconds"": 94.522, ""date"": ""2026-09-07T05:59:31Z""}",,,11172170,0,"[0.0, 1.0]",RGB,NCHW,logits,10,,,,1gCDp9xNqsddsyFsF-onFEfL6DrDsOyEc,200,,lr_max=0.272861|sam_rho=0|augm=False|randaug=False
B2_004,B2,original_064,,PreActResNet18-CIFAR-3x3,ResNet,tml-epfl:PreActResNet18-CIFAR-width64,sharpness_cifar10,https://github.com/tml-epfl/sharpness-vs-generalization,https://drive.google.com/drive/folders/1dwfb2Iqw6BTMi57SeG44aDebuu-TBzo5,https://drive.usercontent.google.com/download?id=1ehfs2_4ocuus2EGqzLqU9lJBBzfGnjE-&export=download&confirm=t,2023-01-15 14:03:04.734 dataset=cifar10 model=resnet18 epochs=200 lr_max=0.5589934 model_width=64 l2_reg=0.0 sam_rho=0.0 batch_size=128 frac_train=1 p_label_noise=0.0 lr_schedule=cyclic augm=False randaug=False seed=0 epoch=200.pth,checkpoints/B2/B2_004_preact_resnet18_lr0.558993_sam0_aug0.pth,0a67cace83bfd13902bc2b503bd85cf24975fa59df404041cafa583ce8a8b0bc,c0d27efe578b02ee277c146daa19324ee31b03142cb8b297bb26f542bee82585,PyTorch,2.14.0+cpu,PyTorch ZIP container with last/best/SWA state_dicts,11172170,"[3, 32, 32]","[0.4914, 0.4822, 0.4465]","[0.2023, 0.1994, 0.201]",,,0,sgd,0.5589934,0.0,[],"{""optimizer"": ""sgd"", ""max_learning_rate"": 0.5589934, ""momentum"": null, ""weight_decay"": 0.0, ""sam_rho"": 0.0, ""epochs"": 200, ""batch_size"": 128, ""lr_schedule"": ""cyclic"", ""standard_augmentation"": false, ""randaugment"": false, ""model_width"": 64, ""training_fraction"": 1.0, ""label_noise_probability"": 0.0, ""seed"": 0, ""checkpoint_state_key"": ""last""}","Published final epoch-200 training run. Loader uses the source evaluation protocol's 'last' state_dict; best and SWA variants remain preserved in the original file. All B2 runs use seed=0, so B2 controls hyperparameter changes rather than initialization changes.",2026-09-07T05:55:39Z,verified,CIFAR-10,"[""airplane"", ""automobile"", ""bird"", ""cat"", ""deer"", ""dog"", ""frog"", ""horse"", ""ship"", ""truck""]",6d73be94eb88dae6d3096647bb24b92244fae18f,,,"{""adapter"": ""sharpness_preact_resnet18"", ""state_key"": ""last""}","{""kind"": ""direct""}",https://github.com/tml-epfl/sharpness-vs-generalization/blob/6d73be94eb88dae6d3096647bb24b92244fae18f/data.py#L46-L69,Unique public Drive file and training run; identical seed=0 but distinct hyperparameter signature. Filename records the complete varied recipe.,179197297,9de8b7ebdacc536eeee87a4d4a8cb1d37f162803f6412c50458ce73d817ced83,84.375,"{""model_id"": ""B2_004"", ""passed"": true, ""samples"": 256, ""correct"": 216, ""accuracy_percent"": 84.375, ""checkpoint_sha256"": ""0a67cace83bfd13902bc2b503bd85cf24975fa59df404041cafa583ce8a8b0bc"", ""full_test_set"": false, ""subset_seed"": 20260907, ""indices_sha256"": ""072da18cce220a907a9a5eca3c800500e2f6d972c4903c62f6903308ebdecf30"", ""preprocessing"": ""native"", ""device"": ""cpu"", ""torch_version"": ""2.14.0+cpu"", ""seconds"": 2.931, ""date"": ""2026-09-07T05:56:14Z""}",wrapper,,,,,11172170,0,"[0.0, 1.0]",RGB,NCHW,logits,10,,,,1ehfs2_4ocuus2EGqzLqU9lJBBzfGnjE-,200,,lr_max=0.558993|sam_rho=0|augm=False|randaug=False
B2_005,B2,original_065,,PreActResNet18-CIFAR-3x3,ResNet,tml-epfl:PreActResNet18-CIFAR-width64,sharpness_cifar10,https://github.com/tml-epfl/sharpness-vs-generalization,https://drive.google.com/drive/folders/1dwfb2Iqw6BTMi57SeG44aDebuu-TBzo5,https://drive.usercontent.google.com/download?id=1gZ0AQpYAIB4hoeAB2lFis-XfS85eAHvx&export=download&confirm=t,2023-01-15 15:02:58.608 dataset=cifar10 model=resnet18 epochs=200 lr_max=1.42443 model_width=64 l2_reg=0.0 sam_rho=0.0 batch_size=128 frac_train=1 p_label_noise=0.0 lr_schedule=cyclic augm=False randaug=False seed=0 epoch=200.pth,checkpoints/B2/B2_005_preact_resnet18_lr1.42443_sam0_aug0.pth,2cd026bf3119b65570e7b93d063cbbaf36550d72a5d17caa80c8515470d1e3b6,e2622407f9d0a7d0c4259f750026ae5cc9273bb6b09b3934aa910b88e9ac4b28,PyTorch,2.14.0+cpu,PyTorch ZIP container with last/best/SWA state_dicts,11172170,"[3, 32, 32]","[0.4914, 0.4822, 0.4465]","[0.2023, 0.1994, 0.201]",,,0,sgd,1.42443,0.0,[],"{""optimizer"": ""sgd"", ""max_learning_rate"": 1.42443, ""momentum"": null, ""weight_decay"": 0.0, ""sam_rho"": 0.0, ""epochs"": 200, ""batch_size"": 128, ""lr_schedule"": ""cyclic"", ""standard_augmentation"": false, ""randaugment"": false, ""model_width"": 64, ""training_fraction"": 1.0, ""label_noise_probability"": 0.0, ""seed"": 0, ""checkpoint_state_key"": ""last""}","Published final epoch-200 training run. Loader uses the source evaluation protocol's 'last' state_dict; best and SWA variants remain preserved in the original file. All B2 runs use seed=0, so B2 controls hyperparameter changes rather than initialization changes.",2026-09-07T05:55:50Z,verified,CIFAR-10,"[""airplane"", ""automobile"", ""bird"", ""cat"", ""deer"", ""dog"", ""frog"", ""horse"", ""ship"", ""truck""]",6d73be94eb88dae6d3096647bb24b92244fae18f,,,"{""adapter"": ""sharpness_preact_resnet18"", ""state_key"": ""last""}","{""kind"": ""direct""}",https://github.com/tml-epfl/sharpness-vs-generalization/blob/6d73be94eb88dae6d3096647bb24b92244fae18f/data.py#L46-L69,Unique public Drive file and training run; identical seed=0 but distinct hyperparameter signature. Filename records the complete varied recipe.,179196437,67cb80aa5d6c536ab393d0a839c8e04ffbce05e404350747bda3b06f8aca739b,84.765625,"{""model_id"": ""B2_005"", ""passed"": true, ""samples"": 256, ""correct"": 217, ""accuracy_percent"": 84.765625, ""checkpoint_sha256"": ""2cd026bf3119b65570e7b93d063cbbaf36550d72a5d17caa80c8515470d1e3b6"", ""full_test_set"": false, ""subset_seed"": 20260907, ""indices_sha256"": ""072da18cce220a907a9a5eca3c800500e2f6d972c4903c62f6903308ebdecf30"", ""preprocessing"": ""native"", ""device"": ""cpu"", ""torch_version"": ""2.14.0+cpu"", ""seconds"": 2.754, ""date"": ""2026-09-07T05:56:17Z""}",wrapper,,,,,11172170,0,"[0.0, 1.0]",RGB,NCHW,logits,10,,,,1gZ0AQpYAIB4hoeAB2lFis-XfS85eAHvx,200,,lr_max=1.42443|sam_rho=0|augm=False|randaug=False
B2_006,B2,original_066,,PreActResNet18-CIFAR-3x3,ResNet,tml-epfl:PreActResNet18-CIFAR-width64,sharpness_cifar10,https://github.com/tml-epfl/sharpness-vs-generalization,https://drive.google.com/drive/folders/1dwfb2Iqw6BTMi57SeG44aDebuu-TBzo5,https://drive.usercontent.google.com/download?id=1eEh7kC18tKmu-CPSHMnVFAoSB9aEuZ8L&export=download&confirm=t,2023-01-15 14:03:23.825 dataset=cifar10 model=resnet18 epochs=200 lr_max=0.1117987 model_width=64 l2_reg=0.0 sam_rho=0.0 batch_size=128 frac_train=1 p_label_noise=0.0 lr_schedule=cyclic augm=True randaug=True seed=0 epoch=200.pth,checkpoints/B2/B2_006_preact_resnet18_lr0.111799_sam0_aug1.pth,24a5e5fcb130fa699e8cb16f4ec89661b7dd2a5d761f2d8424a01d519fd718dd,d3b4e408ddd4872c0e1c14848ed4c2067a604767b5522237c7f5102a7e9dbcf8,PyTorch,2.14.0+cpu,PyTorch ZIP container with last/best/SWA state_dicts,11172170,"[3, 32, 32]","[0.4914, 0.4822, 0.4465]","[0.2023, 0.1994, 0.201]",,,0,sgd,0.1117987,0.0,"[""RandAugment(2,14)"", ""RandomCrop(32,padding=4)"", ""RandomHorizontalFlip""]","{""optimizer"": ""sgd"", ""max_learning_rate"": 0.1117987, ""momentum"": null, ""weight_decay"": 0.0, ""sam_rho"": 0.0, ""epochs"": 200, ""batch_size"": 128, ""lr_schedule"": ""cyclic"", ""standard_augmentation"": true, ""randaugment"": true, ""model_width"": 64, ""training_fraction"": 1.0, ""label_noise_probability"": 0.0, ""seed"": 0, ""checkpoint_state_key"": ""last""}","Published final epoch-200 training run. Loader uses the source evaluation protocol's 'last' state_dict; best and SWA variants remain preserved in the original file. All B2 runs use seed=0, so B2 controls hyperparameter changes rather than initialization changes.",2026-09-07T05:52:48Z,verified,CIFAR-10,"[""airplane"", ""automobile"", ""bird"", ""cat"", ""deer"", ""dog"", ""frog"", ""horse"", ""ship"", ""truck""]",6d73be94eb88dae6d3096647bb24b92244fae18f,,,"{""adapter"": ""sharpness_preact_resnet18"", ""state_key"": ""last""}","{""kind"": ""direct""}",https://github.com/tml-epfl/sharpness-vs-generalization/blob/6d73be94eb88dae6d3096647bb24b92244fae18f/data.py#L46-L69,Unique public Drive file and training run; identical seed=0 but distinct hyperparameter signature. Filename records the complete varied recipe.,179196437,e659b360e3150204d8fec7ea8c8d1df2007e4f1114a0681a315b4d913466753e,93.75,"{""model_id"": ""B2_006"", ""passed"": true, ""samples"": 256, ""correct"": 240, ""accuracy_percent"": 93.75, ""checkpoint_sha256"": ""24a5e5fcb130fa699e8cb16f4ec89661b7dd2a5d761f2d8424a01d519fd718dd"", ""full_test_set"": false, ""subset_seed"": 20260907, ""indices_sha256"": ""072da18cce220a907a9a5eca3c800500e2f6d972c4903c62f6903308ebdecf30"", ""preprocessing"": ""native"", ""device"": ""cpu"", ""torch_version"": ""2.14.0+cpu"", ""seconds"": 2.915, ""date"": ""2026-09-07T05:56:20Z""}",wrapper,,,,,11172170,0,"[0.0, 1.0]",RGB,NCHW,logits,10,,,,1eEh7kC18tKmu-CPSHMnVFAoSB9aEuZ8L,200,,lr_max=0.111799|sam_rho=0|augm=True|randaug=True
B2_007,B2,original_067,,PreActResNet18-CIFAR-3x3,ResNet,tml-epfl:PreActResNet18-CIFAR-width64,sharpness_cifar10,https://github.com/tml-epfl/sharpness-vs-generalization,https://drive.google.com/drive/folders/1dwfb2Iqw6BTMi57SeG44aDebuu-TBzo5,https://drive.usercontent.google.com/download?id=1esJvu4r24OZ-iTLYyejipq5fPlXkz22Q&export=download&confirm=t,2023-01-15 14:03:32.278 dataset=cifar10 model=resnet18 epochs=200 lr_max=0.2714936 model_width=64 l2_reg=0.0 sam_rho=0.0 batch_size=128 frac_train=1 p_label_noise=0.0 lr_schedule=cyclic augm=True randaug=True seed=0 epoch=200.pth,checkpoints/B2/B2_007_preact_resnet18_lr0.271494_sam0_aug1.pth,c6043fdb0ba15a3a5c883d22c9cbce3af5d311378c596303af6de21762a5ee2d,8ae77598113282463c0f8c90732b7b0001247e41a945fbe0081027f61d3cb2c2,PyTorch,2.14.0+cpu,PyTorch ZIP container with last/best/SWA state_dicts,11172170,"[3, 32, 32]","[0.4914, 0.4822, 0.4465]","[0.2023, 0.1994, 0.201]",,,0,sgd,0.2714936,0.0,"[""RandAugment(2,14)"", ""RandomCrop(32,padding=4)"", ""RandomHorizontalFlip""]","{""optimizer"": ""sgd"", ""max_learning_rate"": 0.2714936, ""momentum"": null, ""weight_decay"": 0.0, ""sam_rho"": 0.0, ""epochs"": 200, ""batch_size"": 128, ""lr_schedule"": ""cyclic"", ""standard_augmentation"": true, ""randaugment"": true, ""model_width"": 64, ""training_fraction"": 1.0, ""label_noise_probability"": 0.0, ""seed"": 0, ""checkpoint_state_key"": ""last""}","Published final epoch-200 training run. Loader uses the source evaluation protocol's 'last' state_dict; best and SWA variants remain preserved in the original file. All B2 runs use seed=0, so B2 controls hyperparameter changes rather than initialization changes.",2026-09-07T05:52:48Z,verified,CIFAR-10,"[""airplane"", ""automobile"", ""bird"", ""cat"", ""deer"", ""dog"", ""frog"", ""horse"", ""ship"", ""truck""]",6d73be94eb88dae6d3096647bb24b92244fae18f,,,"{""adapter"": ""sharpness_preact_resnet18"", ""state_key"": ""last""}","{""kind"": ""direct""}",https://github.com/tml-epfl/sharpness-vs-generalization/blob/6d73be94eb88dae6d3096647bb24b92244fae18f/data.py#L46-L69,Unique public Drive file and training run; identical seed=0 but distinct hyperparameter signature. Filename records the complete varied recipe.,179196437,a9aeaa3531583de5226b249b4962ba1c9af903ba536f6136f568343a0ec3c1f2,95.3125,"{""model_id"": ""B2_007"", ""passed"": true, ""samples"": 256, ""correct"": 244, ""accuracy_percent"": 95.3125, ""checkpoint_sha256"": ""c6043fdb0ba15a3a5c883d22c9cbce3af5d311378c596303af6de21762a5ee2d"", ""full_test_set"": false, ""subset_seed"": 20260907, ""indices_sha256"": ""072da18cce220a907a9a5eca3c800500e2f6d972c4903c62f6903308ebdecf30"", ""preprocessing"": ""native"", ""device"": ""cpu"", ""torch_version"": ""2.14.0+cpu"", ""seconds"": 2.842, ""date"": ""2026-09-07T05:56:23Z""}",wrapper,,,,,11172170,0,"[0.0, 1.0]",RGB,NCHW,logits,10,,,,1esJvu4r24OZ-iTLYyejipq5fPlXkz22Q,200,,lr_max=0.271494|sam_rho=0|augm=True|randaug=True
B2_008,B2,original_068,,PreActResNet18-CIFAR-3x3,ResNet,tml-epfl:PreActResNet18-CIFAR-width64,sharpness_cifar10,https://github.com/tml-epfl/sharpness-vs-generalization,https://drive.google.com/drive/folders/1dwfb2Iqw6BTMi57SeG44aDebuu-TBzo5,https://drive.usercontent.google.com/download?id=1fLzc7_pEoxaTgU9XX_Mc4DG6G_NjB5_v&export=download&confirm=t,2023-01-15 14:03:06.226 dataset=cifar10 model=resnet18 epochs=200 lr_max=0.3877345 model_width=64 l2_reg=0.0 sam_rho=0.0 batch_size=128 frac_train=1 p_label_noise=0.0 lr_schedule=cyclic augm=True randaug=True seed=0 epoch=200.pth,checkpoints/B2/B2_008_preact_resnet18_lr0.387734_sam0_aug1.pth,007cf07bafdc10bf851c15788ae3db47ddec7947203f0fca7565ac69d943b2ea,04cbcdd7b0698a736766649aeffefdd242b11857fcc78b7c93f485e6b2a7846b,PyTorch,2.14.0+cpu,PyTorch ZIP container with last/best/SWA state_dicts,11172170,"[3, 32, 32]","[0.4914, 0.4822, 0.4465]","[0.2023, 0.1994, 0.201]",,95.5,0,sgd,0.3877345,0.0,"[""RandAugment(2,14)"", ""RandomCrop(32,padding=4)"", ""RandomHorizontalFlip""]","{""optimizer"": ""sgd"", ""max_learning_rate"": 0.3877345, ""momentum"": null, ""weight_decay"": 0.0, ""sam_rho"": 0.0, ""epochs"": 200, ""batch_size"": 128, ""lr_schedule"": ""cyclic"", ""standard_augmentation"": true, ""randaugment"": true, ""model_width"": 64, ""training_fraction"": 1.0, ""label_noise_probability"": 0.0, ""seed"": 0, ""checkpoint_state_key"": ""last""}","Published final epoch-200 training run. Loader uses the source evaluation protocol's 'last' state_dict; best and SWA variants remain preserved in the original file. All B2 runs use seed=0, so B2 controls hyperparameter changes rather than initialization changes.",2026-09-07T05:52:58Z,verified,CIFAR-10,"[""airplane"", ""automobile"", ""bird"", ""cat"", ""deer"", ""dog"", ""frog"", ""horse"", ""ship"", ""truck""]",6d73be94eb88dae6d3096647bb24b92244fae18f,,,"{""adapter"": ""sharpness_preact_resnet18"", ""state_key"": ""last""}","{""kind"": ""direct""}",https://github.com/tml-epfl/sharpness-vs-generalization/blob/6d73be94eb88dae6d3096647bb24b92244fae18f/data.py#L46-L69,Unique public Drive file and training run; identical seed=0 but distinct hyperparameter signature. Filename records the complete varied recipe.,179196437,9cad36d3f8bcf2e87823ee40d9de68240488634bed6d5b597ad28e6e3997cce4,95.703125,"{""model_id"": ""B2_008"", ""passed"": true, ""samples"": 256, ""correct"": 245, ""accuracy_percent"": 95.703125, ""checkpoint_sha256"": ""007cf07bafdc10bf851c15788ae3db47ddec7947203f0fca7565ac69d943b2ea"", ""full_test_set"": false, ""subset_seed"": 20260907, ""indices_sha256"": ""072da18cce220a907a9a5eca3c800500e2f6d972c4903c62f6903308ebdecf30"", ""preprocessing"": ""native"", ""device"": ""cpu"", ""torch_version"": ""2.14.0+cpu"", ""seconds"": 2.898, ""date"": ""2026-09-07T05:56:26Z""}",wrapper,,"{""model_id"": ""B2_008"", ""passed"": true, ""samples"": 10000, ""correct"": 9550, ""accuracy_percent"": 95.5, ""checkpoint_sha256"": ""007cf07bafdc10bf851c15788ae3db47ddec7947203f0fca7565ac69d943b2ea"", ""full_test_set"": true, ""subset_seed"": null, ""indices_sha256"": ""7d99a727ec84a6794eb1905bb9aa18ce6bfcef7a3b7cc203a68b281fb7f46e61"", ""preprocessing"": ""native"", ""device"": ""cpu"", ""torch_version"": ""2.14.0+cpu"", ""seconds"": 94.869, ""date"": ""2026-09-07T06:01:06Z""}",,,11172170,0,"[0.0, 1.0]",RGB,NCHW,logits,10,,,,1fLzc7_pEoxaTgU9XX_Mc4DG6G_NjB5_v,200,,lr_max=0.387734|sam_rho=0|augm=True|randaug=True
B2_009,B2,original_069,,PreActResNet18-CIFAR-3x3,ResNet,tml-epfl:PreActResNet18-CIFAR-width64,sharpness_cifar10,https://github.com/tml-epfl/sharpness-vs-generalization,https://drive.google.com/drive/folders/1dwfb2Iqw6BTMi57SeG44aDebuu-TBzo5,https://drive.usercontent.google.com/download?id=1gZugAyeAwk4ViyXcBaNxN_bFj8gw29iF&export=download&confirm=t,2023-01-15 14:10:48.129 dataset=cifar10 model=resnet18 epochs=200 lr_max=0.5684879 model_width=64 l2_reg=0.0 sam_rho=0.0 batch_size=128 frac_train=1 p_label_noise=0.0 lr_schedule=cyclic augm=True randaug=True seed=0 epoch=200.pth,checkpoints/B2/B2_009_preact_resnet18_lr0.568488_sam0_aug1.pth,02b900a4ac2a483113f8ae10521b8fec46f674b6e491e43bd2b5d964ddc912d5,7c46ae9acaa439dd3600773283b401b6071bcb4e8857716ef1286b0598ae8ddf,PyTorch,2.14.0+cpu,PyTorch ZIP container with last/best/SWA state_dicts,11172170,"[3, 32, 32]","[0.4914, 0.4822, 0.4465]","[0.2023, 0.1994, 0.201]",,,0,sgd,0.5684879,0.0,"[""RandAugment(2,14)"", ""RandomCrop(32,padding=4)"", ""RandomHorizontalFlip""]","{""optimizer"": ""sgd"", ""max_learning_rate"": 0.5684879, ""momentum"": null, ""weight_decay"": 0.0, ""sam_rho"": 0.0, ""epochs"": 200, ""batch_size"": 128, ""lr_schedule"": ""cyclic"", ""standard_augmentation"": true, ""randaugment"": true, ""model_width"": 64, ""training_fraction"": 1.0, ""label_noise_probability"": 0.0, ""seed"": 0, ""checkpoint_state_key"": ""last""}","Published final epoch-200 training run. Loader uses the source evaluation protocol's 'last' state_dict; best and SWA variants remain preserved in the original file. All B2 runs use seed=0, so B2 controls hyperparameter changes rather than initialization changes.",2026-09-07T05:52:58Z,verified,CIFAR-10,"[""airplane"", ""automobile"", ""bird"", ""cat"", ""deer"", ""dog"", ""frog"", ""horse"", ""ship"", ""truck""]",6d73be94eb88dae6d3096647bb24b92244fae18f,,,"{""adapter"": ""sharpness_preact_resnet18"", ""state_key"": ""last""}","{""kind"": ""direct""}",https://github.com/tml-epfl/sharpness-vs-generalization/blob/6d73be94eb88dae6d3096647bb24b92244fae18f/data.py#L46-L69,Unique public Drive file and training run; identical seed=0 but distinct hyperparameter signature. Filename records the complete varied recipe.,179196437,7575a6ae23cb0c7023387389651b74f8bf45171b3c6a7ac2cce1cd5776174395,95.3125,"{""model_id"": ""B2_009"", ""passed"": true, ""samples"": 256, ""correct"": 244, ""accuracy_percent"": 95.3125, ""checkpoint_sha256"": ""02b900a4ac2a483113f8ae10521b8fec46f674b6e491e43bd2b5d964ddc912d5"", ""full_test_set"": false, ""subset_seed"": 20260907, ""indices_sha256"": ""072da18cce220a907a9a5eca3c800500e2f6d972c4903c62f6903308ebdecf30"", ""preprocessing"": ""native"", ""device"": ""cpu"", ""torch_version"": ""2.14.0+cpu"", ""seconds"": 2.867, ""date"": ""2026-09-07T05:56:29Z""}",wrapper,,,,,11172170,0,"[0.0, 1.0]",RGB,NCHW,logits,10,,,,1gZugAyeAwk4ViyXcBaNxN_bFj8gw29iF,200,,lr_max=0.568488|sam_rho=0|augm=True|randaug=True
B2_010,B2,original_070,,PreActResNet18-CIFAR-3x3,ResNet,tml-epfl:PreActResNet18-CIFAR-width64,sharpness_cifar10,https://github.com/tml-epfl/sharpness-vs-generalization,https://drive.google.com/drive/folders/1dwfb2Iqw6BTMi57SeG44aDebuu-TBzo5,https://drive.usercontent.google.com/download?id=1fviQpfpcE4Gbw2XgDumj3HdOJf4xz7_Z&export=download&confirm=t,2023-01-15 14:03:42.645 dataset=cifar10 model=resnet18 epochs=200 lr_max=0.9603212 model_width=64 l2_reg=0.0 sam_rho=0.0 batch_size=128 frac_train=1 p_label_noise=0.0 lr_schedule=cyclic augm=True randaug=True seed=0 epoch=200.pth,checkpoints/B2/B2_010_preact_resnet18_lr0.960321_sam0_aug1.pth,c40518f432990f9ab734b2f4c371ed483aa7490e31f370ae8049e0935dcedbfd,0745abab0e615ecc68e4256a7bddeb061dc6470b005debc6b3ecc98f08407c63,PyTorch,2.14.0+cpu,PyTorch ZIP container with last/best/SWA state_dicts,11172170,"[3, 32, 32]","[0.4914, 0.4822, 0.4465]","[0.2023, 0.1994, 0.201]",,,0,sgd,0.9603212,0.0,"[""RandAugment(2,14)"", ""RandomCrop(32,padding=4)"", ""RandomHorizontalFlip""]","{""optimizer"": ""sgd"", ""max_learning_rate"": 0.9603212, ""momentum"": null, ""weight_decay"": 0.0, ""sam_rho"": 0.0, ""epochs"": 200, ""batch_size"": 128, ""lr_schedule"": ""cyclic"", ""standard_augmentation"": true, ""randaugment"": true, ""model_width"": 64, ""training_fraction"": 1.0, ""label_noise_probability"": 0.0, ""seed"": 0, ""checkpoint_state_key"": ""last""}","Published final epoch-200 training run. Loader uses the source evaluation protocol's 'last' state_dict; best and SWA variants remain preserved in the original file. All B2 runs use seed=0, so B2 controls hyperparameter changes rather than initialization changes.",2026-09-07T05:53:07Z,verified,CIFAR-10,"[""airplane"", ""automobile"", ""bird"", ""cat"", ""deer"", ""dog"", ""frog"", ""horse"", ""ship"", ""truck""]",6d73be94eb88dae6d3096647bb24b92244fae18f,,,"{""adapter"": ""sharpness_preact_resnet18"", ""state_key"": ""last""}","{""kind"": ""direct""}",https://github.com/tml-epfl/sharpness-vs-generalization/blob/6d73be94eb88dae6d3096647bb24b92244fae18f/data.py#L46-L69,Unique public Drive file and training run; identical seed=0 but distinct hyperparameter signature. Filename records the complete varied recipe.,179196437,66ead5fc512ccb9d048b3a7d8e727886a91474300e10b493726b49bea2e2b6ae,93.75,"{""model_id"": ""B2_010"", ""passed"": true, ""samples"": 256, ""correct"": 240, ""accuracy_percent"": 93.75, ""checkpoint_sha256"": ""c40518f432990f9ab734b2f4c371ed483aa7490e31f370ae8049e0935dcedbfd"", ""full_test_set"": false, ""subset_seed"": 20260907, ""indices_sha256"": ""072da18cce220a907a9a5eca3c800500e2f6d972c4903c62f6903308ebdecf30"", ""preprocessing"": ""native"", ""device"": ""cpu"", ""torch_version"": ""2.14.0+cpu"", ""seconds"": 2.889, ""date"": ""2026-09-07T05:56:32Z""}",wrapper,,,,,11172170,0,"[0.0, 1.0]",RGB,NCHW,logits,10,,,,1fviQpfpcE4Gbw2XgDumj3HdOJf4xz7_Z,200,,lr_max=0.960321|sam_rho=0|augm=True|randaug=True
B2_011,B2,original_071,,PreActResNet18-CIFAR-3x3,ResNet,tml-epfl:PreActResNet18-CIFAR-width64,sharpness_cifar10,https://github.com/tml-epfl/sharpness-vs-generalization,https://drive.google.com/drive/folders/1dwfb2Iqw6BTMi57SeG44aDebuu-TBzo5,https://drive.usercontent.google.com/download?id=1hIcfq23wA35qMpo_SzbGSeAc07WFp_sy&export=download&confirm=t,2023-01-15 17:22:34.404 dataset=cifar10 model=resnet18 epochs=200 lr_max=0.0551324 model_width=64 l2_reg=0.0 sam_rho=0.05 batch_size=128 frac_train=1 p_label_noise=0.0 lr_schedule=cyclic augm=False randaug=False seed=0 epoch=200.pth,checkpoints/B2/B2_011_preact_resnet18_lr0.0551324_sam0.05_aug0.pth,f74b43059c7494163390578bb903a985b3831a0249c1ac260064687c8fdfaf05,b00122e2b7e294c8cdbe42935b63e90ffff68e1a524cbe37d58d46bde63fb7e7,PyTorch,2.14.0+cpu,PyTorch ZIP container with last/best/SWA state_dicts,11172170,"[3, 32, 32]","[0.4914, 0.4822, 0.4465]","[0.2023, 0.1994, 0.201]",,,0,sgd,0.0551324,0.0,[],"{""optimizer"": ""sgd"", ""max_learning_rate"": 0.0551324, ""momentum"": null, ""weight_decay"": 0.0, ""sam_rho"": 0.05, ""epochs"": 200, ""batch_size"": 128, ""lr_schedule"": ""cyclic"", ""standard_augmentation"": false, ""randaugment"": false, ""model_width"": 64, ""training_fraction"": 1.0, ""label_noise_probability"": 0.0, ""seed"": 0, ""checkpoint_state_key"": ""last""}","Published final epoch-200 training run. Loader uses the source evaluation protocol's 'last' state_dict; best and SWA variants remain preserved in the original file. All B2 runs use seed=0, so B2 controls hyperparameter changes rather than initialization changes.",2026-09-07T05:53:11Z,verified,CIFAR-10,"[""airplane"", ""automobile"", ""bird"", ""cat"", ""deer"", ""dog"", ""frog"", ""horse"", ""ship"", ""truck""]",6d73be94eb88dae6d3096647bb24b92244fae18f,,,"{""adapter"": ""sharpness_preact_resnet18"", ""state_key"": ""last""}","{""kind"": ""direct""}",https://github.com/tml-epfl/sharpness-vs-generalization/blob/6d73be94eb88dae6d3096647bb24b92244fae18f/data.py#L46-L69,Unique public Drive file and training run; identical seed=0 but distinct hyperparameter signature. Filename records the complete varied recipe.,179197727,5744c7b5aaaba5263335d548bd1c18241adc89306541493ceaa14abd78f78e11,83.203125,"{""model_id"": ""B2_011"", ""passed"": true, ""samples"": 256, ""correct"": 213, ""accuracy_percent"": 83.203125, ""checkpoint_sha256"": ""f74b43059c7494163390578bb903a985b3831a0249c1ac260064687c8fdfaf05"", ""full_test_set"": false, ""subset_seed"": 20260907, ""indices_sha256"": ""072da18cce220a907a9a5eca3c800500e2f6d972c4903c62f6903308ebdecf30"", ""preprocessing"": ""native"", ""device"": ""cpu"", ""torch_version"": ""2.14.0+cpu"", ""seconds"": 2.894, ""date"": ""2026-09-07T05:56:36Z""}",wrapper,,,,,11172170,0,"[0.0, 1.0]",RGB,NCHW,logits,10,,,,1hIcfq23wA35qMpo_SzbGSeAc07WFp_sy,200,,lr_max=0.0551324|sam_rho=0.05|augm=False|randaug=False
B2_012,B2,original_072,,PreActResNet18-CIFAR-3x3,ResNet,tml-epfl:PreActResNet18-CIFAR-width64,sharpness_cifar10,https://github.com/tml-epfl/sharpness-vs-generalization,https://drive.google.com/drive/folders/1dwfb2Iqw6BTMi57SeG44aDebuu-TBzo5,https://drive.usercontent.google.com/download?id=1g8_bSVb1e7OSjFaMe9RGotlyzWk_aKoP&export=download&confirm=t,2023-01-15 14:03:05.624 dataset=cifar10 model=resnet18 epochs=200 lr_max=0.2187415 model_width=64 l2_reg=0.0 sam_rho=0.05 batch_size=128 frac_train=1 p_label_noise=0.0 lr_schedule=cyclic augm=False randaug=False seed=0 epoch=200.pth,checkpoints/B2/B2_012_preact_resnet18_lr0.218742_sam0.05_aug0.pth,9589198f1533025a1feda9be729bc8fc9bd47e0ac5456ac41e341c7cc847ef29,b48ff1b7e423a973a6e43dc0f5ec310f94cee57a2f24c71b5901a3a35c5391cd,PyTorch,2.14.0+cpu,PyTorch ZIP container with last/best/SWA state_dicts,11172170,"[3, 32, 32]","[0.4914, 0.4822, 0.4465]","[0.2023, 0.1994, 0.201]",,,0,sgd,0.2187415,0.0,[],"{""optimizer"": ""sgd"", ""max_learning_rate"": 0.2187415, ""momentum"": null, ""weight_decay"": 0.0, ""sam_rho"": 0.05, ""epochs"": 200, ""batch_size"": 128, ""lr_schedule"": ""cyclic"", ""standard_augmentation"": false, ""randaugment"": false, ""model_width"": 64, ""training_fraction"": 1.0, ""label_noise_probability"": 0.0, ""seed"": 0, ""checkpoint_state_key"": ""last""}","Published final epoch-200 training run. Loader uses the source evaluation protocol's 'last' state_dict; best and SWA variants remain preserved in the original file. All B2 runs use seed=0, so B2 controls hyperparameter changes rather than initialization changes.",2026-09-07T05:53:16Z,verified,CIFAR-10,"[""airplane"", ""automobile"", ""bird"", ""cat"", ""deer"", ""dog"", ""frog"", ""horse"", ""ship"", ""truck""]",6d73be94eb88dae6d3096647bb24b92244fae18f,,,"{""adapter"": ""sharpness_preact_resnet18"", ""state_key"": ""last""}","{""kind"": ""direct""}",https://github.com/tml-epfl/sharpness-vs-generalization/blob/6d73be94eb88dae6d3096647bb24b92244fae18f/data.py#L46-L69,Unique public Drive file and training run; identical seed=0 but distinct hyperparameter signature. Filename records the complete varied recipe.,179197727,f1c356e32a751698462e1b2f2c39431927c7926acbac1d873c995d318c60a14c,83.59375,"{""model_id"": ""B2_012"", ""passed"": true, ""samples"": 256, ""correct"": 214, ""accuracy_percent"": 83.59375, ""checkpoint_sha256"": ""9589198f1533025a1feda9be729bc8fc9bd47e0ac5456ac41e341c7cc847ef29"", ""full_test_set"": false, ""subset_seed"": 20260907, ""indices_sha256"": ""072da18cce220a907a9a5eca3c800500e2f6d972c4903c62f6903308ebdecf30"", ""preprocessing"": ""native"", ""device"": ""cpu"", ""torch_version"": ""2.14.0+cpu"", ""seconds"": 2.838, ""date"": ""2026-09-07T05:56:39Z""}",wrapper,,,,,11172170,0,"[0.0, 1.0]",RGB,NCHW,logits,10,,,,1g8_bSVb1e7OSjFaMe9RGotlyzWk_aKoP,200,,lr_max=0.218742|sam_rho=0.05|augm=False|randaug=False
B2_013,B2,original_073,,PreActResNet18-CIFAR-3x3,ResNet,tml-epfl:PreActResNet18-CIFAR-width64,sharpness_cifar10,https://github.com/tml-epfl/sharpness-vs-generalization,https://drive.google.com/drive/folders/1dwfb2Iqw6BTMi57SeG44aDebuu-TBzo5,https://drive.usercontent.google.com/download?id=1hKBfYLNehWsaJqeu_rN9Q4AmRvIf4Pyf&export=download&confirm=t,2023-01-15 16:08:49.235 dataset=cifar10 model=resnet18 epochs=200 lr_max=0.2923595 model_width=64 l2_reg=0.0 sam_rho=0.05 batch_size=128 frac_train=1 p_label_noise=0.0 lr_schedule=cyclic augm=False randaug=False seed=0 epoch=200.pth,checkpoints/B2/B2_013_preact_resnet18_lr0.292359_sam0.05_aug0.pth,4fd83777e338a3a93c02327c9373d773b0de264d1462add1ade3880d342a948f,c18086387acf5005693df0fdb34bd19e59491c6a85a9c11ba73ec4b7bcef68af,PyTorch,2.14.0+cpu,PyTorch ZIP container with last/best/SWA state_dicts,11172170,"[3, 32, 32]","[0.4914, 0.4822, 0.4465]","[0.2023, 0.1994, 0.201]",,88.72,0,sgd,0.2923595,0.0,[],"{""optimizer"": ""sgd"", ""max_learning_rate"": 0.2923595, ""momentum"": null, ""weight_decay"": 0.0, ""sam_rho"": 0.05, ""epochs"": 200, ""batch_size"": 128, ""lr_schedule"": ""cyclic"", ""standard_augmentation"": false, ""randaugment"": false, ""model_width"": 64, ""training_fraction"": 1.0, ""label_noise_probability"": 0.0, ""seed"": 0, ""checkpoint_state_key"": ""last""}","Published final epoch-200 training run. Loader uses the source evaluation protocol's 'last' state_dict; best and SWA variants remain preserved in the original file. All B2 runs use seed=0, so B2 controls hyperparameter changes rather than initialization changes.",2026-09-07T05:53:22Z,verified,CIFAR-10,"[""airplane"", ""automobile"", ""bird"", ""cat"", ""deer"", ""dog"", ""frog"", ""horse"", ""ship"", ""truck""]",6d73be94eb88dae6d3096647bb24b92244fae18f,,,"{""adapter"": ""sharpness_preact_resnet18"", ""state_key"": ""last""}","{""kind"": ""direct""}",https://github.com/tml-epfl/sharpness-vs-generalization/blob/6d73be94eb88dae6d3096647bb24b92244fae18f/data.py#L46-L69,Unique public Drive file and training run; identical seed=0 but distinct hyperparameter signature. Filename records the complete varied recipe.,179197727,63ee6562e765e6cf39d177349717d1187bb5793352dba21b9d8a255727b87b59,82.8125,"{""model_id"": ""B2_013"", ""passed"": true, ""samples"": 256, ""correct"": 212, ""accuracy_percent"": 82.8125, ""checkpoint_sha256"": ""4fd83777e338a3a93c02327c9373d773b0de264d1462add1ade3880d342a948f"", ""full_test_set"": false, ""subset_seed"": 20260907, ""indices_sha256"": ""072da18cce220a907a9a5eca3c800500e2f6d972c4903c62f6903308ebdecf30"", ""preprocessing"": ""native"", ""device"": ""cpu"", ""torch_version"": ""2.14.0+cpu"", ""seconds"": 2.943, ""date"": ""2026-09-07T05:56:42Z""}",wrapper,,"{""model_id"": ""B2_013"", ""passed"": true, ""samples"": 10000, ""correct"": 8872, ""accuracy_percent"": 88.72, ""checkpoint_sha256"": ""4fd83777e338a3a93c02327c9373d773b0de264d1462add1ade3880d342a948f"", ""full_test_set"": true, ""subset_seed"": null, ""indices_sha256"": ""7d99a727ec84a6794eb1905bb9aa18ce6bfcef7a3b7cc203a68b281fb7f46e61"", ""preprocessing"": ""native"", ""device"": ""cpu"", ""torch_version"": ""2.14.0+cpu"", ""seconds"": 98.14, ""date"": ""2026-09-07T06:02:44Z""}",,,11172170,0,"[0.0, 1.0]",RGB,NCHW,logits,10,,,,1hKBfYLNehWsaJqeu_rN9Q4AmRvIf4Pyf,200,,lr_max=0.292359|sam_rho=0.05|augm=False|randaug=False
B2_014,B2,original_074,,PreActResNet18-CIFAR-3x3,ResNet,tml-epfl:PreActResNet18-CIFAR-width64,sharpness_cifar10,https://github.com/tml-epfl/sharpness-vs-generalization,https://drive.google.com/drive/folders/1dwfb2Iqw6BTMi57SeG44aDebuu-TBzo5,https://drive.usercontent.google.com/download?id=1e2SC_VgZB4-Jgn8pre_mHD46HWuvDni2&export=download&confirm=t,2023-01-15 16:09:27.445 dataset=cifar10 model=resnet18 epochs=200 lr_max=0.3577887 model_width=64 l2_reg=0.0 sam_rho=0.05 batch_size=128 frac_train=1 p_label_noise=0.0 lr_schedule=cyclic augm=False randaug=False seed=0 epoch=200.pth,checkpoints/B2/B2_014_preact_resnet18_lr0.357789_sam0.05_aug0.pth,014d57a9dea6282c976ea1ed5a894858975fff6e68905732c49b8d2b49740d73,7cef7f93f87be37b1cdc80446102a3c4dc61ffce5a29ad1b1125a9c3007effc1,PyTorch,2.14.0+cpu,PyTorch ZIP container with last/best/SWA state_dicts,11172170,"[3, 32, 32]","[0.4914, 0.4822, 0.4465]","[0.2023, 0.1994, 0.201]",,,0,sgd,0.3577887,0.0,[],"{""optimizer"": ""sgd"", ""max_learning_rate"": 0.3577887, ""momentum"": null, ""weight_decay"": 0.0, ""sam_rho"": 0.05, ""epochs"": 200, ""batch_size"": 128, ""lr_schedule"": ""cyclic"", ""standard_augmentation"": false, ""randaugment"": false, ""model_width"": 64, ""training_fraction"": 1.0, ""label_noise_probability"": 0.0, ""seed"": 0, ""checkpoint_state_key"": ""last""}","Published final epoch-200 training run. Loader uses the source evaluation protocol's 'last' state_dict; best and SWA variants remain preserved in the original file. All B2 runs use seed=0, so B2 controls hyperparameter changes rather than initialization changes.",2026-09-07T05:53:31Z,verified,CIFAR-10,"[""airplane"", ""automobile"", ""bird"", ""cat"", ""deer"", ""dog"", ""frog"", ""horse"", ""ship"", ""truck""]",6d73be94eb88dae6d3096647bb24b92244fae18f,,,"{""adapter"": ""sharpness_preact_resnet18"", ""state_key"": ""last""}","{""kind"": ""direct""}",https://github.com/tml-epfl/sharpness-vs-generalization/blob/6d73be94eb88dae6d3096647bb24b92244fae18f/data.py#L46-L69,Unique public Drive file and training run; identical seed=0 but distinct hyperparameter signature. Filename records the complete varied recipe.,179197727,017260fe0311ba2a869ea0f6083e9a350aa06f904020963589c51332d825c60d,85.9375,"{""model_id"": ""B2_014"", ""passed"": true, ""samples"": 256, ""correct"": 220, ""accuracy_percent"": 85.9375, ""checkpoint_sha256"": ""014d57a9dea6282c976ea1ed5a894858975fff6e68905732c49b8d2b49740d73"", ""full_test_set"": false, ""subset_seed"": 20260907, ""indices_sha256"": ""072da18cce220a907a9a5eca3c800500e2f6d972c4903c62f6903308ebdecf30"", ""preprocessing"": ""native"", ""device"": ""cpu"", ""torch_version"": ""2.14.0+cpu"", ""seconds"": 2.985, ""date"": ""2026-09-07T05:56:45Z""}",wrapper,,,,,11172170,0,"[0.0, 1.0]",RGB,NCHW,logits,10,,,,1e2SC_VgZB4-Jgn8pre_mHD46HWuvDni2,200,,lr_max=0.357789|sam_rho=0.05|augm=False|randaug=False
B2_015,B2,original_075,,PreActResNet18-CIFAR-3x3,ResNet,tml-epfl:PreActResNet18-CIFAR-width64,sharpness_cifar10,https://github.com/tml-epfl/sharpness-vs-generalization,https://drive.google.com/drive/folders/1dwfb2Iqw6BTMi57SeG44aDebuu-TBzo5,https://drive.usercontent.google.com/download?id=1erDb13x_5v5CrJ-91ThsijD1Jphge9iP&export=download&confirm=t,2023-01-15 16:10:35.215 dataset=cifar10 model=resnet18 epochs=200 lr_max=0.812511 model_width=64 l2_reg=0.0 sam_rho=0.05 batch_size=128 frac_train=1 p_label_noise=0.0 lr_schedule=cyclic augm=False randaug=False seed=0 epoch=200.pth,checkpoints/B2/B2_015_preact_resnet18_lr0.812511_sam0.05_aug0.pth,475cecceec5aae0dc8bfc44c0a8e22c301ece8504137526e81c9b7cdda4511f9,f11eb8deb8b4ef2817e688bf9d6b066bef3ce65984d793290af2c914f23c8092,PyTorch,2.14.0+cpu,PyTorch ZIP container with last/best/SWA state_dicts,11172170,"[3, 32, 32]","[0.4914, 0.4822, 0.4465]","[0.2023, 0.1994, 0.201]",,,0,sgd,0.812511,0.0,[],"{""optimizer"": ""sgd"", ""max_learning_rate"": 0.812511, ""momentum"": null, ""weight_decay"": 0.0, ""sam_rho"": 0.05, ""epochs"": 200, ""batch_size"": 128, ""lr_schedule"": ""cyclic"", ""standard_augmentation"": false, ""randaugment"": false, ""model_width"": 64, ""training_fraction"": 1.0, ""label_noise_probability"": 0.0, ""seed"": 0, ""checkpoint_state_key"": ""last""}","Published final epoch-200 training run. Loader uses the source evaluation protocol's 'last' state_dict; best and SWA variants remain preserved in the original file. All B2 runs use seed=0, so B2 controls hyperparameter changes rather than initialization changes.",2026-09-07T05:53:32Z,verified,CIFAR-10,"[""airplane"", ""automobile"", ""bird"", ""cat"", ""deer"", ""dog"", ""frog"", ""horse"", ""ship"", ""truck""]",6d73be94eb88dae6d3096647bb24b92244fae18f,,,"{""adapter"": ""sharpness_preact_resnet18"", ""state_key"": ""last""}","{""kind"": ""direct""}",https://github.com/tml-epfl/sharpness-vs-generalization/blob/6d73be94eb88dae6d3096647bb24b92244fae18f/data.py#L46-L69,Unique public Drive file and training run; identical seed=0 but distinct hyperparameter signature. Filename records the complete varied recipe.,179197297,619842dd4cb020f60bb11569a274c7b854d5e120d9445b01f3103e743d85349e,84.765625,"{""model_id"": ""B2_015"", ""passed"": true, ""samples"": 256, ""correct"": 217, ""accuracy_percent"": 84.765625, ""checkpoint_sha256"": ""475cecceec5aae0dc8bfc44c0a8e22c301ece8504137526e81c9b7cdda4511f9"", ""full_test_set"": false, ""subset_seed"": 20260907, ""indices_sha256"": ""072da18cce220a907a9a5eca3c800500e2f6d972c4903c62f6903308ebdecf30"", ""preprocessing"": ""native"", ""device"": ""cpu"", ""torch_version"": ""2.14.0+cpu"", ""seconds"": 2.891, ""date"": ""2026-09-07T05:56:48Z""}",wrapper,,,,,11172170,0,"[0.0, 1.0]",RGB,NCHW,logits,10,,,,1erDb13x_5v5CrJ-91ThsijD1Jphge9iP,200,,lr_max=0.812511|sam_rho=0.05|augm=False|randaug=False
B2_016,B2,original_076,,PreActResNet18-CIFAR-3x3,ResNet,tml-epfl:PreActResNet18-CIFAR-width64,sharpness_cifar10,https://github.com/tml-epfl/sharpness-vs-generalization,https://drive.google.com/drive/folders/1dwfb2Iqw6BTMi57SeG44aDebuu-TBzo5,https://drive.usercontent.google.com/download?id=1er91dUL3bZxN1DsBdHe0kzLCAc080t1x&export=download&confirm=t,2023-01-15 14:03:39.411 dataset=cifar10 model=resnet18 epochs=200 lr_max=0.0599879 model_width=64 l2_reg=0.0 sam_rho=0.05 batch_size=128 frac_train=1 p_label_noise=0.0 lr_schedule=cyclic augm=True randaug=True seed=0 epoch=200.pth,checkpoints/B2/B2_016_preact_resnet18_lr0.0599879_sam0.05_aug1.pth,82fb7f35523ae637edcb34ca49e6bf6d3f4b3edc3502dcdd90a71bb23459ac0e,870461c91d6569c4277a66f5c106cf7066885331af3143a239a111d15f11879c,PyTorch,2.14.0+cpu,PyTorch ZIP container with last/best/SWA state_dicts,11172170,"[3, 32, 32]","[0.4914, 0.4822, 0.4465]","[0.2023, 0.1994, 0.201]",,,0,sgd,0.0599879,0.0,"[""RandAugment(2,14)"", ""RandomCrop(32,padding=4)"", ""RandomHorizontalFlip""]","{""optimizer"": ""sgd"", ""max_learning_rate"": 0.0599879, ""momentum"": null, ""weight_decay"": 0.0, ""sam_rho"": 0.05, ""epochs"": 200, ""batch_size"": 128, ""lr_schedule"": ""cyclic"", ""standard_augmentation"": true, ""randaugment"": true, ""model_width"": 64, ""training_fraction"": 1.0, ""label_noise_probability"": 0.0, ""seed"": 0, ""checkpoint_state_key"": ""last""}","Published final epoch-200 training run. Loader uses the source evaluation protocol's 'last' state_dict; best and SWA variants remain preserved in the original file. All B2 runs use seed=0, so B2 controls hyperparameter changes rather than initialization changes.",2026-09-07T05:53:43Z,verified,CIFAR-10,"[""airplane"", ""automobile"", ""bird"", ""cat"", ""deer"", ""dog"", ""frog"", ""horse"", ""ship"", ""truck""]",6d73be94eb88dae6d3096647bb24b92244fae18f,,,"{""adapter"": ""sharpness_preact_resnet18"", ""state_key"": ""last""}","{""kind"": ""direct""}",https://github.com/tml-epfl/sharpness-vs-generalization/blob/6d73be94eb88dae6d3096647bb24b92244fae18f/data.py#L46-L69,Unique public Drive file and training run; identical seed=0 but distinct hyperparameter signature. Filename records the complete varied recipe.,179196867,fb02dfd651321bcda0f72d0d1c92af93e69550fea08ee5d25f8a07c25d1dce9a,93.359375,"{""model_id"": ""B2_016"", ""passed"": true, ""samples"": 256, ""correct"": 239, ""accuracy_percent"": 93.359375, ""checkpoint_sha256"": ""82fb7f35523ae637edcb34ca49e6bf6d3f4b3edc3502dcdd90a71bb23459ac0e"", ""full_test_set"": false, ""subset_seed"": 20260907, ""indices_sha256"": ""072da18cce220a907a9a5eca3c800500e2f6d972c4903c62f6903308ebdecf30"", ""preprocessing"": ""native"", ""device"": ""cpu"", ""torch_version"": ""2.14.0+cpu"", ""seconds"": 2.838, ""date"": ""2026-09-07T05:56:51Z""}",wrapper,,,,,11172170,0,"[0.0, 1.0]",RGB,NCHW,logits,10,,,,1er91dUL3bZxN1DsBdHe0kzLCAc080t1x,200,,lr_max=0.0599879|sam_rho=0.05|augm=True|randaug=True
B2_017,B2,original_077,,PreActResNet18-CIFAR-3x3,ResNet,tml-epfl:PreActResNet18-CIFAR-width64,sharpness_cifar10,https://github.com/tml-epfl/sharpness-vs-generalization,https://drive.google.com/drive/folders/1dwfb2Iqw6BTMi57SeG44aDebuu-TBzo5,https://drive.usercontent.google.com/download?id=1eaBFezDnexC2m-D0wRq4ERu0GdF0w5eS&export=download&confirm=t,2023-01-15 16:50:56.833 dataset=cifar10 model=resnet18 epochs=200 lr_max=0.0633788 model_width=64 l2_reg=0.0 sam_rho=0.05 batch_size=128 frac_train=1 p_label_noise=0.0 lr_schedule=cyclic augm=True randaug=True seed=0 epoch=200.pth,checkpoints/B2/B2_017_preact_resnet18_lr0.0633788_sam0.05_aug1.pth,ffc80a6baa4092cd39d154ecc2a04bf6cabec7f3f9c92542ac76c44ed7ce8779,aae00a5199518b604cdf57abc0681049754be64c941f4a3f5fa3690b3446f6bc,PyTorch,2.14.0+cpu,PyTorch ZIP container with last/best/SWA state_dicts,11172170,"[3, 32, 32]","[0.4914, 0.4822, 0.4465]","[0.2023, 0.1994, 0.201]",,,0,sgd,0.0633788,0.0,"[""RandAugment(2,14)"", ""RandomCrop(32,padding=4)"", ""RandomHorizontalFlip""]","{""optimizer"": ""sgd"", ""max_learning_rate"": 0.0633788, ""momentum"": null, ""weight_decay"": 0.0, ""sam_rho"": 0.05, ""epochs"": 200, ""batch_size"": 128, ""lr_schedule"": ""cyclic"", ""standard_augmentation"": true, ""randaugment"": true, ""model_width"": 64, ""training_fraction"": 1.0, ""label_noise_probability"": 0.0, ""seed"": 0, ""checkpoint_state_key"": ""last""}","Published final epoch-200 training run. Loader uses the source evaluation protocol's 'last' state_dict; best and SWA variants remain preserved in the original file. All B2 runs use seed=0, so B2 controls hyperparameter changes rather than initialization changes.",2026-09-07T05:53:43Z,verified,CIFAR-10,"[""airplane"", ""automobile"", ""bird"", ""cat"", ""deer"", ""dog"", ""frog"", ""horse"", ""ship"", ""truck""]",6d73be94eb88dae6d3096647bb24b92244fae18f,,,"{""adapter"": ""sharpness_preact_resnet18"", ""state_key"": ""last""}","{""kind"": ""direct""}",https://github.com/tml-epfl/sharpness-vs-generalization/blob/6d73be94eb88dae6d3096647bb24b92244fae18f/data.py#L46-L69,Unique public Drive file and training run; identical seed=0 but distinct hyperparameter signature. Filename records the complete varied recipe.,179196867,a545dc8e4f1a7ad125f0c6ead20f2473087cedf6ecbd0ba25dc2f7ead08195cb,93.75,"{""model_id"": ""B2_017"", ""passed"": true, ""samples"": 256, ""correct"": 240, ""accuracy_percent"": 93.75, ""checkpoint_sha256"": ""ffc80a6baa4092cd39d154ecc2a04bf6cabec7f3f9c92542ac76c44ed7ce8779"", ""full_test_set"": false, ""subset_seed"": 20260907, ""indices_sha256"": ""072da18cce220a907a9a5eca3c800500e2f6d972c4903c62f6903308ebdecf30"", ""preprocessing"": ""native"", ""device"": ""cpu"", ""torch_version"": ""2.14.0+cpu"", ""seconds"": 2.839, ""date"": ""2026-09-07T05:56:54Z""}",wrapper,,,,,11172170,0,"[0.0, 1.0]",RGB,NCHW,logits,10,,,,1eaBFezDnexC2m-D0wRq4ERu0GdF0w5eS,200,,lr_max=0.0633788|sam_rho=0.05|augm=True|randaug=True
B2_018,B2,original_078,,PreActResNet18-CIFAR-3x3,ResNet,tml-epfl:PreActResNet18-CIFAR-width64,sharpness_cifar10,https://github.com/tml-epfl/sharpness-vs-generalization,https://drive.google.com/drive/folders/1dwfb2Iqw6BTMi57SeG44aDebuu-TBzo5,https://drive.usercontent.google.com/download?id=1guj93FzLndMyrZqv-sdIWu4YN5BE3QWH&export=download&confirm=t,2023-01-15 14:10:48.585 dataset=cifar10 model=resnet18 epochs=200 lr_max=0.2994383 model_width=64 l2_reg=0.0 sam_rho=0.05 batch_size=128 frac_train=1 p_label_noise=0.0 lr_schedule=cyclic augm=True randaug=True seed=0 epoch=200.pth,checkpoints/B2/B2_018_preact_resnet18_lr0.299438_sam0.05_aug1.pth,7f19327ef5e1c4fd12977c4c65fa22d5d46fc58aafb5b077e838649fc90cb5b4,1df1ed37c0b6a95f57804c8dad498b43e95e03840d74c2069717edb7a5d4e4d5,PyTorch,2.14.0+cpu,PyTorch ZIP container with last/best/SWA state_dicts,11172170,"[3, 32, 32]","[0.4914, 0.4822, 0.4465]","[0.2023, 0.1994, 0.201]",,95.53,0,sgd,0.2994383,0.0,"[""RandAugment(2,14)"", ""RandomCrop(32,padding=4)"", ""RandomHorizontalFlip""]","{""optimizer"": ""sgd"", ""max_learning_rate"": 0.2994383, ""momentum"": null, ""weight_decay"": 0.0, ""sam_rho"": 0.05, ""epochs"": 200, ""batch_size"": 128, ""lr_schedule"": ""cyclic"", ""standard_augmentation"": true, ""randaugment"": true, ""model_width"": 64, ""training_fraction"": 1.0, ""label_noise_probability"": 0.0, ""seed"": 0, ""checkpoint_state_key"": ""last""}","Published final epoch-200 training run. Loader uses the source evaluation protocol's 'last' state_dict; best and SWA variants remain preserved in the original file. All B2 runs use seed=0, so B2 controls hyperparameter changes rather than initialization changes.",2026-09-07T05:54:01Z,verified,CIFAR-10,"[""airplane"", ""automobile"", ""bird"", ""cat"", ""deer"", ""dog"", ""frog"", ""horse"", ""ship"", ""truck""]",6d73be94eb88dae6d3096647bb24b92244fae18f,,,"{""adapter"": ""sharpness_preact_resnet18"", ""state_key"": ""last""}","{""kind"": ""direct""}",https://github.com/tml-epfl/sharpness-vs-generalization/blob/6d73be94eb88dae6d3096647bb24b92244fae18f/data.py#L46-L69,Unique public Drive file and training run; identical seed=0 but distinct hyperparameter signature. Filename records the complete varied recipe.,179196867,68e4fb756a66acf9a4a00bb1aaf455419419b821574fa8c15da71f98356bf77d,96.484375,"{""model_id"": ""B2_018"", ""passed"": true, ""samples"": 256, ""correct"": 247, ""accuracy_percent"": 96.484375, ""checkpoint_sha256"": ""7f19327ef5e1c4fd12977c4c65fa22d5d46fc58aafb5b077e838649fc90cb5b4"", ""full_test_set"": false, ""subset_seed"": 20260907, ""indices_sha256"": ""072da18cce220a907a9a5eca3c800500e2f6d972c4903c62f6903308ebdecf30"", ""preprocessing"": ""native"", ""device"": ""cpu"", ""torch_version"": ""2.14.0+cpu"", ""seconds"": 2.908, ""date"": ""2026-09-07T05:56:57Z""}",wrapper,,"{""model_id"": ""B2_018"", ""passed"": true, ""samples"": 10000, ""correct"": 9553, ""accuracy_percent"": 95.53, ""checkpoint_sha256"": ""7f19327ef5e1c4fd12977c4c65fa22d5d46fc58aafb5b077e838649fc90cb5b4"", ""full_test_set"": true, ""subset_seed"": null, ""indices_sha256"": ""7d99a727ec84a6794eb1905bb9aa18ce6bfcef7a3b7cc203a68b281fb7f46e61"", ""preprocessing"": ""native"", ""device"": ""cpu"", ""torch_version"": ""2.14.0+cpu"", ""seconds"": 98.659, ""date"": ""2026-09-07T06:04:23Z""}",,,11172170,0,"[0.0, 1.0]",RGB,NCHW,logits,10,,,,1guj93FzLndMyrZqv-sdIWu4YN5BE3QWH,200,,lr_max=0.299438|sam_rho=0.05|augm=True|randaug=True
B2_019,B2,original_079,,PreActResNet18-CIFAR-3x3,ResNet,tml-epfl:PreActResNet18-CIFAR-width64,sharpness_cifar10,https://github.com/tml-epfl/sharpness-vs-generalization,https://drive.google.com/drive/folders/1dwfb2Iqw6BTMi57SeG44aDebuu-TBzo5,https://drive.usercontent.google.com/download?id=1eKnIso5PPu06iFd8T_7yjfOi9cS1qSwp&export=download&confirm=t,2023-01-15 14:02:36.368 dataset=cifar10 model=resnet18 epochs=200 lr_max=0.4633774 model_width=64 l2_reg=0.0 sam_rho=0.05 batch_size=128 frac_train=1 p_label_noise=0.0 lr_schedule=cyclic augm=True randaug=True seed=0 epoch=200.pth,checkpoints/B2/B2_019_preact_resnet18_lr0.463377_sam0.05_aug1.pth,703b53568e027a15ab19eaf1eff9785d54fa370ce7f63ff503b0ae7532343c29,918ef6e94521723377d6938645d9c49e6194ce3760288c1f890b9aff87fe97be,PyTorch,2.14.0+cpu,PyTorch ZIP container with last/best/SWA state_dicts,11172170,"[3, 32, 32]","[0.4914, 0.4822, 0.4465]","[0.2023, 0.1994, 0.201]",,,0,sgd,0.4633774,0.0,"[""RandAugment(2,14)"", ""RandomCrop(32,padding=4)"", ""RandomHorizontalFlip""]","{""optimizer"": ""sgd"", ""max_learning_rate"": 0.4633774, ""momentum"": null, ""weight_decay"": 0.0, ""sam_rho"": 0.05, ""epochs"": 200, ""batch_size"": 128, ""lr_schedule"": ""cyclic"", ""standard_augmentation"": true, ""randaugment"": true, ""model_width"": 64, ""training_fraction"": 1.0, ""label_noise_probability"": 0.0, ""seed"": 0, ""checkpoint_state_key"": ""last""}","Published final epoch-200 training run. Loader uses the source evaluation protocol's 'last' state_dict; best and SWA variants remain preserved in the original file. All B2 runs use seed=0, so B2 controls hyperparameter changes rather than initialization changes.",2026-09-07T05:53:52Z,verified,CIFAR-10,"[""airplane"", ""automobile"", ""bird"", ""cat"", ""deer"", ""dog"", ""frog"", ""horse"", ""ship"", ""truck""]",6d73be94eb88dae6d3096647bb24b92244fae18f,,,"{""adapter"": ""sharpness_preact_resnet18"", ""state_key"": ""last""}","{""kind"": ""direct""}",https://github.com/tml-epfl/sharpness-vs-generalization/blob/6d73be94eb88dae6d3096647bb24b92244fae18f/data.py#L46-L69,Unique public Drive file and training run; identical seed=0 but distinct hyperparameter signature. Filename records the complete varied recipe.,179196867,86c57c8076b7f75c195b5c0ae967e443dd2b0c45a81ac13e59266595cd97ce48,93.359375,"{""model_id"": ""B2_019"", ""passed"": true, ""samples"": 256, ""correct"": 239, ""accuracy_percent"": 93.359375, ""checkpoint_sha256"": ""703b53568e027a15ab19eaf1eff9785d54fa370ce7f63ff503b0ae7532343c29"", ""full_test_set"": false, ""subset_seed"": 20260907, ""indices_sha256"": ""072da18cce220a907a9a5eca3c800500e2f6d972c4903c62f6903308ebdecf30"", ""preprocessing"": ""native"", ""device"": ""cpu"", ""torch_version"": ""2.14.0+cpu"", ""seconds"": 2.95, ""date"": ""2026-09-07T05:57:00Z""}",wrapper,,,,,11172170,0,"[0.0, 1.0]",RGB,NCHW,logits,10,,,,1eKnIso5PPu06iFd8T_7yjfOi9cS1qSwp,200,,lr_max=0.463377|sam_rho=0.05|augm=True|randaug=True
B2_020,B2,original_080,,PreActResNet18-CIFAR-3x3,ResNet,tml-epfl:PreActResNet18-CIFAR-width64,sharpness_cifar10,https://github.com/tml-epfl/sharpness-vs-generalization,https://drive.google.com/drive/folders/1dwfb2Iqw6BTMi57SeG44aDebuu-TBzo5,https://drive.usercontent.google.com/download?id=1e3jOhu4LSj8XThezaDCFdJxmD7_B8A2R&export=download&confirm=t,2023-01-15 16:10:34.615 dataset=cifar10 model=resnet18 epochs=200 lr_max=1.3470811 model_width=64 l2_reg=0.0 sam_rho=0.05 batch_size=128 frac_train=1 p_label_noise=0.0 lr_schedule=cyclic augm=True randaug=True seed=0 epoch=200.pth,checkpoints/B2/B2_020_preact_resnet18_lr1.34708_sam0.05_aug1.pth,4403b8a7850ee42ceb937722b525de28b76daeaa6e9d5df3de1421f2053304c0,7238ce8a425d834d6192cdff0e17b16d06b8855f3f4445f911dd4778822ce90f,PyTorch,2.14.0+cpu,PyTorch ZIP container with last/best/SWA state_dicts,11172170,"[3, 32, 32]","[0.4914, 0.4822, 0.4465]","[0.2023, 0.1994, 0.201]",,,0,sgd,1.3470811,0.0,"[""RandAugment(2,14)"", ""RandomCrop(32,padding=4)"", ""RandomHorizontalFlip""]","{""optimizer"": ""sgd"", ""max_learning_rate"": 1.3470811, ""momentum"": null, ""weight_decay"": 0.0, ""sam_rho"": 0.05, ""epochs"": 200, ""batch_size"": 128, ""lr_schedule"": ""cyclic"", ""standard_augmentation"": true, ""randaugment"": true, ""model_width"": 64, ""training_fraction"": 1.0, ""label_noise_probability"": 0.0, ""seed"": 0, ""checkpoint_state_key"": ""last""}","Published final epoch-200 training run. Loader uses the source evaluation protocol's 'last' state_dict; best and SWA variants remain preserved in the original file. All B2 runs use seed=0, so B2 controls hyperparameter changes rather than initialization changes.",2026-09-07T05:54:02Z,verified,CIFAR-10,"[""airplane"", ""automobile"", ""bird"", ""cat"", ""deer"", ""dog"", ""frog"", ""horse"", ""ship"", ""truck""]",6d73be94eb88dae6d3096647bb24b92244fae18f,,,"{""adapter"": ""sharpness_preact_resnet18"", ""state_key"": ""last""}","{""kind"": ""direct""}",https://github.com/tml-epfl/sharpness-vs-generalization/blob/6d73be94eb88dae6d3096647bb24b92244fae18f/data.py#L46-L69,Unique public Drive file and training run; identical seed=0 but distinct hyperparameter signature. Filename records the complete varied recipe.,179196867,6673637a60dbf5643c3a08d86980b5f48a6448c0ecd4b6027b89151c8683bd4d,94.140625,"{""model_id"": ""B2_020"", ""passed"": true, ""samples"": 256, ""correct"": 241, ""accuracy_percent"": 94.140625, ""checkpoint_sha256"": ""4403b8a7850ee42ceb937722b525de28b76daeaa6e9d5df3de1421f2053304c0"", ""full_test_set"": false, ""subset_seed"": 20260907, ""indices_sha256"": ""072da18cce220a907a9a5eca3c800500e2f6d972c4903c62f6903308ebdecf30"", ""preprocessing"": ""native"", ""device"": ""cpu"", ""torch_version"": ""2.14.0+cpu"", ""seconds"": 2.88, ""date"": ""2026-09-07T05:57:03Z""}",wrapper,,,,,11172170,0,"[0.0, 1.0]",RGB,NCHW,logits,10,,,,1e3jOhu4LSj8XThezaDCFdJxmD7_B8A2R,200,,lr_max=1.34708|sam_rho=0.05|augm=True|randaug=True
B2_021,B2,original_081,,PreActResNet18-CIFAR-3x3,ResNet,tml-epfl:PreActResNet18-CIFAR-width64,sharpness_cifar10,https://github.com/tml-epfl/sharpness-vs-generalization,https://drive.google.com/drive/folders/1dwfb2Iqw6BTMi57SeG44aDebuu-TBzo5,https://drive.usercontent.google.com/download?id=1fkftDEdPALbDcQ4qinVKnQQim9t9xCi8&export=download&confirm=t,2023-01-15 14:36:41.247 dataset=cifar10 model=resnet18 epochs=200 lr_max=0.0504226 model_width=64 l2_reg=0.0 sam_rho=0.1 batch_size=128 frac_train=1 p_label_noise=0.0 lr_schedule=cyclic augm=False randaug=False seed=0 epoch=200.pth,checkpoints/B2/B2_021_preact_resnet18_lr0.0504226_sam0.1_aug0.pth,1d26581f2e534ac086b07e64901279a529468849ce3535281bfe638e3eb90486,f93524dc7bdbd3cb018f910d96c003ae7bdd17321f8ecac852b828dce9663a2a,PyTorch,2.14.0+cpu,PyTorch ZIP container with last/best/SWA state_dicts,11172170,"[3, 32, 32]","[0.4914, 0.4822, 0.4465]","[0.2023, 0.1994, 0.201]",,,0,sgd,0.0504226,0.0,[],"{""optimizer"": ""sgd"", ""max_learning_rate"": 0.0504226, ""momentum"": null, ""weight_decay"": 0.0, ""sam_rho"": 0.1, ""epochs"": 200, ""batch_size"": 128, ""lr_schedule"": ""cyclic"", ""standard_augmentation"": false, ""randaugment"": false, ""model_width"": 64, ""training_fraction"": 1.0, ""label_noise_probability"": 0.0, ""seed"": 0, ""checkpoint_state_key"": ""last""}","Published final epoch-200 training run. Loader uses the source evaluation protocol's 'last' state_dict; best and SWA variants remain preserved in the original file. All B2 runs use seed=0, so B2 controls hyperparameter changes rather than initialization changes.",2026-09-07T05:54:12Z,verified,CIFAR-10,"[""airplane"", ""automobile"", ""bird"", ""cat"", ""deer"", ""dog"", ""frog"", ""horse"", ""ship"", ""truck""]",6d73be94eb88dae6d3096647bb24b92244fae18f,,,"{""adapter"": ""sharpness_preact_resnet18"", ""state_key"": ""last""}","{""kind"": ""direct""}",https://github.com/tml-epfl/sharpness-vs-generalization/blob/6d73be94eb88dae6d3096647bb24b92244fae18f/data.py#L46-L69,Unique public Drive file and training run; identical seed=0 but distinct hyperparameter signature. Filename records the complete varied recipe.,179197297,843bda0b3ba52a5009bd6030c9c2c1d482de28d4c5d65b4f1c957104179c4b35,83.984375,"{""model_id"": ""B2_021"", ""passed"": true, ""samples"": 256, ""correct"": 215, ""accuracy_percent"": 83.984375, ""checkpoint_sha256"": ""1d26581f2e534ac086b07e64901279a529468849ce3535281bfe638e3eb90486"", ""full_test_set"": false, ""subset_seed"": 20260907, ""indices_sha256"": ""072da18cce220a907a9a5eca3c800500e2f6d972c4903c62f6903308ebdecf30"", ""preprocessing"": ""native"", ""device"": ""cpu"", ""torch_version"": ""2.14.0+cpu"", ""seconds"": 3.063, ""date"": ""2026-09-07T05:57:06Z""}",wrapper,,,,,11172170,0,"[0.0, 1.0]",RGB,NCHW,logits,10,,,,1fkftDEdPALbDcQ4qinVKnQQim9t9xCi8,200,,lr_max=0.0504226|sam_rho=0.1|augm=False|randaug=False
B2_022,B2,original_082,,PreActResNet18-CIFAR-3x3,ResNet,tml-epfl:PreActResNet18-CIFAR-width64,sharpness_cifar10,https://github.com/tml-epfl/sharpness-vs-generalization,https://drive.google.com/drive/folders/1dwfb2Iqw6BTMi57SeG44aDebuu-TBzo5,https://drive.usercontent.google.com/download?id=1h8n2-PP8ogoKjYkzO2mfkJLu_n1aukGT&export=download&confirm=t,2023-01-15 14:03:02.241 dataset=cifar10 model=resnet18 epochs=200 lr_max=0.114267 model_width=64 l2_reg=0.0 sam_rho=0.1 batch_size=128 frac_train=1 p_label_noise=0.0 lr_schedule=cyclic augm=False randaug=False seed=0 epoch=200.pth,checkpoints/B2/B2_022_preact_resnet18_lr0.114267_sam0.1_aug0.pth,052a670165aa7a91be68c1e0924e33b4e76675b57324aa44c776f99d2d8ccddc,d8881520a125938fa7d1ab2833c9f7437073ca426c87565588ff4438259faed7,PyTorch,2.14.0+cpu,PyTorch ZIP container with last/best/SWA state_dicts,11172170,"[3, 32, 32]","[0.4914, 0.4822, 0.4465]","[0.2023, 0.1994, 0.201]",,,0,sgd,0.114267,0.0,[],"{""optimizer"": ""sgd"", ""max_learning_rate"": 0.114267, ""momentum"": null, ""weight_decay"": 0.0, ""sam_rho"": 0.1, ""epochs"": 200, ""batch_size"": 128, ""lr_schedule"": ""cyclic"", ""standard_augmentation"": false, ""randaugment"": false, ""model_width"": 64, ""training_fraction"": 1.0, ""label_noise_probability"": 0.0, ""seed"": 0, ""checkpoint_state_key"": ""last""}","Published final epoch-200 training run. Loader uses the source evaluation protocol's 'last' state_dict; best and SWA variants remain preserved in the original file. All B2 runs use seed=0, so B2 controls hyperparameter changes rather than initialization changes.",2026-09-07T05:54:12Z,verified,CIFAR-10,"[""airplane"", ""automobile"", ""bird"", ""cat"", ""deer"", ""dog"", ""frog"", ""horse"", ""ship"", ""truck""]",6d73be94eb88dae6d3096647bb24b92244fae18f,,,"{""adapter"": ""sharpness_preact_resnet18"", ""state_key"": ""last""}","{""kind"": ""direct""}",https://github.com/tml-epfl/sharpness-vs-generalization/blob/6d73be94eb88dae6d3096647bb24b92244fae18f/data.py#L46-L69,Unique public Drive file and training run; identical seed=0 but distinct hyperparameter signature. Filename records the complete varied recipe.,179196867,02b77484f8a07d1af792a8a904befd5da0ded4e343174de75f7f988ec073fc35,85.15625,"{""model_id"": ""B2_022"", ""passed"": true, ""samples"": 256, ""correct"": 218, ""accuracy_percent"": 85.15625, ""checkpoint_sha256"": ""052a670165aa7a91be68c1e0924e33b4e76675b57324aa44c776f99d2d8ccddc"", ""full_test_set"": false, ""subset_seed"": 20260907, ""indices_sha256"": ""072da18cce220a907a9a5eca3c800500e2f6d972c4903c62f6903308ebdecf30"", ""preprocessing"": ""native"", ""device"": ""cpu"", ""torch_version"": ""2.14.0+cpu"", ""seconds"": 2.894, ""date"": ""2026-09-07T05:57:09Z""}",wrapper,,,,,11172170,0,"[0.0, 1.0]",RGB,NCHW,logits,10,,,,1h8n2-PP8ogoKjYkzO2mfkJLu_n1aukGT,200,,lr_max=0.114267|sam_rho=0.1|augm=False|randaug=False
B2_023,B2,original_083,,PreActResNet18-CIFAR-3x3,ResNet,tml-epfl:PreActResNet18-CIFAR-width64,sharpness_cifar10,https://github.com/tml-epfl/sharpness-vs-generalization,https://drive.google.com/drive/folders/1dwfb2Iqw6BTMi57SeG44aDebuu-TBzo5,https://drive.usercontent.google.com/download?id=1gRZ-_IoWgncoTyL84Eomft4TiJtWmGa1&export=download&confirm=t,2023-01-15 14:36:41.623 dataset=cifar10 model=resnet18 epochs=200 lr_max=0.1674753 model_width=64 l2_reg=0.0 sam_rho=0.1 batch_size=128 frac_train=1 p_label_noise=0.0 lr_schedule=cyclic augm=False randaug=False seed=0 epoch=200.pth,checkpoints/B2/B2_023_preact_resnet18_lr0.167475_sam0.1_aug0.pth,eea5f580e8daae51f8fbe2fd2773c3ba80be1c142a0750ce439742d8b3040917,b3345c13f414375e8f74e60e9b25cff1c07d72d7aa60629f758979ed44cc2eff,PyTorch,2.14.0+cpu,PyTorch ZIP container with last/best/SWA state_dicts,11172170,"[3, 32, 32]","[0.4914, 0.4822, 0.4465]","[0.2023, 0.1994, 0.201]",,89.06,0,sgd,0.1674753,0.0,[],"{""optimizer"": ""sgd"", ""max_learning_rate"": 0.1674753, ""momentum"": null, ""weight_decay"": 0.0, ""sam_rho"": 0.1, ""epochs"": 200, ""batch_size"": 128, ""lr_schedule"": ""cyclic"", ""standard_augmentation"": false, ""randaugment"": false, ""model_width"": 64, ""training_fraction"": 1.0, ""label_noise_probability"": 0.0, ""seed"": 0, ""checkpoint_state_key"": ""last""}","Published final epoch-200 training run. Loader uses the source evaluation protocol's 'last' state_dict; best and SWA variants remain preserved in the original file. All B2 runs use seed=0, so B2 controls hyperparameter changes rather than initialization changes.",2026-09-07T05:54:25Z,verified,CIFAR-10,"[""airplane"", ""automobile"", ""bird"", ""cat"", ""deer"", ""dog"", ""frog"", ""horse"", ""ship"", ""truck""]",6d73be94eb88dae6d3096647bb24b92244fae18f,,,"{""adapter"": ""sharpness_preact_resnet18"", ""state_key"": ""last""}","{""kind"": ""direct""}",https://github.com/tml-epfl/sharpness-vs-generalization/blob/6d73be94eb88dae6d3096647bb24b92244fae18f/data.py#L46-L69,Unique public Drive file and training run; identical seed=0 but distinct hyperparameter signature. Filename records the complete varied recipe.,179197297,6f1b1860e917aa08a93dd47d608ad836bfde3188b82e0f7427c0a7f2dc164e0f,83.984375,"{""model_id"": ""B2_023"", ""passed"": true, ""samples"": 256, ""correct"": 215, ""accuracy_percent"": 83.984375, ""checkpoint_sha256"": ""eea5f580e8daae51f8fbe2fd2773c3ba80be1c142a0750ce439742d8b3040917"", ""full_test_set"": false, ""subset_seed"": 20260907, ""indices_sha256"": ""072da18cce220a907a9a5eca3c800500e2f6d972c4903c62f6903308ebdecf30"", ""preprocessing"": ""native"", ""device"": ""cpu"", ""torch_version"": ""2.14.0+cpu"", ""seconds"": 2.961, ""date"": ""2026-09-07T05:57:12Z""}",wrapper,,"{""model_id"": ""B2_023"", ""passed"": true, ""samples"": 10000, ""correct"": 8906, ""accuracy_percent"": 89.06, ""checkpoint_sha256"": ""eea5f580e8daae51f8fbe2fd2773c3ba80be1c142a0750ce439742d8b3040917"", ""full_test_set"": true, ""subset_seed"": null, ""indices_sha256"": ""7d99a727ec84a6794eb1905bb9aa18ce6bfcef7a3b7cc203a68b281fb7f46e61"", ""preprocessing"": ""native"", ""device"": ""cpu"", ""torch_version"": ""2.14.0+cpu"", ""seconds"": 105.574, ""date"": ""2026-09-07T06:06:09Z""}",,,11172170,0,"[0.0, 1.0]",RGB,NCHW,logits,10,,,,1gRZ-_IoWgncoTyL84Eomft4TiJtWmGa1,200,,lr_max=0.167475|sam_rho=0.1|augm=False|randaug=False
B2_024,B2,original_084,,PreActResNet18-CIFAR-3x3,ResNet,tml-epfl:PreActResNet18-CIFAR-width64,sharpness_cifar10,https://github.com/tml-epfl/sharpness-vs-generalization,https://drive.google.com/drive/folders/1dwfb2Iqw6BTMi57SeG44aDebuu-TBzo5,https://drive.usercontent.google.com/download?id=1eYjRuqnh3y3tYYadBXLvnlmzCnGSahJk&export=download&confirm=t,2023-01-15 14:03:06.535 dataset=cifar10 model=resnet18 epochs=200 lr_max=0.3615123 model_width=64 l2_reg=0.0 sam_rho=0.1 batch_size=128 frac_train=1 p_label_noise=0.0 lr_schedule=cyclic augm=False randaug=False seed=0 epoch=200.pth,checkpoints/B2/B2_024_preact_resnet18_lr0.361512_sam0.1_aug0.pth,1a2aac096a578055e8dd0eddebf179d0f5e36b176ba0919a7e0a6ff879e7a686,341f8fc9cac3b82e72b9feddf00c2b62a3991fa83b82846a56fc5cfb3e167906,PyTorch,2.14.0+cpu,PyTorch ZIP container with last/best/SWA state_dicts,11172170,"[3, 32, 32]","[0.4914, 0.4822, 0.4465]","[0.2023, 0.1994, 0.201]",,,0,sgd,0.3615123,0.0,[],"{""optimizer"": ""sgd"", ""max_learning_rate"": 0.3615123, ""momentum"": null, ""weight_decay"": 0.0, ""sam_rho"": 0.1, ""epochs"": 200, ""batch_size"": 128, ""lr_schedule"": ""cyclic"", ""standard_augmentation"": false, ""randaugment"": false, ""model_width"": 64, ""training_fraction"": 1.0, ""label_noise_probability"": 0.0, ""seed"": 0, ""checkpoint_state_key"": ""last""}","Published final epoch-200 training run. Loader uses the source evaluation protocol's 'last' state_dict; best and SWA variants remain preserved in the original file. All B2 runs use seed=0, so B2 controls hyperparameter changes rather than initialization changes.",2026-09-07T05:54:28Z,verified,CIFAR-10,"[""airplane"", ""automobile"", ""bird"", ""cat"", ""deer"", ""dog"", ""frog"", ""horse"", ""ship"", ""truck""]",6d73be94eb88dae6d3096647bb24b92244fae18f,,,"{""adapter"": ""sharpness_preact_resnet18"", ""state_key"": ""last""}","{""kind"": ""direct""}",https://github.com/tml-epfl/sharpness-vs-generalization/blob/6d73be94eb88dae6d3096647bb24b92244fae18f/data.py#L46-L69,Unique public Drive file and training run; identical seed=0 but distinct hyperparameter signature. Filename records the complete varied recipe.,179197297,e0baecbf6fca7fa4c65ff186e9ff95954a507707021bc09bc59db1de982d7952,87.109375,"{""model_id"": ""B2_024"", ""passed"": true, ""samples"": 256, ""correct"": 223, ""accuracy_percent"": 87.109375, ""checkpoint_sha256"": ""1a2aac096a578055e8dd0eddebf179d0f5e36b176ba0919a7e0a6ff879e7a686"", ""full_test_set"": false, ""subset_seed"": 20260907, ""indices_sha256"": ""072da18cce220a907a9a5eca3c800500e2f6d972c4903c62f6903308ebdecf30"", ""preprocessing"": ""native"", ""device"": ""cpu"", ""torch_version"": ""2.14.0+cpu"", ""seconds"": 3.044, ""date"": ""2026-09-07T05:57:16Z""}",wrapper,,,,,11172170,0,"[0.0, 1.0]",RGB,NCHW,logits,10,,,,1eYjRuqnh3y3tYYadBXLvnlmzCnGSahJk,200,,lr_max=0.361512|sam_rho=0.1|augm=False|randaug=False
B2_025,B2,original_085,,PreActResNet18-CIFAR-3x3,ResNet,tml-epfl:PreActResNet18-CIFAR-width64,sharpness_cifar10,https://github.com/tml-epfl/sharpness-vs-generalization,https://drive.google.com/drive/folders/1dwfb2Iqw6BTMi57SeG44aDebuu-TBzo5,https://drive.usercontent.google.com/download?id=1g4rxn4Xadp-iu3fZYEnHDlTYd0QPaGna&export=download&confirm=t,2023-01-15 15:02:57.115 dataset=cifar10 model=resnet18 epochs=200 lr_max=0.7863613 model_width=64 l2_reg=0.0 sam_rho=0.1 batch_size=128 frac_train=1 p_label_noise=0.0 lr_schedule=cyclic augm=False randaug=False seed=0 epoch=200.pth,checkpoints/B2/B2_025_preact_resnet18_lr0.786361_sam0.1_aug0.pth,8497bb37d07d5720bb95b015ad1f9f757396548cfc613914002bb135183ed7a3,9ff899f37662114f7d28b8ed962f1a5c38392cfbd7014107074e4ded9dc4822f,PyTorch,2.14.0+cpu,PyTorch ZIP container with last/best/SWA state_dicts,11172170,"[3, 32, 32]","[0.4914, 0.4822, 0.4465]","[0.2023, 0.1994, 0.201]",,,0,sgd,0.7863613,0.0,[],"{""optimizer"": ""sgd"", ""max_learning_rate"": 0.7863613, ""momentum"": null, ""weight_decay"": 0.0, ""sam_rho"": 0.1, ""epochs"": 200, ""batch_size"": 128, ""lr_schedule"": ""cyclic"", ""standard_augmentation"": false, ""randaugment"": false, ""model_width"": 64, ""training_fraction"": 1.0, ""label_noise_probability"": 0.0, ""seed"": 0, ""checkpoint_state_key"": ""last""}","Published final epoch-200 training run. Loader uses the source evaluation protocol's 'last' state_dict; best and SWA variants remain preserved in the original file. All B2 runs use seed=0, so B2 controls hyperparameter changes rather than initialization changes.",2026-09-07T05:54:34Z,verified,CIFAR-10,"[""airplane"", ""automobile"", ""bird"", ""cat"", ""deer"", ""dog"", ""frog"", ""horse"", ""ship"", ""truck""]",6d73be94eb88dae6d3096647bb24b92244fae18f,,,"{""adapter"": ""sharpness_preact_resnet18"", ""state_key"": ""last""}","{""kind"": ""direct""}",https://github.com/tml-epfl/sharpness-vs-generalization/blob/6d73be94eb88dae6d3096647bb24b92244fae18f/data.py#L46-L69,Unique public Drive file and training run; identical seed=0 but distinct hyperparameter signature. Filename records the complete varied recipe.,179197297,f083698b9ba20701059422222d49503b53c4cc5c228cc5e0508b74a082bb32fc,85.546875,"{""model_id"": ""B2_025"", ""passed"": true, ""samples"": 256, ""correct"": 219, ""accuracy_percent"": 85.546875, ""checkpoint_sha256"": ""8497bb37d07d5720bb95b015ad1f9f757396548cfc613914002bb135183ed7a3"", ""full_test_set"": false, ""subset_seed"": 20260907, ""indices_sha256"": ""072da18cce220a907a9a5eca3c800500e2f6d972c4903c62f6903308ebdecf30"", ""preprocessing"": ""native"", ""device"": ""cpu"", ""torch_version"": ""2.14.0+cpu"", ""seconds"": 2.994, ""date"": ""2026-09-07T05:57:19Z""}",wrapper,,,,,11172170,0,"[0.0, 1.0]",RGB,NCHW,logits,10,,,,1g4rxn4Xadp-iu3fZYEnHDlTYd0QPaGna,200,,lr_max=0.786361|sam_rho=0.1|augm=False|randaug=False
B2_026,B2,original_086,,PreActResNet18-CIFAR-3x3,ResNet,tml-epfl:PreActResNet18-CIFAR-width64,sharpness_cifar10,https://github.com/tml-epfl/sharpness-vs-generalization,https://drive.google.com/drive/folders/1dwfb2Iqw6BTMi57SeG44aDebuu-TBzo5,https://drive.usercontent.google.com/download?id=1h65Uc3Z246XAen1E02SP5Jbvc7sgSG59&export=download&confirm=t,2023-01-15 14:03:44.169 dataset=cifar10 model=resnet18 epochs=200 lr_max=0.082242 model_width=64 l2_reg=0.0 sam_rho=0.1 batch_size=128 frac_train=1 p_label_noise=0.0 lr_schedule=cyclic augm=True randaug=True seed=0 epoch=200.pth,checkpoints/B2/B2_026_preact_resnet18_lr0.082242_sam0.1_aug1.pth,caef2e2323deaf4f38f7941bf548816aeb1e1400f9bb8edc875f77572758ce38,667bba3c2a37c20a2588bb8175206f715892ec7d097329cdf286027debe370db,PyTorch,2.14.0+cpu,PyTorch ZIP container with last/best/SWA state_dicts,11172170,"[3, 32, 32]","[0.4914, 0.4822, 0.4465]","[0.2023, 0.1994, 0.201]",,,0,sgd,0.082242,0.0,"[""RandAugment(2,14)"", ""RandomCrop(32,padding=4)"", ""RandomHorizontalFlip""]","{""optimizer"": ""sgd"", ""max_learning_rate"": 0.082242, ""momentum"": null, ""weight_decay"": 0.0, ""sam_rho"": 0.1, ""epochs"": 200, ""batch_size"": 128, ""lr_schedule"": ""cyclic"", ""standard_augmentation"": true, ""randaugment"": true, ""model_width"": 64, ""training_fraction"": 1.0, ""label_noise_probability"": 0.0, ""seed"": 0, ""checkpoint_state_key"": ""last""}","Published final epoch-200 training run. Loader uses the source evaluation protocol's 'last' state_dict; best and SWA variants remain preserved in the original file. All B2 runs use seed=0, so B2 controls hyperparameter changes rather than initialization changes.",2026-09-07T05:54:45Z,verified,CIFAR-10,"[""airplane"", ""automobile"", ""bird"", ""cat"", ""deer"", ""dog"", ""frog"", ""horse"", ""ship"", ""truck""]",6d73be94eb88dae6d3096647bb24b92244fae18f,,,"{""adapter"": ""sharpness_preact_resnet18"", ""state_key"": ""last""}","{""kind"": ""direct""}",https://github.com/tml-epfl/sharpness-vs-generalization/blob/6d73be94eb88dae6d3096647bb24b92244fae18f/data.py#L46-L69,Unique public Drive file and training run; identical seed=0 but distinct hyperparameter signature. Filename records the complete varied recipe.,179196007,98e527fcf765c1904ffe206cb95984cbb838e1b08ffe1ac432a1307c3cb4f6f9,93.359375,"{""model_id"": ""B2_026"", ""passed"": true, ""samples"": 256, ""correct"": 239, ""accuracy_percent"": 93.359375, ""checkpoint_sha256"": ""caef2e2323deaf4f38f7941bf548816aeb1e1400f9bb8edc875f77572758ce38"", ""full_test_set"": false, ""subset_seed"": 20260907, ""indices_sha256"": ""072da18cce220a907a9a5eca3c800500e2f6d972c4903c62f6903308ebdecf30"", ""preprocessing"": ""native"", ""device"": ""cpu"", ""torch_version"": ""2.14.0+cpu"", ""seconds"": 2.861, ""date"": ""2026-09-07T05:57:22Z""}",wrapper,,,,,11172170,0,"[0.0, 1.0]",RGB,NCHW,logits,10,,,,1h65Uc3Z246XAen1E02SP5Jbvc7sgSG59,200,,lr_max=0.082242|sam_rho=0.1|augm=True|randaug=True
B2_027,B2,original_087,,PreActResNet18-CIFAR-3x3,ResNet,tml-epfl:PreActResNet18-CIFAR-width64,sharpness_cifar10,https://github.com/tml-epfl/sharpness-vs-generalization,https://drive.google.com/drive/folders/1dwfb2Iqw6BTMi57SeG44aDebuu-TBzo5,https://drive.usercontent.google.com/download?id=1hPBBmcTZnW8uUXKYiPAUx3Hy_Wdiuyp1&export=download&confirm=t,2023-01-15 16:08:49.381 dataset=cifar10 model=resnet18 epochs=200 lr_max=0.2890736 model_width=64 l2_reg=0.0 sam_rho=0.1 batch_size=128 frac_train=1 p_label_noise=0.0 lr_schedule=cyclic augm=True randaug=True seed=0 epoch=200.pth,checkpoints/B2/B2_027_preact_resnet18_lr0.289074_sam0.1_aug1.pth,c1cc3235c88fb33ee1bfca722594fa177d6f6371f849e40898630c84dce30a11,f00550dafb6d4113b658d6d6b7405eb149abb14053478343981d781c61e5b2c8,PyTorch,2.14.0+cpu,PyTorch ZIP container with last/best/SWA state_dicts,11172170,"[3, 32, 32]","[0.4914, 0.4822, 0.4465]","[0.2023, 0.1994, 0.201]",,,0,sgd,0.2890736,0.0,"[""RandAugment(2,14)"", ""RandomCrop(32,padding=4)"", ""RandomHorizontalFlip""]","{""optimizer"": ""sgd"", ""max_learning_rate"": 0.2890736, ""momentum"": null, ""weight_decay"": 0.0, ""sam_rho"": 0.1, ""epochs"": 200, ""batch_size"": 128, ""lr_schedule"": ""cyclic"", ""standard_augmentation"": true, ""randaugment"": true, ""model_width"": 64, ""training_fraction"": 1.0, ""label_noise_probability"": 0.0, ""seed"": 0, ""checkpoint_state_key"": ""last""}","Published final epoch-200 training run. Loader uses the source evaluation protocol's 'last' state_dict; best and SWA variants remain preserved in the original file. All B2 runs use seed=0, so B2 controls hyperparameter changes rather than initialization changes.",2026-09-07T05:54:47Z,verified,CIFAR-10,"[""airplane"", ""automobile"", ""bird"", ""cat"", ""deer"", ""dog"", ""frog"", ""horse"", ""ship"", ""truck""]",6d73be94eb88dae6d3096647bb24b92244fae18f,,,"{""adapter"": ""sharpness_preact_resnet18"", ""state_key"": ""last""}","{""kind"": ""direct""}",https://github.com/tml-epfl/sharpness-vs-generalization/blob/6d73be94eb88dae6d3096647bb24b92244fae18f/data.py#L46-L69,Unique public Drive file and training run; identical seed=0 but distinct hyperparameter signature. Filename records the complete varied recipe.,179196437,983ef88bd5cfbad30e681b956d36343c0c35837572469e4168067f2f4640a27a,94.140625,"{""model_id"": ""B2_027"", ""passed"": true, ""samples"": 256, ""correct"": 241, ""accuracy_percent"": 94.140625, ""checkpoint_sha256"": ""c1cc3235c88fb33ee1bfca722594fa177d6f6371f849e40898630c84dce30a11"", ""full_test_set"": false, ""subset_seed"": 20260907, ""indices_sha256"": ""072da18cce220a907a9a5eca3c800500e2f6d972c4903c62f6903308ebdecf30"", ""preprocessing"": ""native"", ""device"": ""cpu"", ""torch_version"": ""2.14.0+cpu"", ""seconds"": 3.042, ""date"": ""2026-09-07T05:57:25Z""}",wrapper,,,,,11172170,0,"[0.0, 1.0]",RGB,NCHW,logits,10,,,,1hPBBmcTZnW8uUXKYiPAUx3Hy_Wdiuyp1,200,,lr_max=0.289074|sam_rho=0.1|augm=True|randaug=True
B2_028,B2,original_088,,PreActResNet18-CIFAR-3x3,ResNet,tml-epfl:PreActResNet18-CIFAR-width64,sharpness_cifar10,https://github.com/tml-epfl/sharpness-vs-generalization,https://drive.google.com/drive/folders/1dwfb2Iqw6BTMi57SeG44aDebuu-TBzo5,https://drive.usercontent.google.com/download?id=1h8AIgrt9i6WxCBB5efBzMjfAWgZ9my7s&export=download&confirm=t,2023-01-15 14:03:23.164 dataset=cifar10 model=resnet18 epochs=200 lr_max=0.3603587 model_width=64 l2_reg=0.0 sam_rho=0.1 batch_size=128 frac_train=1 p_label_noise=0.0 lr_schedule=cyclic augm=True randaug=True seed=0 epoch=200.pth,checkpoints/B2/B2_028_preact_resnet18_lr0.360359_sam0.1_aug1.pth,01f7ac5abf19011260c942e7d91aa0b62b7e1ff65b525c42633c89d5ec80f062,0e6fcef5ac2eb7e109b7b457760c5f9b007cb35542795149caeaf5062209ba8b,PyTorch,2.14.0+cpu,PyTorch ZIP container with last/best/SWA state_dicts,11172170,"[3, 32, 32]","[0.4914, 0.4822, 0.4465]","[0.2023, 0.1994, 0.201]",,95.74,0,sgd,0.3603587,0.0,"[""RandAugment(2,14)"", ""RandomCrop(32,padding=4)"", ""RandomHorizontalFlip""]","{""optimizer"": ""sgd"", ""max_learning_rate"": 0.3603587, ""momentum"": null, ""weight_decay"": 0.0, ""sam_rho"": 0.1, ""epochs"": 200, ""batch_size"": 128, ""lr_schedule"": ""cyclic"", ""standard_augmentation"": true, ""randaugment"": true, ""model_width"": 64, ""training_fraction"": 1.0, ""label_noise_probability"": 0.0, ""seed"": 0, ""checkpoint_state_key"": ""last""}","Published final epoch-200 training run. Loader uses the source evaluation protocol's 'last' state_dict; best and SWA variants remain preserved in the original file. All B2 runs use seed=0, so B2 controls hyperparameter changes rather than initialization changes.",2026-09-07T05:54:53Z,verified,CIFAR-10,"[""airplane"", ""automobile"", ""bird"", ""cat"", ""deer"", ""dog"", ""frog"", ""horse"", ""ship"", ""truck""]",6d73be94eb88dae6d3096647bb24b92244fae18f,,,"{""adapter"": ""sharpness_preact_resnet18"", ""state_key"": ""last""}","{""kind"": ""direct""}",https://github.com/tml-epfl/sharpness-vs-generalization/blob/6d73be94eb88dae6d3096647bb24b92244fae18f/data.py#L46-L69,Unique public Drive file and training run; identical seed=0 but distinct hyperparameter signature. Filename records the complete varied recipe.,179196437,71fcd88704f0de0dfb3879451183a96025a33f03e31af358ad5b6fd8ef05b730,93.359375,"{""model_id"": ""B2_028"", ""passed"": true, ""samples"": 256, ""correct"": 239, ""accuracy_percent"": 93.359375, ""checkpoint_sha256"": ""01f7ac5abf19011260c942e7d91aa0b62b7e1ff65b525c42633c89d5ec80f062"", ""full_test_set"": false, ""subset_seed"": 20260907, ""indices_sha256"": ""072da18cce220a907a9a5eca3c800500e2f6d972c4903c62f6903308ebdecf30"", ""preprocessing"": ""native"", ""device"": ""cpu"", ""torch_version"": ""2.14.0+cpu"", ""seconds"": 2.903, ""date"": ""2026-09-07T05:57:28Z""}",wrapper,,"{""model_id"": ""B2_028"", ""passed"": true, ""samples"": 10000, ""correct"": 9574, ""accuracy_percent"": 95.74, ""checkpoint_sha256"": ""01f7ac5abf19011260c942e7d91aa0b62b7e1ff65b525c42633c89d5ec80f062"", ""full_test_set"": true, ""subset_seed"": null, ""indices_sha256"": ""7d99a727ec84a6794eb1905bb9aa18ce6bfcef7a3b7cc203a68b281fb7f46e61"", ""preprocessing"": ""native"", ""device"": ""cpu"", ""torch_version"": ""2.14.0+cpu"", ""seconds"": 96.527, ""date"": ""2026-09-07T06:07:46Z""}",,,11172170,0,"[0.0, 1.0]",RGB,NCHW,logits,10,,,,1h8AIgrt9i6WxCBB5efBzMjfAWgZ9my7s,200,,lr_max=0.360359|sam_rho=0.1|augm=True|randaug=True
B2_029,B2,original_089,,PreActResNet18-CIFAR-3x3,ResNet,tml-epfl:PreActResNet18-CIFAR-width64,sharpness_cifar10,https://github.com/tml-epfl/sharpness-vs-generalization,https://drive.google.com/drive/folders/1dwfb2Iqw6BTMi57SeG44aDebuu-TBzo5,https://drive.usercontent.google.com/download?id=1gOo-6me2uKJTdusZ672hyGPlr7hpL87L&export=download&confirm=t,2023-01-15 14:03:42.555 dataset=cifar10 model=resnet18 epochs=200 lr_max=0.3667644 model_width=64 l2_reg=0.0 sam_rho=0.1 batch_size=128 frac_train=1 p_label_noise=0.0 lr_schedule=cyclic augm=True randaug=True seed=0 epoch=200.pth,checkpoints/B2/B2_029_preact_resnet18_lr0.366764_sam0.1_aug1.pth,b9f4b24268ddb70e5ec8f4f050e38353358d83c545aae529363e8528db3f5aea,ebc34c5909fcd3ab58b6157eacc2715dfbb915c807bce04aaff903ee4ed221e4,PyTorch,2.14.0+cpu,PyTorch ZIP container with last/best/SWA state_dicts,11172170,"[3, 32, 32]","[0.4914, 0.4822, 0.4465]","[0.2023, 0.1994, 0.201]",,,0,sgd,0.3667644,0.0,"[""RandAugment(2,14)"", ""RandomCrop(32,padding=4)"", ""RandomHorizontalFlip""]","{""optimizer"": ""sgd"", ""max_learning_rate"": 0.3667644, ""momentum"": null, ""weight_decay"": 0.0, ""sam_rho"": 0.1, ""epochs"": 200, ""batch_size"": 128, ""lr_schedule"": ""cyclic"", ""standard_augmentation"": true, ""randaugment"": true, ""model_width"": 64, ""training_fraction"": 1.0, ""label_noise_probability"": 0.0, ""seed"": 0, ""checkpoint_state_key"": ""last""}","Published final epoch-200 training run. Loader uses the source evaluation protocol's 'last' state_dict; best and SWA variants remain preserved in the original file. All B2 runs use seed=0, so B2 controls hyperparameter changes rather than initialization changes.",2026-09-07T05:55:01Z,verified,CIFAR-10,"[""airplane"", ""automobile"", ""bird"", ""cat"", ""deer"", ""dog"", ""frog"", ""horse"", ""ship"", ""truck""]",6d73be94eb88dae6d3096647bb24b92244fae18f,,,"{""adapter"": ""sharpness_preact_resnet18"", ""state_key"": ""last""}","{""kind"": ""direct""}",https://github.com/tml-epfl/sharpness-vs-generalization/blob/6d73be94eb88dae6d3096647bb24b92244fae18f/data.py#L46-L69,Unique public Drive file and training run; identical seed=0 but distinct hyperparameter signature. Filename records the complete varied recipe.,179196437,7e84fb733bbf833b97ba2f7c477efa2148c085174abb1e8877f717754eb850cd,93.359375,"{""model_id"": ""B2_029"", ""passed"": true, ""samples"": 256, ""correct"": 239, ""accuracy_percent"": 93.359375, ""checkpoint_sha256"": ""b9f4b24268ddb70e5ec8f4f050e38353358d83c545aae529363e8528db3f5aea"", ""full_test_set"": false, ""subset_seed"": 20260907, ""indices_sha256"": ""072da18cce220a907a9a5eca3c800500e2f6d972c4903c62f6903308ebdecf30"", ""preprocessing"": ""native"", ""device"": ""cpu"", ""torch_version"": ""2.14.0+cpu"", ""seconds"": 2.866, ""date"": ""2026-09-07T05:57:31Z""}",wrapper,,,,,11172170,0,"[0.0, 1.0]",RGB,NCHW,logits,10,,,,1gOo-6me2uKJTdusZ672hyGPlr7hpL87L,200,,lr_max=0.366764|sam_rho=0.1|augm=True|randaug=True
B2_030,B2,original_090,,PreActResNet18-CIFAR-3x3,ResNet,tml-epfl:PreActResNet18-CIFAR-width64,sharpness_cifar10,https://github.com/tml-epfl/sharpness-vs-generalization,https://drive.google.com/drive/folders/1dwfb2Iqw6BTMi57SeG44aDebuu-TBzo5,https://drive.usercontent.google.com/download?id=1gMEvwGI_SHcl67fMDupLasCK_seBedW9&export=download&confirm=t,2023-01-15 14:03:05.527 dataset=cifar10 model=resnet18 epochs=200 lr_max=0.9708619 model_width=64 l2_reg=0.0 sam_rho=0.1 batch_size=128 frac_train=1 p_label_noise=0.0 lr_schedule=cyclic augm=True randaug=True seed=0 epoch=200.pth,checkpoints/B2/B2_030_preact_resnet18_lr0.970862_sam0.1_aug1.pth,0877fa9fc92416ddacdf7f2f0472f0a6ecf06c3af94c3550f7cad06093a2bdd8,f949f9c339852abd3690e0a68fb015c43a05c2e56a252fa88d769bce09a1c929,PyTorch,2.14.0+cpu,PyTorch ZIP container with last/best/SWA state_dicts,11172170,"[3, 32, 32]","[0.4914, 0.4822, 0.4465]","[0.2023, 0.1994, 0.201]",,,0,sgd,0.9708619,0.0,"[""RandAugment(2,14)"", ""RandomCrop(32,padding=4)"", ""RandomHorizontalFlip""]","{""optimizer"": ""sgd"", ""max_learning_rate"": 0.9708619, ""momentum"": null, ""weight_decay"": 0.0, ""sam_rho"": 0.1, ""epochs"": 200, ""batch_size"": 128, ""lr_schedule"": ""cyclic"", ""standard_augmentation"": true, ""randaugment"": true, ""model_width"": 64, ""training_fraction"": 1.0, ""label_noise_probability"": 0.0, ""seed"": 0, ""checkpoint_state_key"": ""last""}","Published final epoch-200 training run. Loader uses the source evaluation protocol's 'last' state_dict; best and SWA variants remain preserved in the original file. All B2 runs use seed=0, so B2 controls hyperparameter changes rather than initialization changes.",2026-09-07T05:55:07Z,verified,CIFAR-10,"[""airplane"", ""automobile"", ""bird"", ""cat"", ""deer"", ""dog"", ""frog"", ""horse"", ""ship"", ""truck""]",6d73be94eb88dae6d3096647bb24b92244fae18f,,,"{""adapter"": ""sharpness_preact_resnet18"", ""state_key"": ""last""}","{""kind"": ""direct""}",https://github.com/tml-epfl/sharpness-vs-generalization/blob/6d73be94eb88dae6d3096647bb24b92244fae18f/data.py#L46-L69,Unique public Drive file and training run; identical seed=0 but distinct hyperparameter signature. Filename records the complete varied recipe.,179196437,264df0f2fa371d05a307f02ed1e7ba3e8c8d0917eaede7dec5f9f2e3aa189059,94.140625,"{""model_id"": ""B2_030"", ""passed"": true, ""samples"": 256, ""correct"": 241, ""accuracy_percent"": 94.140625, ""checkpoint_sha256"": ""0877fa9fc92416ddacdf7f2f0472f0a6ecf06c3af94c3550f7cad06093a2bdd8"", ""full_test_set"": false, ""subset_seed"": 20260907, ""indices_sha256"": ""072da18cce220a907a9a5eca3c800500e2f6d972c4903c62f6903308ebdecf30"", ""preprocessing"": ""native"", ""device"": ""cpu"", ""torch_version"": ""2.14.0+cpu"", ""seconds"": 2.848, ""date"": ""2026-09-07T05:57:34Z""}",wrapper,,,,,11172170,0,"[0.0, 1.0]",RGB,NCHW,logits,10,,,,1gMEvwGI_SHcl67fMDupLasCK_seBedW9,200,,lr_max=0.970862|sam_rho=0.1|augm=True|randaug=True
