model_id_1,model_id_2,same_lineage,same_architecture,same_family,different_architecture,hard_negative
A001,A002,False,False,False,True,False
A001,A003,False,False,False,True,False
A001,A004,False,False,False,True,False
A001,A005,False,False,False,True,False
A001,A006,False,False,False,True,False
A001,A007,False,False,False,True,False
A001,A008,False,False,False,True,False
A001,A009,False,False,False,True,False
A001,A010,False,False,False,True,False
A001,A011,False,False,False,True,False
A001,A012,False,False,False,True,False
A001,A013,False,False,False,True,False
A001,A014,False,False,False,True,False
A001,A015,False,False,False,True,False
A001,A016,False,False,False,True,False
A001,A017,False,False,False,True,False
A001,A018,False,False,False,True,False
A001,A019,False,False,False,True,False
A001,A020,False,False,False,True,False
A001,A021,False,False,False,True,False
A001,A022,False,False,False,True,False
A001,A023,False,False,False,True,False
A001,A024,False,False,False,True,False
A001,A025,False,False,False,True,False
A001,A026,False,False,False,True,False
A001,A027,False,False,False,True,False
A001,A028,False,False,False,True,False
A001,A029,False,False,False,True,False
A001,A030,False,False,False,True,False
A001,B001,False,False,False,True,False
A001,B002,False,False,False,True,False
A001,B003,False,False,False,True,False
A001,B004,False,False,False,True,False
A001,B005,False,False,False,True,False
A001,B006,False,False,False,True,False
A001,B007,False,False,False,True,False
A001,B008,False,False,False,True,False
A001,B009,False,False,False,True,False
A001,B010,False,False,False,True,False
A001,B011,False,False,False,True,False
A001,B012,False,False,False,True,False
A001,B013,False,False,False,True,False
A001,B014,False,False,False,True,False
A001,B015,False,False,False,True,False
A001,B016,False,False,False,True,False
A001,B017,False,False,False,True,False
A001,B018,False,False,False,True,False
A001,B019,False,False,False,True,False
A001,B020,False,False,False,True,False
A001,B021,False,False,False,True,False
A001,B022,False,False,False,True,False
A001,B023,False,False,False,True,False
A001,B024,False,False,False,True,False
A001,B025,False,False,False,True,False
A001,B026,False,False,False,True,False
A001,B027,False,False,False,True,False
A001,B028,False,False,False,True,False
A001,B029,False,False,False,True,False
A001,B030,False,False,False,True,False
A001,B2_001,False,False,False,True,False
A001,B2_002,False,False,False,True,False
A001,B2_003,False,False,False,True,False
A001,B2_004,False,False,False,True,False
A001,B2_005,False,False,False,True,False
A001,B2_006,False,False,False,True,False
A001,B2_007,False,False,False,True,False
A001,B2_008,False,False,False,True,False
A001,B2_009,False,False,False,True,False
A001,B2_010,False,False,False,True,False
A001,B2_011,False,False,False,True,False
A001,B2_012,False,False,False,True,False
A001,B2_013,False,False,False,True,False
A001,B2_014,False,False,False,True,False
A001,B2_015,False,False,False,True,False
A001,B2_016,False,False,False,True,False
A001,B2_017,False,False,False,True,False
A001,B2_018,False,False,False,True,False
A001,B2_019,False,False,False,True,False
A001,B2_020,False,False,False,True,False
A001,B2_021,False,False,False,True,False
A001,B2_022,False,False,False,True,False
A001,B2_023,False,False,False,True,False
A001,B2_024,False,False,False,True,False
A001,B2_025,False,False,False,True,False
A001,B2_026,False,False,False,True,False
A001,B2_027,False,False,False,True,False
A001,B2_028,False,False,False,True,False
A001,B2_029,False,False,False,True,False
A001,B2_030,False,False,False,True,False
A002,A003,False,False,True,True,False
A002,A004,False,False,True,True,False
A002,A005,False,False,False,True,False
A002,A006,False,False,False,True,False
A002,A007,False,False,False,True,False
A002,A008,False,False,False,True,False
A002,A009,False,False,False,True,False
A002,A010,False,False,False,True,False
A002,A011,False,False,False,True,False
A002,A012,False,False,False,True,False
A002,A013,False,False,False,True,False
A002,A014,False,False,False,True,False
A002,A015,False,False,False,True,False
A002,A016,False,False,False,True,False
A002,A017,False,False,False,True,False
A002,A018,False,False,False,True,False
A002,A019,False,False,False,True,False
A002,A020,False,False,False,True,False
A002,A021,False,False,False,True,False
A002,A022,False,False,False,True,False
A002,A023,False,False,False,True,False
A002,A024,False,False,False,True,False
A002,A025,False,False,False,True,False
A002,A026,False,False,False,True,False
A002,A027,False,False,False,True,False
A002,A028,False,False,False,True,False
A002,A029,False,False,False,True,False
A002,A030,False,False,False,True,False
A002,B001,False,False,True,True,False
A002,B002,False,False,True,True,False
A002,B003,False,False,True,True,False
A002,B004,False,False,True,True,False
A002,B005,False,False,True,True,False
A002,B006,False,False,True,True,False
A002,B007,False,False,True,True,False
A002,B008,False,False,True,True,False
A002,B009,False,False,True,True,False
A002,B010,False,False,True,True,False
A002,B011,False,False,True,True,False
A002,B012,False,False,True,True,False
A002,B013,False,False,True,True,False
A002,B014,False,False,True,True,False
A002,B015,False,False,True,True,False
A002,B016,False,False,True,True,False
A002,B017,False,False,True,True,False
A002,B018,False,False,True,True,False
A002,B019,False,False,True,True,False
A002,B020,False,False,True,True,False
A002,B021,False,False,True,True,False
A002,B022,False,False,True,True,False
A002,B023,False,False,True,True,False
A002,B024,False,False,True,True,False
A002,B025,False,False,True,True,False
A002,B026,False,False,True,True,False
A002,B027,False,False,True,True,False
A002,B028,False,False,True,True,False
A002,B029,False,False,True,True,False
A002,B030,False,False,True,True,False
A002,B2_001,False,False,True,True,False
A002,B2_002,False,False,True,True,False
A002,B2_003,False,False,True,True,False
A002,B2_004,False,False,True,True,False
A002,B2_005,False,False,True,True,False
A002,B2_006,False,False,True,True,False
A002,B2_007,False,False,True,True,False
A002,B2_008,False,False,True,True,False
A002,B2_009,False,False,True,True,False
A002,B2_010,False,False,True,True,False
A002,B2_011,False,False,True,True,False
A002,B2_012,False,False,True,True,False
A002,B2_013,False,False,True,True,False
A002,B2_014,False,False,True,True,False
A002,B2_015,False,False,True,True,False
A002,B2_016,False,False,True,True,False
A002,B2_017,False,False,True,True,False
A002,B2_018,False,False,True,True,False
A002,B2_019,False,False,True,True,False
A002,B2_020,False,False,True,True,False
A002,B2_021,False,False,True,True,False
A002,B2_022,False,False,True,True,False
A002,B2_023,False,False,True,True,False
A002,B2_024,False,False,True,True,False
A002,B2_025,False,False,True,True,False
A002,B2_026,False,False,True,True,False
A002,B2_027,False,False,True,True,False
A002,B2_028,False,False,True,True,False
A002,B2_029,False,False,True,True,False
A002,B2_030,False,False,True,True,False
A003,A004,False,False,True,True,False
A003,A005,False,False,False,True,False
A003,A006,False,False,False,True,False
A003,A007,False,False,False,True,False
A003,A008,False,False,False,True,False
A003,A009,False,False,False,True,False
A003,A010,False,False,False,True,False
A003,A011,False,False,False,True,False
A003,A012,False,False,False,True,False
A003,A013,False,False,False,True,False
A003,A014,False,False,False,True,False
A003,A015,False,False,False,True,False
A003,A016,False,False,False,True,False
A003,A017,False,False,False,True,False
A003,A018,False,False,False,True,False
A003,A019,False,False,False,True,False
A003,A020,False,False,False,True,False
A003,A021,False,False,False,True,False
A003,A022,False,False,False,True,False
A003,A023,False,False,False,True,False
A003,A024,False,False,False,True,False
A003,A025,False,False,False,True,False
A003,A026,False,False,False,True,False
A003,A027,False,False,False,True,False
A003,A028,False,False,False,True,False
A003,A029,False,False,False,True,False
A003,A030,False,False,False,True,False
A003,B001,False,False,True,True,False
A003,B002,False,False,True,True,False
A003,B003,False,False,True,True,False
A003,B004,False,False,True,True,False
A003,B005,False,False,True,True,False
A003,B006,False,False,True,True,False
A003,B007,False,False,True,True,False
A003,B008,False,False,True,True,False
A003,B009,False,False,True,True,False
A003,B010,False,False,True,True,False
A003,B011,False,False,True,True,False
A003,B012,False,False,True,True,False
A003,B013,False,False,True,True,False
A003,B014,False,False,True,True,False
A003,B015,False,False,True,True,False
A003,B016,False,False,True,True,False
A003,B017,False,False,True,True,False
A003,B018,False,False,True,True,False
A003,B019,False,False,True,True,False
A003,B020,False,False,True,True,False
A003,B021,False,False,True,True,False
A003,B022,False,False,True,True,False
A003,B023,False,False,True,True,False
A003,B024,False,False,True,True,False
A003,B025,False,False,True,True,False
A003,B026,False,False,True,True,False
A003,B027,False,False,True,True,False
A003,B028,False,False,True,True,False
A003,B029,False,False,True,True,False
A003,B030,False,False,True,True,False
A003,B2_001,False,False,True,True,False
A003,B2_002,False,False,True,True,False
A003,B2_003,False,False,True,True,False
A003,B2_004,False,False,True,True,False
A003,B2_005,False,False,True,True,False
A003,B2_006,False,False,True,True,False
A003,B2_007,False,False,True,True,False
A003,B2_008,False,False,True,True,False
A003,B2_009,False,False,True,True,False
A003,B2_010,False,False,True,True,False
A003,B2_011,False,False,True,True,False
A003,B2_012,False,False,True,True,False
A003,B2_013,False,False,True,True,False
A003,B2_014,False,False,True,True,False
A003,B2_015,False,False,True,True,False
A003,B2_016,False,False,True,True,False
A003,B2_017,False,False,True,True,False
A003,B2_018,False,False,True,True,False
A003,B2_019,False,False,True,True,False
A003,B2_020,False,False,True,True,False
A003,B2_021,False,False,True,True,False
A003,B2_022,False,False,True,True,False
A003,B2_023,False,False,True,True,False
A003,B2_024,False,False,True,True,False
A003,B2_025,False,False,True,True,False
A003,B2_026,False,False,True,True,False
A003,B2_027,False,False,True,True,False
A003,B2_028,False,False,True,True,False
A003,B2_029,False,False,True,True,False
A003,B2_030,False,False,True,True,False
A004,A005,False,False,False,True,False
A004,A006,False,False,False,True,False
A004,A007,False,False,False,True,False
A004,A008,False,False,False,True,False
A004,A009,False,False,False,True,False
A004,A010,False,False,False,True,False
A004,A011,False,False,False,True,False
A004,A012,False,False,False,True,False
A004,A013,False,False,False,True,False
A004,A014,False,False,False,True,False
A004,A015,False,False,False,True,False
A004,A016,False,False,False,True,False
A004,A017,False,False,False,True,False
A004,A018,False,False,False,True,False
A004,A019,False,False,False,True,False
A004,A020,False,False,False,True,False
A004,A021,False,False,False,True,False
A004,A022,False,False,False,True,False
A004,A023,False,False,False,True,False
A004,A024,False,False,False,True,False
A004,A025,False,False,False,True,False
A004,A026,False,False,False,True,False
A004,A027,False,False,False,True,False
A004,A028,False,False,False,True,False
A004,A029,False,False,False,True,False
A004,A030,False,False,False,True,False
A004,B001,False,False,True,True,False
A004,B002,False,False,True,True,False
A004,B003,False,False,True,True,False
A004,B004,False,False,True,True,False
A004,B005,False,False,True,True,False
A004,B006,False,False,True,True,False
A004,B007,False,False,True,True,False
A004,B008,False,False,True,True,False
A004,B009,False,False,True,True,False
A004,B010,False,False,True,True,False
A004,B011,False,False,True,True,False
A004,B012,False,False,True,True,False
A004,B013,False,False,True,True,False
A004,B014,False,False,True,True,False
A004,B015,False,False,True,True,False
A004,B016,False,False,True,True,False
A004,B017,False,False,True,True,False
A004,B018,False,False,True,True,False
A004,B019,False,False,True,True,False
A004,B020,False,False,True,True,False
A004,B021,False,False,True,True,False
A004,B022,False,False,True,True,False
A004,B023,False,False,True,True,False
A004,B024,False,False,True,True,False
A004,B025,False,False,True,True,False
A004,B026,False,False,True,True,False
A004,B027,False,False,True,True,False
A004,B028,False,False,True,True,False
A004,B029,False,False,True,True,False
A004,B030,False,False,True,True,False
A004,B2_001,False,False,True,True,False
A004,B2_002,False,False,True,True,False
A004,B2_003,False,False,True,True,False
A004,B2_004,False,False,True,True,False
A004,B2_005,False,False,True,True,False
A004,B2_006,False,False,True,True,False
A004,B2_007,False,False,True,True,False
A004,B2_008,False,False,True,True,False
A004,B2_009,False,False,True,True,False
A004,B2_010,False,False,True,True,False
A004,B2_011,False,False,True,True,False
A004,B2_012,False,False,True,True,False
A004,B2_013,False,False,True,True,False
A004,B2_014,False,False,True,True,False
A004,B2_015,False,False,True,True,False
A004,B2_016,False,False,True,True,False
A004,B2_017,False,False,True,True,False
A004,B2_018,False,False,True,True,False
A004,B2_019,False,False,True,True,False
A004,B2_020,False,False,True,True,False
A004,B2_021,False,False,True,True,False
A004,B2_022,False,False,True,True,False
A004,B2_023,False,False,True,True,False
A004,B2_024,False,False,True,True,False
A004,B2_025,False,False,True,True,False
A004,B2_026,False,False,True,True,False
A004,B2_027,False,False,True,True,False
A004,B2_028,False,False,True,True,False
A004,B2_029,False,False,True,True,False
A004,B2_030,False,False,True,True,False
A005,A006,False,False,True,True,False
A005,A007,False,False,False,True,False
A005,A008,False,False,False,True,False
A005,A009,False,False,False,True,False
A005,A010,False,False,False,True,False
A005,A011,False,False,False,True,False
A005,A012,False,False,False,True,False
A005,A013,False,False,False,True,False
A005,A014,False,False,False,True,False
A005,A015,False,False,False,True,False
A005,A016,False,False,False,True,False
A005,A017,False,False,False,True,False
A005,A018,False,False,False,True,False
A005,A019,False,False,False,True,False
A005,A020,False,False,False,True,False
A005,A021,False,False,False,True,False
A005,A022,False,False,False,True,False
A005,A023,False,False,False,True,False
A005,A024,False,False,False,True,False
A005,A025,False,False,False,True,False
A005,A026,False,False,False,True,False
A005,A027,False,False,False,True,False
A005,A028,False,False,False,True,False
A005,A029,False,False,False,True,False
A005,A030,False,False,False,True,False
A005,B001,False,False,False,True,False
A005,B002,False,False,False,True,False
A005,B003,False,False,False,True,False
A005,B004,False,False,False,True,False
A005,B005,False,False,False,True,False
A005,B006,False,False,False,True,False
A005,B007,False,False,False,True,False
A005,B008,False,False,False,True,False
A005,B009,False,False,False,True,False
A005,B010,False,False,False,True,False
A005,B011,False,False,False,True,False
A005,B012,False,False,False,True,False
A005,B013,False,False,False,True,False
A005,B014,False,False,False,True,False
A005,B015,False,False,False,True,False
A005,B016,False,False,False,True,False
A005,B017,False,False,False,True,False
A005,B018,False,False,False,True,False
A005,B019,False,False,False,True,False
A005,B020,False,False,False,True,False
A005,B021,False,False,False,True,False
A005,B022,False,False,False,True,False
A005,B023,False,False,False,True,False
A005,B024,False,False,False,True,False
A005,B025,False,False,False,True,False
A005,B026,False,False,False,True,False
A005,B027,False,False,False,True,False
A005,B028,False,False,False,True,False
A005,B029,False,False,False,True,False
A005,B030,False,False,False,True,False
A005,B2_001,False,False,False,True,False
A005,B2_002,False,False,False,True,False
A005,B2_003,False,False,False,True,False
A005,B2_004,False,False,False,True,False
A005,B2_005,False,False,False,True,False
A005,B2_006,False,False,False,True,False
A005,B2_007,False,False,False,True,False
A005,B2_008,False,False,False,True,False
A005,B2_009,False,False,False,True,False
A005,B2_010,False,False,False,True,False
A005,B2_011,False,False,False,True,False
A005,B2_012,False,False,False,True,False
A005,B2_013,False,False,False,True,False
A005,B2_014,False,False,False,True,False
A005,B2_015,False,False,False,True,False
A005,B2_016,False,False,False,True,False
A005,B2_017,False,False,False,True,False
A005,B2_018,False,False,False,True,False
A005,B2_019,False,False,False,True,False
A005,B2_020,False,False,False,True,False
A005,B2_021,False,False,False,True,False
A005,B2_022,False,False,False,True,False
A005,B2_023,False,False,False,True,False
A005,B2_024,False,False,False,True,False
A005,B2_025,False,False,False,True,False
A005,B2_026,False,False,False,True,False
A005,B2_027,False,False,False,True,False
A005,B2_028,False,False,False,True,False
A005,B2_029,False,False,False,True,False
A005,B2_030,False,False,False,True,False
A006,A007,False,False,False,True,False
A006,A008,False,False,False,True,False
A006,A009,False,False,False,True,False
A006,A010,False,False,False,True,False
A006,A011,False,False,False,True,False
A006,A012,False,False,False,True,False
A006,A013,False,False,False,True,False
A006,A014,False,False,False,True,False
A006,A015,False,False,False,True,False
A006,A016,False,False,False,True,False
A006,A017,False,False,False,True,False
A006,A018,False,False,False,True,False
A006,A019,False,False,False,True,False
A006,A020,False,False,False,True,False
A006,A021,False,False,False,True,False
A006,A022,False,False,False,True,False
A006,A023,False,False,False,True,False
A006,A024,False,False,False,True,False
A006,A025,False,False,False,True,False
A006,A026,False,False,False,True,False
A006,A027,False,False,False,True,False
A006,A028,False,False,False,True,False
A006,A029,False,False,False,True,False
A006,A030,False,False,False,True,False
A006,B001,False,False,False,True,False
A006,B002,False,False,False,True,False
A006,B003,False,False,False,True,False
A006,B004,False,False,False,True,False
A006,B005,False,False,False,True,False
A006,B006,False,False,False,True,False
A006,B007,False,False,False,True,False
A006,B008,False,False,False,True,False
A006,B009,False,False,False,True,False
A006,B010,False,False,False,True,False
A006,B011,False,False,False,True,False
A006,B012,False,False,False,True,False
A006,B013,False,False,False,True,False
A006,B014,False,False,False,True,False
A006,B015,False,False,False,True,False
A006,B016,False,False,False,True,False
A006,B017,False,False,False,True,False
A006,B018,False,False,False,True,False
A006,B019,False,False,False,True,False
A006,B020,False,False,False,True,False
A006,B021,False,False,False,True,False
A006,B022,False,False,False,True,False
A006,B023,False,False,False,True,False
A006,B024,False,False,False,True,False
A006,B025,False,False,False,True,False
A006,B026,False,False,False,True,False
A006,B027,False,False,False,True,False
A006,B028,False,False,False,True,False
A006,B029,False,False,False,True,False
A006,B030,False,False,False,True,False
A006,B2_001,False,False,False,True,False
A006,B2_002,False,False,False,True,False
A006,B2_003,False,False,False,True,False
A006,B2_004,False,False,False,True,False
A006,B2_005,False,False,False,True,False
A006,B2_006,False,False,False,True,False
A006,B2_007,False,False,False,True,False
A006,B2_008,False,False,False,True,False
A006,B2_009,False,False,False,True,False
A006,B2_010,False,False,False,True,False
A006,B2_011,False,False,False,True,False
A006,B2_012,False,False,False,True,False
A006,B2_013,False,False,False,True,False
A006,B2_014,False,False,False,True,False
A006,B2_015,False,False,False,True,False
A006,B2_016,False,False,False,True,False
A006,B2_017,False,False,False,True,False
A006,B2_018,False,False,False,True,False
A006,B2_019,False,False,False,True,False
A006,B2_020,False,False,False,True,False
A006,B2_021,False,False,False,True,False
A006,B2_022,False,False,False,True,False
A006,B2_023,False,False,False,True,False
A006,B2_024,False,False,False,True,False
A006,B2_025,False,False,False,True,False
A006,B2_026,False,False,False,True,False
A006,B2_027,False,False,False,True,False
A006,B2_028,False,False,False,True,False
A006,B2_029,False,False,False,True,False
A006,B2_030,False,False,False,True,False
A007,A008,False,False,True,True,False
A007,A009,False,False,False,True,False
A007,A010,False,False,False,True,False
A007,A011,False,False,False,True,False
A007,A012,False,False,False,True,False
A007,A013,False,False,False,True,False
A007,A014,False,False,False,True,False
A007,A015,False,False,False,True,False
A007,A016,False,False,False,True,False
A007,A017,False,False,False,True,False
A007,A018,False,False,False,True,False
A007,A019,False,False,False,True,False
A007,A020,False,False,False,True,False
A007,A021,False,False,False,True,False
A007,A022,False,False,False,True,False
A007,A023,False,False,False,True,False
A007,A024,False,False,False,True,False
A007,A025,False,False,False,True,False
A007,A026,False,False,False,True,False
A007,A027,False,False,False,True,False
A007,A028,False,False,False,True,False
A007,A029,False,False,False,True,False
A007,A030,False,False,False,True,False
A007,B001,False,False,False,True,False
A007,B002,False,False,False,True,False
A007,B003,False,False,False,True,False
A007,B004,False,False,False,True,False
A007,B005,False,False,False,True,False
A007,B006,False,False,False,True,False
A007,B007,False,False,False,True,False
A007,B008,False,False,False,True,False
A007,B009,False,False,False,True,False
A007,B010,False,False,False,True,False
A007,B011,False,False,False,True,False
A007,B012,False,False,False,True,False
A007,B013,False,False,False,True,False
A007,B014,False,False,False,True,False
A007,B015,False,False,False,True,False
A007,B016,False,False,False,True,False
A007,B017,False,False,False,True,False
A007,B018,False,False,False,True,False
A007,B019,False,False,False,True,False
A007,B020,False,False,False,True,False
A007,B021,False,False,False,True,False
A007,B022,False,False,False,True,False
A007,B023,False,False,False,True,False
A007,B024,False,False,False,True,False
A007,B025,False,False,False,True,False
A007,B026,False,False,False,True,False
A007,B027,False,False,False,True,False
A007,B028,False,False,False,True,False
A007,B029,False,False,False,True,False
A007,B030,False,False,False,True,False
A007,B2_001,False,False,False,True,False
A007,B2_002,False,False,False,True,False
A007,B2_003,False,False,False,True,False
A007,B2_004,False,False,False,True,False
A007,B2_005,False,False,False,True,False
A007,B2_006,False,False,False,True,False
A007,B2_007,False,False,False,True,False
A007,B2_008,False,False,False,True,False
A007,B2_009,False,False,False,True,False
A007,B2_010,False,False,False,True,False
A007,B2_011,False,False,False,True,False
A007,B2_012,False,False,False,True,False
A007,B2_013,False,False,False,True,False
A007,B2_014,False,False,False,True,False
A007,B2_015,False,False,False,True,False
A007,B2_016,False,False,False,True,False
A007,B2_017,False,False,False,True,False
A007,B2_018,False,False,False,True,False
A007,B2_019,False,False,False,True,False
A007,B2_020,False,False,False,True,False
A007,B2_021,False,False,False,True,False
A007,B2_022,False,False,False,True,False
A007,B2_023,False,False,False,True,False
A007,B2_024,False,False,False,True,False
A007,B2_025,False,False,False,True,False
A007,B2_026,False,False,False,True,False
A007,B2_027,False,False,False,True,False
A007,B2_028,False,False,False,True,False
A007,B2_029,False,False,False,True,False
A007,B2_030,False,False,False,True,False
A008,A009,False,False,False,True,False
A008,A010,False,False,False,True,False
A008,A011,False,False,False,True,False
A008,A012,False,False,False,True,False
A008,A013,False,False,False,True,False
A008,A014,False,False,False,True,False
A008,A015,False,False,False,True,False
A008,A016,False,False,False,True,False
A008,A017,False,False,False,True,False
A008,A018,False,False,False,True,False
A008,A019,False,False,False,True,False
A008,A020,False,False,False,True,False
A008,A021,False,False,False,True,False
A008,A022,False,False,False,True,False
A008,A023,False,False,False,True,False
A008,A024,False,False,False,True,False
A008,A025,False,False,False,True,False
A008,A026,False,False,False,True,False
A008,A027,False,False,False,True,False
A008,A028,False,False,False,True,False
A008,A029,False,False,False,True,False
A008,A030,False,False,False,True,False
A008,B001,False,False,False,True,False
A008,B002,False,False,False,True,False
A008,B003,False,False,False,True,False
A008,B004,False,False,False,True,False
A008,B005,False,False,False,True,False
A008,B006,False,False,False,True,False
A008,B007,False,False,False,True,False
A008,B008,False,False,False,True,False
A008,B009,False,False,False,True,False
A008,B010,False,False,False,True,False
A008,B011,False,False,False,True,False
A008,B012,False,False,False,True,False
A008,B013,False,False,False,True,False
A008,B014,False,False,False,True,False
A008,B015,False,False,False,True,False
A008,B016,False,False,False,True,False
A008,B017,False,False,False,True,False
A008,B018,False,False,False,True,False
A008,B019,False,False,False,True,False
A008,B020,False,False,False,True,False
A008,B021,False,False,False,True,False
A008,B022,False,False,False,True,False
A008,B023,False,False,False,True,False
A008,B024,False,False,False,True,False
A008,B025,False,False,False,True,False
A008,B026,False,False,False,True,False
A008,B027,False,False,False,True,False
A008,B028,False,False,False,True,False
A008,B029,False,False,False,True,False
A008,B030,False,False,False,True,False
A008,B2_001,False,False,False,True,False
A008,B2_002,False,False,False,True,False
A008,B2_003,False,False,False,True,False
A008,B2_004,False,False,False,True,False
A008,B2_005,False,False,False,True,False
A008,B2_006,False,False,False,True,False
A008,B2_007,False,False,False,True,False
A008,B2_008,False,False,False,True,False
A008,B2_009,False,False,False,True,False
A008,B2_010,False,False,False,True,False
A008,B2_011,False,False,False,True,False
A008,B2_012,False,False,False,True,False
A008,B2_013,False,False,False,True,False
A008,B2_014,False,False,False,True,False
A008,B2_015,False,False,False,True,False
A008,B2_016,False,False,False,True,False
A008,B2_017,False,False,False,True,False
A008,B2_018,False,False,False,True,False
A008,B2_019,False,False,False,True,False
A008,B2_020,False,False,False,True,False
A008,B2_021,False,False,False,True,False
A008,B2_022,False,False,False,True,False
A008,B2_023,False,False,False,True,False
A008,B2_024,False,False,False,True,False
A008,B2_025,False,False,False,True,False
A008,B2_026,False,False,False,True,False
A008,B2_027,False,False,False,True,False
A008,B2_028,False,False,False,True,False
A008,B2_029,False,False,False,True,False
A008,B2_030,False,False,False,True,False
A009,A010,False,False,False,True,False
A009,A011,False,False,False,True,False
A009,A012,False,False,False,True,False
A009,A013,False,False,False,True,False
A009,A014,False,False,False,True,False
A009,A015,False,False,False,True,False
A009,A016,False,False,False,True,False
A009,A017,False,False,False,True,False
A009,A018,False,False,False,True,False
A009,A019,False,False,False,True,False
A009,A020,False,False,False,True,False
A009,A021,False,False,False,True,False
A009,A022,False,False,False,True,False
A009,A023,False,False,False,True,False
A009,A024,False,False,False,True,False
A009,A025,False,False,False,True,False
A009,A026,False,False,False,True,False
A009,A027,False,False,False,True,False
A009,A028,False,False,False,True,False
A009,A029,False,False,False,True,False
A009,A030,False,False,False,True,False
A009,B001,False,False,False,True,False
A009,B002,False,False,False,True,False
A009,B003,False,False,False,True,False
A009,B004,False,False,False,True,False
A009,B005,False,False,False,True,False
A009,B006,False,False,False,True,False
A009,B007,False,False,False,True,False
A009,B008,False,False,False,True,False
A009,B009,False,False,False,True,False
A009,B010,False,False,False,True,False
A009,B011,False,False,False,True,False
A009,B012,False,False,False,True,False
A009,B013,False,False,False,True,False
A009,B014,False,False,False,True,False
A009,B015,False,False,False,True,False
A009,B016,False,False,False,True,False
A009,B017,False,False,False,True,False
A009,B018,False,False,False,True,False
A009,B019,False,False,False,True,False
A009,B020,False,False,False,True,False
A009,B021,False,False,False,True,False
A009,B022,False,False,False,True,False
A009,B023,False,False,False,True,False
A009,B024,False,False,False,True,False
A009,B025,False,False,False,True,False
A009,B026,False,False,False,True,False
A009,B027,False,False,False,True,False
A009,B028,False,False,False,True,False
A009,B029,False,False,False,True,False
A009,B030,False,False,False,True,False
A009,B2_001,False,False,False,True,False
A009,B2_002,False,False,False,True,False
A009,B2_003,False,False,False,True,False
A009,B2_004,False,False,False,True,False
A009,B2_005,False,False,False,True,False
A009,B2_006,False,False,False,True,False
A009,B2_007,False,False,False,True,False
A009,B2_008,False,False,False,True,False
A009,B2_009,False,False,False,True,False
A009,B2_010,False,False,False,True,False
A009,B2_011,False,False,False,True,False
A009,B2_012,False,False,False,True,False
A009,B2_013,False,False,False,True,False
A009,B2_014,False,False,False,True,False
A009,B2_015,False,False,False,True,False
A009,B2_016,False,False,False,True,False
A009,B2_017,False,False,False,True,False
A009,B2_018,False,False,False,True,False
A009,B2_019,False,False,False,True,False
A009,B2_020,False,False,False,True,False
A009,B2_021,False,False,False,True,False
A009,B2_022,False,False,False,True,False
A009,B2_023,False,False,False,True,False
A009,B2_024,False,False,False,True,False
A009,B2_025,False,False,False,True,False
A009,B2_026,False,False,False,True,False
A009,B2_027,False,False,False,True,False
A009,B2_028,False,False,False,True,False
A009,B2_029,False,False,False,True,False
A009,B2_030,False,False,False,True,False
A010,A011,False,False,True,True,False
A010,A012,False,False,False,True,False
A010,A013,False,False,False,True,False
A010,A014,False,False,False,True,False
A010,A015,False,False,False,True,False
A010,A016,False,False,False,True,False
A010,A017,False,False,False,True,False
A010,A018,False,False,False,True,False
A010,A019,False,False,False,True,False
A010,A020,False,False,False,True,False
A010,A021,False,False,False,True,False
A010,A022,False,False,False,True,False
A010,A023,False,False,False,True,False
A010,A024,False,False,False,True,False
A010,A025,False,False,False,True,False
A010,A026,False,False,False,True,False
A010,A027,False,False,False,True,False
A010,A028,False,False,False,True,False
A010,A029,False,False,False,True,False
A010,A030,False,False,False,True,False
A010,B001,False,False,False,True,False
A010,B002,False,False,False,True,False
A010,B003,False,False,False,True,False
A010,B004,False,False,False,True,False
A010,B005,False,False,False,True,False
A010,B006,False,False,False,True,False
A010,B007,False,False,False,True,False
A010,B008,False,False,False,True,False
A010,B009,False,False,False,True,False
A010,B010,False,False,False,True,False
A010,B011,False,False,False,True,False
A010,B012,False,False,False,True,False
A010,B013,False,False,False,True,False
A010,B014,False,False,False,True,False
A010,B015,False,False,False,True,False
A010,B016,False,False,False,True,False
A010,B017,False,False,False,True,False
A010,B018,False,False,False,True,False
A010,B019,False,False,False,True,False
A010,B020,False,False,False,True,False
A010,B021,False,False,False,True,False
A010,B022,False,False,False,True,False
A010,B023,False,False,False,True,False
A010,B024,False,False,False,True,False
A010,B025,False,False,False,True,False
A010,B026,False,False,False,True,False
A010,B027,False,False,False,True,False
A010,B028,False,False,False,True,False
A010,B029,False,False,False,True,False
A010,B030,False,False,False,True,False
A010,B2_001,False,False,False,True,False
A010,B2_002,False,False,False,True,False
A010,B2_003,False,False,False,True,False
A010,B2_004,False,False,False,True,False
A010,B2_005,False,False,False,True,False
A010,B2_006,False,False,False,True,False
A010,B2_007,False,False,False,True,False
A010,B2_008,False,False,False,True,False
A010,B2_009,False,False,False,True,False
A010,B2_010,False,False,False,True,False
A010,B2_011,False,False,False,True,False
A010,B2_012,False,False,False,True,False
A010,B2_013,False,False,False,True,False
A010,B2_014,False,False,False,True,False
A010,B2_015,False,False,False,True,False
A010,B2_016,False,False,False,True,False
A010,B2_017,False,False,False,True,False
A010,B2_018,False,False,False,True,False
A010,B2_019,False,False,False,True,False
A010,B2_020,False,False,False,True,False
A010,B2_021,False,False,False,True,False
A010,B2_022,False,False,False,True,False
A010,B2_023,False,False,False,True,False
A010,B2_024,False,False,False,True,False
A010,B2_025,False,False,False,True,False
A010,B2_026,False,False,False,True,False
A010,B2_027,False,False,False,True,False
A010,B2_028,False,False,False,True,False
A010,B2_029,False,False,False,True,False
A010,B2_030,False,False,False,True,False
A011,A012,False,False,False,True,False
A011,A013,False,False,False,True,False
A011,A014,False,False,False,True,False
A011,A015,False,False,False,True,False
A011,A016,False,False,False,True,False
A011,A017,False,False,False,True,False
A011,A018,False,False,False,True,False
A011,A019,False,False,False,True,False
A011,A020,False,False,False,True,False
A011,A021,False,False,False,True,False
A011,A022,False,False,False,True,False
A011,A023,False,False,False,True,False
A011,A024,False,False,False,True,False
A011,A025,False,False,False,True,False
A011,A026,False,False,False,True,False
A011,A027,False,False,False,True,False
A011,A028,False,False,False,True,False
A011,A029,False,False,False,True,False
A011,A030,False,False,False,True,False
A011,B001,False,False,False,True,False
A011,B002,False,False,False,True,False
A011,B003,False,False,False,True,False
A011,B004,False,False,False,True,False
A011,B005,False,False,False,True,False
A011,B006,False,False,False,True,False
A011,B007,False,False,False,True,False
A011,B008,False,False,False,True,False
A011,B009,False,False,False,True,False
A011,B010,False,False,False,True,False
A011,B011,False,False,False,True,False
A011,B012,False,False,False,True,False
A011,B013,False,False,False,True,False
A011,B014,False,False,False,True,False
A011,B015,False,False,False,True,False
A011,B016,False,False,False,True,False
A011,B017,False,False,False,True,False
A011,B018,False,False,False,True,False
A011,B019,False,False,False,True,False
A011,B020,False,False,False,True,False
A011,B021,False,False,False,True,False
A011,B022,False,False,False,True,False
A011,B023,False,False,False,True,False
A011,B024,False,False,False,True,False
A011,B025,False,False,False,True,False
A011,B026,False,False,False,True,False
A011,B027,False,False,False,True,False
A011,B028,False,False,False,True,False
A011,B029,False,False,False,True,False
A011,B030,False,False,False,True,False
A011,B2_001,False,False,False,True,False
A011,B2_002,False,False,False,True,False
A011,B2_003,False,False,False,True,False
A011,B2_004,False,False,False,True,False
A011,B2_005,False,False,False,True,False
A011,B2_006,False,False,False,True,False
A011,B2_007,False,False,False,True,False
A011,B2_008,False,False,False,True,False
A011,B2_009,False,False,False,True,False
A011,B2_010,False,False,False,True,False
A011,B2_011,False,False,False,True,False
A011,B2_012,False,False,False,True,False
A011,B2_013,False,False,False,True,False
A011,B2_014,False,False,False,True,False
A011,B2_015,False,False,False,True,False
A011,B2_016,False,False,False,True,False
A011,B2_017,False,False,False,True,False
A011,B2_018,False,False,False,True,False
A011,B2_019,False,False,False,True,False
A011,B2_020,False,False,False,True,False
A011,B2_021,False,False,False,True,False
A011,B2_022,False,False,False,True,False
A011,B2_023,False,False,False,True,False
A011,B2_024,False,False,False,True,False
A011,B2_025,False,False,False,True,False
A011,B2_026,False,False,False,True,False
A011,B2_027,False,False,False,True,False
A011,B2_028,False,False,False,True,False
A011,B2_029,False,False,False,True,False
A011,B2_030,False,False,False,True,False
A012,A013,False,False,True,True,False
A012,A014,False,False,False,True,False
A012,A015,False,False,False,True,False
A012,A016,False,False,False,True,False
A012,A017,False,False,False,True,False
A012,A018,False,False,False,True,False
A012,A019,False,False,False,True,False
A012,A020,False,False,False,True,False
A012,A021,False,False,False,True,False
A012,A022,False,False,False,True,False
A012,A023,False,False,False,True,False
A012,A024,False,False,False,True,False
A012,A025,False,False,False,True,False
A012,A026,False,False,False,True,False
A012,A027,False,False,False,True,False
A012,A028,False,False,False,True,False
A012,A029,False,False,False,True,False
A012,A030,False,False,False,True,False
A012,B001,False,False,False,True,False
A012,B002,False,False,False,True,False
A012,B003,False,False,False,True,False
A012,B004,False,False,False,True,False
A012,B005,False,False,False,True,False
A012,B006,False,False,False,True,False
A012,B007,False,False,False,True,False
A012,B008,False,False,False,True,False
A012,B009,False,False,False,True,False
A012,B010,False,False,False,True,False
A012,B011,False,False,False,True,False
A012,B012,False,False,False,True,False
A012,B013,False,False,False,True,False
A012,B014,False,False,False,True,False
A012,B015,False,False,False,True,False
A012,B016,False,False,False,True,False
A012,B017,False,False,False,True,False
A012,B018,False,False,False,True,False
A012,B019,False,False,False,True,False
A012,B020,False,False,False,True,False
A012,B021,False,False,False,True,False
A012,B022,False,False,False,True,False
A012,B023,False,False,False,True,False
A012,B024,False,False,False,True,False
A012,B025,False,False,False,True,False
A012,B026,False,False,False,True,False
A012,B027,False,False,False,True,False
A012,B028,False,False,False,True,False
A012,B029,False,False,False,True,False
A012,B030,False,False,False,True,False
A012,B2_001,False,False,False,True,False
A012,B2_002,False,False,False,True,False
A012,B2_003,False,False,False,True,False
A012,B2_004,False,False,False,True,False
A012,B2_005,False,False,False,True,False
A012,B2_006,False,False,False,True,False
A012,B2_007,False,False,False,True,False
A012,B2_008,False,False,False,True,False
A012,B2_009,False,False,False,True,False
A012,B2_010,False,False,False,True,False
A012,B2_011,False,False,False,True,False
A012,B2_012,False,False,False,True,False
A012,B2_013,False,False,False,True,False
A012,B2_014,False,False,False,True,False
A012,B2_015,False,False,False,True,False
A012,B2_016,False,False,False,True,False
A012,B2_017,False,False,False,True,False
A012,B2_018,False,False,False,True,False
A012,B2_019,False,False,False,True,False
A012,B2_020,False,False,False,True,False
A012,B2_021,False,False,False,True,False
A012,B2_022,False,False,False,True,False
A012,B2_023,False,False,False,True,False
A012,B2_024,False,False,False,True,False
A012,B2_025,False,False,False,True,False
A012,B2_026,False,False,False,True,False
A012,B2_027,False,False,False,True,False
A012,B2_028,False,False,False,True,False
A012,B2_029,False,False,False,True,False
A012,B2_030,False,False,False,True,False
A013,A014,False,False,False,True,False
A013,A015,False,False,False,True,False
A013,A016,False,False,False,True,False
A013,A017,False,False,False,True,False
A013,A018,False,False,False,True,False
A013,A019,False,False,False,True,False
A013,A020,False,False,False,True,False
A013,A021,False,False,False,True,False
A013,A022,False,False,False,True,False
A013,A023,False,False,False,True,False
A013,A024,False,False,False,True,False
A013,A025,False,False,False,True,False
A013,A026,False,False,False,True,False
A013,A027,False,False,False,True,False
A013,A028,False,False,False,True,False
A013,A029,False,False,False,True,False
A013,A030,False,False,False,True,False
A013,B001,False,False,False,True,False
A013,B002,False,False,False,True,False
A013,B003,False,False,False,True,False
A013,B004,False,False,False,True,False
A013,B005,False,False,False,True,False
A013,B006,False,False,False,True,False
A013,B007,False,False,False,True,False
A013,B008,False,False,False,True,False
A013,B009,False,False,False,True,False
A013,B010,False,False,False,True,False
A013,B011,False,False,False,True,False
A013,B012,False,False,False,True,False
A013,B013,False,False,False,True,False
A013,B014,False,False,False,True,False
A013,B015,False,False,False,True,False
A013,B016,False,False,False,True,False
A013,B017,False,False,False,True,False
A013,B018,False,False,False,True,False
A013,B019,False,False,False,True,False
A013,B020,False,False,False,True,False
A013,B021,False,False,False,True,False
A013,B022,False,False,False,True,False
A013,B023,False,False,False,True,False
A013,B024,False,False,False,True,False
A013,B025,False,False,False,True,False
A013,B026,False,False,False,True,False
A013,B027,False,False,False,True,False
A013,B028,False,False,False,True,False
A013,B029,False,False,False,True,False
A013,B030,False,False,False,True,False
A013,B2_001,False,False,False,True,False
A013,B2_002,False,False,False,True,False
A013,B2_003,False,False,False,True,False
A013,B2_004,False,False,False,True,False
A013,B2_005,False,False,False,True,False
A013,B2_006,False,False,False,True,False
A013,B2_007,False,False,False,True,False
A013,B2_008,False,False,False,True,False
A013,B2_009,False,False,False,True,False
A013,B2_010,False,False,False,True,False
A013,B2_011,False,False,False,True,False
A013,B2_012,False,False,False,True,False
A013,B2_013,False,False,False,True,False
A013,B2_014,False,False,False,True,False
A013,B2_015,False,False,False,True,False
A013,B2_016,False,False,False,True,False
A013,B2_017,False,False,False,True,False
A013,B2_018,False,False,False,True,False
A013,B2_019,False,False,False,True,False
A013,B2_020,False,False,False,True,False
A013,B2_021,False,False,False,True,False
A013,B2_022,False,False,False,True,False
A013,B2_023,False,False,False,True,False
A013,B2_024,False,False,False,True,False
A013,B2_025,False,False,False,True,False
A013,B2_026,False,False,False,True,False
A013,B2_027,False,False,False,True,False
A013,B2_028,False,False,False,True,False
A013,B2_029,False,False,False,True,False
A013,B2_030,False,False,False,True,False
A014,A015,False,False,False,True,False
A014,A016,False,False,False,True,False
A014,A017,False,False,False,True,False
A014,A018,False,False,False,True,False
A014,A019,False,False,False,True,False
A014,A020,False,False,False,True,False
A014,A021,False,False,False,True,False
A014,A022,False,False,False,True,False
A014,A023,False,False,False,True,False
A014,A024,False,False,False,True,False
A014,A025,False,False,False,True,False
A014,A026,False,False,False,True,False
A014,A027,False,False,False,True,False
A014,A028,False,False,False,True,False
A014,A029,False,False,False,True,False
A014,A030,False,False,False,True,False
A014,B001,False,False,False,True,False
A014,B002,False,False,False,True,False
A014,B003,False,False,False,True,False
A014,B004,False,False,False,True,False
A014,B005,False,False,False,True,False
A014,B006,False,False,False,True,False
A014,B007,False,False,False,True,False
A014,B008,False,False,False,True,False
A014,B009,False,False,False,True,False
A014,B010,False,False,False,True,False
A014,B011,False,False,False,True,False
A014,B012,False,False,False,True,False
A014,B013,False,False,False,True,False
A014,B014,False,False,False,True,False
A014,B015,False,False,False,True,False
A014,B016,False,False,False,True,False
A014,B017,False,False,False,True,False
A014,B018,False,False,False,True,False
A014,B019,False,False,False,True,False
A014,B020,False,False,False,True,False
A014,B021,False,False,False,True,False
A014,B022,False,False,False,True,False
A014,B023,False,False,False,True,False
A014,B024,False,False,False,True,False
A014,B025,False,False,False,True,False
A014,B026,False,False,False,True,False
A014,B027,False,False,False,True,False
A014,B028,False,False,False,True,False
A014,B029,False,False,False,True,False
A014,B030,False,False,False,True,False
A014,B2_001,False,False,False,True,False
A014,B2_002,False,False,False,True,False
A014,B2_003,False,False,False,True,False
A014,B2_004,False,False,False,True,False
A014,B2_005,False,False,False,True,False
A014,B2_006,False,False,False,True,False
A014,B2_007,False,False,False,True,False
A014,B2_008,False,False,False,True,False
A014,B2_009,False,False,False,True,False
A014,B2_010,False,False,False,True,False
A014,B2_011,False,False,False,True,False
A014,B2_012,False,False,False,True,False
A014,B2_013,False,False,False,True,False
A014,B2_014,False,False,False,True,False
A014,B2_015,False,False,False,True,False
A014,B2_016,False,False,False,True,False
A014,B2_017,False,False,False,True,False
A014,B2_018,False,False,False,True,False
A014,B2_019,False,False,False,True,False
A014,B2_020,False,False,False,True,False
A014,B2_021,False,False,False,True,False
A014,B2_022,False,False,False,True,False
A014,B2_023,False,False,False,True,False
A014,B2_024,False,False,False,True,False
A014,B2_025,False,False,False,True,False
A014,B2_026,False,False,False,True,False
A014,B2_027,False,False,False,True,False
A014,B2_028,False,False,False,True,False
A014,B2_029,False,False,False,True,False
A014,B2_030,False,False,False,True,False
A015,A016,False,False,True,True,False
A015,A017,False,False,False,True,False
A015,A018,False,False,False,True,False
A015,A019,False,False,False,True,False
A015,A020,False,False,False,True,False
A015,A021,False,False,False,True,False
A015,A022,False,False,False,True,False
A015,A023,False,False,False,True,False
A015,A024,False,False,False,True,False
A015,A025,False,False,False,True,False
A015,A026,False,False,False,True,False
A015,A027,False,False,False,True,False
A015,A028,False,False,False,True,False
A015,A029,False,False,False,True,False
A015,A030,False,False,False,True,False
A015,B001,False,False,False,True,False
A015,B002,False,False,False,True,False
A015,B003,False,False,False,True,False
A015,B004,False,False,False,True,False
A015,B005,False,False,False,True,False
A015,B006,False,False,False,True,False
A015,B007,False,False,False,True,False
A015,B008,False,False,False,True,False
A015,B009,False,False,False,True,False
A015,B010,False,False,False,True,False
A015,B011,False,False,False,True,False
A015,B012,False,False,False,True,False
A015,B013,False,False,False,True,False
A015,B014,False,False,False,True,False
A015,B015,False,False,False,True,False
A015,B016,False,False,False,True,False
A015,B017,False,False,False,True,False
A015,B018,False,False,False,True,False
A015,B019,False,False,False,True,False
A015,B020,False,False,False,True,False
A015,B021,False,False,False,True,False
A015,B022,False,False,False,True,False
A015,B023,False,False,False,True,False
A015,B024,False,False,False,True,False
A015,B025,False,False,False,True,False
A015,B026,False,False,False,True,False
A015,B027,False,False,False,True,False
A015,B028,False,False,False,True,False
A015,B029,False,False,False,True,False
A015,B030,False,False,False,True,False
A015,B2_001,False,False,False,True,False
A015,B2_002,False,False,False,True,False
A015,B2_003,False,False,False,True,False
A015,B2_004,False,False,False,True,False
A015,B2_005,False,False,False,True,False
A015,B2_006,False,False,False,True,False
A015,B2_007,False,False,False,True,False
A015,B2_008,False,False,False,True,False
A015,B2_009,False,False,False,True,False
A015,B2_010,False,False,False,True,False
A015,B2_011,False,False,False,True,False
A015,B2_012,False,False,False,True,False
A015,B2_013,False,False,False,True,False
A015,B2_014,False,False,False,True,False
A015,B2_015,False,False,False,True,False
A015,B2_016,False,False,False,True,False
A015,B2_017,False,False,False,True,False
A015,B2_018,False,False,False,True,False
A015,B2_019,False,False,False,True,False
A015,B2_020,False,False,False,True,False
A015,B2_021,False,False,False,True,False
A015,B2_022,False,False,False,True,False
A015,B2_023,False,False,False,True,False
A015,B2_024,False,False,False,True,False
A015,B2_025,False,False,False,True,False
A015,B2_026,False,False,False,True,False
A015,B2_027,False,False,False,True,False
A015,B2_028,False,False,False,True,False
A015,B2_029,False,False,False,True,False
A015,B2_030,False,False,False,True,False
A016,A017,False,False,False,True,False
A016,A018,False,False,False,True,False
A016,A019,False,False,False,True,False
A016,A020,False,False,False,True,False
A016,A021,False,False,False,True,False
A016,A022,False,False,False,True,False
A016,A023,False,False,False,True,False
A016,A024,False,False,False,True,False
A016,A025,False,False,False,True,False
A016,A026,False,False,False,True,False
A016,A027,False,False,False,True,False
A016,A028,False,False,False,True,False
A016,A029,False,False,False,True,False
A016,A030,False,False,False,True,False
A016,B001,False,False,False,True,False
A016,B002,False,False,False,True,False
A016,B003,False,False,False,True,False
A016,B004,False,False,False,True,False
A016,B005,False,False,False,True,False
A016,B006,False,False,False,True,False
A016,B007,False,False,False,True,False
A016,B008,False,False,False,True,False
A016,B009,False,False,False,True,False
A016,B010,False,False,False,True,False
A016,B011,False,False,False,True,False
A016,B012,False,False,False,True,False
A016,B013,False,False,False,True,False
A016,B014,False,False,False,True,False
A016,B015,False,False,False,True,False
A016,B016,False,False,False,True,False
A016,B017,False,False,False,True,False
A016,B018,False,False,False,True,False
A016,B019,False,False,False,True,False
A016,B020,False,False,False,True,False
A016,B021,False,False,False,True,False
A016,B022,False,False,False,True,False
A016,B023,False,False,False,True,False
A016,B024,False,False,False,True,False
A016,B025,False,False,False,True,False
A016,B026,False,False,False,True,False
A016,B027,False,False,False,True,False
A016,B028,False,False,False,True,False
A016,B029,False,False,False,True,False
A016,B030,False,False,False,True,False
A016,B2_001,False,False,False,True,False
A016,B2_002,False,False,False,True,False
A016,B2_003,False,False,False,True,False
A016,B2_004,False,False,False,True,False
A016,B2_005,False,False,False,True,False
A016,B2_006,False,False,False,True,False
A016,B2_007,False,False,False,True,False
A016,B2_008,False,False,False,True,False
A016,B2_009,False,False,False,True,False
A016,B2_010,False,False,False,True,False
A016,B2_011,False,False,False,True,False
A016,B2_012,False,False,False,True,False
A016,B2_013,False,False,False,True,False
A016,B2_014,False,False,False,True,False
A016,B2_015,False,False,False,True,False
A016,B2_016,False,False,False,True,False
A016,B2_017,False,False,False,True,False
A016,B2_018,False,False,False,True,False
A016,B2_019,False,False,False,True,False
A016,B2_020,False,False,False,True,False
A016,B2_021,False,False,False,True,False
A016,B2_022,False,False,False,True,False
A016,B2_023,False,False,False,True,False
A016,B2_024,False,False,False,True,False
A016,B2_025,False,False,False,True,False
A016,B2_026,False,False,False,True,False
A016,B2_027,False,False,False,True,False
A016,B2_028,False,False,False,True,False
A016,B2_029,False,False,False,True,False
A016,B2_030,False,False,False,True,False
A017,A018,False,False,True,True,False
A017,A019,False,False,False,True,False
A017,A020,False,False,False,True,False
A017,A021,False,False,False,True,False
A017,A022,False,False,False,True,False
A017,A023,False,False,False,True,False
A017,A024,False,False,False,True,False
A017,A025,False,False,False,True,False
A017,A026,False,False,False,True,False
A017,A027,False,False,False,True,False
A017,A028,False,False,False,True,False
A017,A029,False,False,False,True,False
A017,A030,False,False,False,True,False
A017,B001,False,False,False,True,False
A017,B002,False,False,False,True,False
A017,B003,False,False,False,True,False
A017,B004,False,False,False,True,False
A017,B005,False,False,False,True,False
A017,B006,False,False,False,True,False
A017,B007,False,False,False,True,False
A017,B008,False,False,False,True,False
A017,B009,False,False,False,True,False
A017,B010,False,False,False,True,False
A017,B011,False,False,False,True,False
A017,B012,False,False,False,True,False
A017,B013,False,False,False,True,False
A017,B014,False,False,False,True,False
A017,B015,False,False,False,True,False
A017,B016,False,False,False,True,False
A017,B017,False,False,False,True,False
A017,B018,False,False,False,True,False
A017,B019,False,False,False,True,False
A017,B020,False,False,False,True,False
A017,B021,False,False,False,True,False
A017,B022,False,False,False,True,False
A017,B023,False,False,False,True,False
A017,B024,False,False,False,True,False
A017,B025,False,False,False,True,False
A017,B026,False,False,False,True,False
A017,B027,False,False,False,True,False
A017,B028,False,False,False,True,False
A017,B029,False,False,False,True,False
A017,B030,False,False,False,True,False
A017,B2_001,False,False,False,True,False
A017,B2_002,False,False,False,True,False
A017,B2_003,False,False,False,True,False
A017,B2_004,False,False,False,True,False
A017,B2_005,False,False,False,True,False
A017,B2_006,False,False,False,True,False
A017,B2_007,False,False,False,True,False
A017,B2_008,False,False,False,True,False
A017,B2_009,False,False,False,True,False
A017,B2_010,False,False,False,True,False
A017,B2_011,False,False,False,True,False
A017,B2_012,False,False,False,True,False
A017,B2_013,False,False,False,True,False
A017,B2_014,False,False,False,True,False
A017,B2_015,False,False,False,True,False
A017,B2_016,False,False,False,True,False
A017,B2_017,False,False,False,True,False
A017,B2_018,False,False,False,True,False
A017,B2_019,False,False,False,True,False
A017,B2_020,False,False,False,True,False
A017,B2_021,False,False,False,True,False
A017,B2_022,False,False,False,True,False
A017,B2_023,False,False,False,True,False
A017,B2_024,False,False,False,True,False
A017,B2_025,False,False,False,True,False
A017,B2_026,False,False,False,True,False
A017,B2_027,False,False,False,True,False
A017,B2_028,False,False,False,True,False
A017,B2_029,False,False,False,True,False
A017,B2_030,False,False,False,True,False
A018,A019,False,False,False,True,False
A018,A020,False,False,False,True,False
A018,A021,False,False,False,True,False
A018,A022,False,False,False,True,False
A018,A023,False,False,False,True,False
A018,A024,False,False,False,True,False
A018,A025,False,False,False,True,False
A018,A026,False,False,False,True,False
A018,A027,False,False,False,True,False
A018,A028,False,False,False,True,False
A018,A029,False,False,False,True,False
A018,A030,False,False,False,True,False
A018,B001,False,False,False,True,False
A018,B002,False,False,False,True,False
A018,B003,False,False,False,True,False
A018,B004,False,False,False,True,False
A018,B005,False,False,False,True,False
A018,B006,False,False,False,True,False
A018,B007,False,False,False,True,False
A018,B008,False,False,False,True,False
A018,B009,False,False,False,True,False
A018,B010,False,False,False,True,False
A018,B011,False,False,False,True,False
A018,B012,False,False,False,True,False
A018,B013,False,False,False,True,False
A018,B014,False,False,False,True,False
A018,B015,False,False,False,True,False
A018,B016,False,False,False,True,False
A018,B017,False,False,False,True,False
A018,B018,False,False,False,True,False
A018,B019,False,False,False,True,False
A018,B020,False,False,False,True,False
A018,B021,False,False,False,True,False
A018,B022,False,False,False,True,False
A018,B023,False,False,False,True,False
A018,B024,False,False,False,True,False
A018,B025,False,False,False,True,False
A018,B026,False,False,False,True,False
A018,B027,False,False,False,True,False
A018,B028,False,False,False,True,False
A018,B029,False,False,False,True,False
A018,B030,False,False,False,True,False
A018,B2_001,False,False,False,True,False
A018,B2_002,False,False,False,True,False
A018,B2_003,False,False,False,True,False
A018,B2_004,False,False,False,True,False
A018,B2_005,False,False,False,True,False
A018,B2_006,False,False,False,True,False
A018,B2_007,False,False,False,True,False
A018,B2_008,False,False,False,True,False
A018,B2_009,False,False,False,True,False
A018,B2_010,False,False,False,True,False
A018,B2_011,False,False,False,True,False
A018,B2_012,False,False,False,True,False
A018,B2_013,False,False,False,True,False
A018,B2_014,False,False,False,True,False
A018,B2_015,False,False,False,True,False
A018,B2_016,False,False,False,True,False
A018,B2_017,False,False,False,True,False
A018,B2_018,False,False,False,True,False
A018,B2_019,False,False,False,True,False
A018,B2_020,False,False,False,True,False
A018,B2_021,False,False,False,True,False
A018,B2_022,False,False,False,True,False
A018,B2_023,False,False,False,True,False
A018,B2_024,False,False,False,True,False
A018,B2_025,False,False,False,True,False
A018,B2_026,False,False,False,True,False
A018,B2_027,False,False,False,True,False
A018,B2_028,False,False,False,True,False
A018,B2_029,False,False,False,True,False
A018,B2_030,False,False,False,True,False
A019,A020,False,False,False,True,False
A019,A021,False,False,False,True,False
A019,A022,False,False,False,True,False
A019,A023,False,False,False,True,False
A019,A024,False,False,False,True,False
A019,A025,False,False,False,True,False
A019,A026,False,False,False,True,False
A019,A027,False,False,False,True,False
A019,A028,False,False,False,True,False
A019,A029,False,False,False,True,False
A019,A030,False,False,False,True,False
A019,B001,False,False,False,True,False
A019,B002,False,False,False,True,False
A019,B003,False,False,False,True,False
A019,B004,False,False,False,True,False
A019,B005,False,False,False,True,False
A019,B006,False,False,False,True,False
A019,B007,False,False,False,True,False
A019,B008,False,False,False,True,False
A019,B009,False,False,False,True,False
A019,B010,False,False,False,True,False
A019,B011,False,False,False,True,False
A019,B012,False,False,False,True,False
A019,B013,False,False,False,True,False
A019,B014,False,False,False,True,False
A019,B015,False,False,False,True,False
A019,B016,False,False,False,True,False
A019,B017,False,False,False,True,False
A019,B018,False,False,False,True,False
A019,B019,False,False,False,True,False
A019,B020,False,False,False,True,False
A019,B021,False,False,False,True,False
A019,B022,False,False,False,True,False
A019,B023,False,False,False,True,False
A019,B024,False,False,False,True,False
A019,B025,False,False,False,True,False
A019,B026,False,False,False,True,False
A019,B027,False,False,False,True,False
A019,B028,False,False,False,True,False
A019,B029,False,False,False,True,False
A019,B030,False,False,False,True,False
A019,B2_001,False,False,False,True,False
A019,B2_002,False,False,False,True,False
A019,B2_003,False,False,False,True,False
A019,B2_004,False,False,False,True,False
A019,B2_005,False,False,False,True,False
A019,B2_006,False,False,False,True,False
A019,B2_007,False,False,False,True,False
A019,B2_008,False,False,False,True,False
A019,B2_009,False,False,False,True,False
A019,B2_010,False,False,False,True,False
A019,B2_011,False,False,False,True,False
A019,B2_012,False,False,False,True,False
A019,B2_013,False,False,False,True,False
A019,B2_014,False,False,False,True,False
A019,B2_015,False,False,False,True,False
A019,B2_016,False,False,False,True,False
A019,B2_017,False,False,False,True,False
A019,B2_018,False,False,False,True,False
A019,B2_019,False,False,False,True,False
A019,B2_020,False,False,False,True,False
A019,B2_021,False,False,False,True,False
A019,B2_022,False,False,False,True,False
A019,B2_023,False,False,False,True,False
A019,B2_024,False,False,False,True,False
A019,B2_025,False,False,False,True,False
A019,B2_026,False,False,False,True,False
A019,B2_027,False,False,False,True,False
A019,B2_028,False,False,False,True,False
A019,B2_029,False,False,False,True,False
A019,B2_030,False,False,False,True,False
A020,A021,False,False,True,True,False
A020,A022,False,False,False,True,False
A020,A023,False,False,False,True,False
A020,A024,False,False,False,True,False
A020,A025,False,False,False,True,False
A020,A026,False,False,False,True,False
A020,A027,False,False,False,True,False
A020,A028,False,False,False,True,False
A020,A029,False,False,False,True,False
A020,A030,False,False,False,True,False
A020,B001,False,False,False,True,False
A020,B002,False,False,False,True,False
A020,B003,False,False,False,True,False
A020,B004,False,False,False,True,False
A020,B005,False,False,False,True,False
A020,B006,False,False,False,True,False
A020,B007,False,False,False,True,False
A020,B008,False,False,False,True,False
A020,B009,False,False,False,True,False
A020,B010,False,False,False,True,False
A020,B011,False,False,False,True,False
A020,B012,False,False,False,True,False
A020,B013,False,False,False,True,False
A020,B014,False,False,False,True,False
A020,B015,False,False,False,True,False
A020,B016,False,False,False,True,False
A020,B017,False,False,False,True,False
A020,B018,False,False,False,True,False
A020,B019,False,False,False,True,False
A020,B020,False,False,False,True,False
A020,B021,False,False,False,True,False
A020,B022,False,False,False,True,False
A020,B023,False,False,False,True,False
A020,B024,False,False,False,True,False
A020,B025,False,False,False,True,False
A020,B026,False,False,False,True,False
A020,B027,False,False,False,True,False
A020,B028,False,False,False,True,False
A020,B029,False,False,False,True,False
A020,B030,False,False,False,True,False
A020,B2_001,False,False,False,True,False
A020,B2_002,False,False,False,True,False
A020,B2_003,False,False,False,True,False
A020,B2_004,False,False,False,True,False
A020,B2_005,False,False,False,True,False
A020,B2_006,False,False,False,True,False
A020,B2_007,False,False,False,True,False
A020,B2_008,False,False,False,True,False
A020,B2_009,False,False,False,True,False
A020,B2_010,False,False,False,True,False
A020,B2_011,False,False,False,True,False
A020,B2_012,False,False,False,True,False
A020,B2_013,False,False,False,True,False
A020,B2_014,False,False,False,True,False
A020,B2_015,False,False,False,True,False
A020,B2_016,False,False,False,True,False
A020,B2_017,False,False,False,True,False
A020,B2_018,False,False,False,True,False
A020,B2_019,False,False,False,True,False
A020,B2_020,False,False,False,True,False
A020,B2_021,False,False,False,True,False
A020,B2_022,False,False,False,True,False
A020,B2_023,False,False,False,True,False
A020,B2_024,False,False,False,True,False
A020,B2_025,False,False,False,True,False
A020,B2_026,False,False,False,True,False
A020,B2_027,False,False,False,True,False
A020,B2_028,False,False,False,True,False
A020,B2_029,False,False,False,True,False
A020,B2_030,False,False,False,True,False
A021,A022,False,False,False,True,False
A021,A023,False,False,False,True,False
A021,A024,False,False,False,True,False
A021,A025,False,False,False,True,False
A021,A026,False,False,False,True,False
A021,A027,False,False,False,True,False
A021,A028,False,False,False,True,False
A021,A029,False,False,False,True,False
A021,A030,False,False,False,True,False
A021,B001,False,False,False,True,False
A021,B002,False,False,False,True,False
A021,B003,False,False,False,True,False
A021,B004,False,False,False,True,False
A021,B005,False,False,False,True,False
A021,B006,False,False,False,True,False
A021,B007,False,False,False,True,False
A021,B008,False,False,False,True,False
A021,B009,False,False,False,True,False
A021,B010,False,False,False,True,False
A021,B011,False,False,False,True,False
A021,B012,False,False,False,True,False
A021,B013,False,False,False,True,False
A021,B014,False,False,False,True,False
A021,B015,False,False,False,True,False
A021,B016,False,False,False,True,False
A021,B017,False,False,False,True,False
A021,B018,False,False,False,True,False
A021,B019,False,False,False,True,False
A021,B020,False,False,False,True,False
A021,B021,False,False,False,True,False
A021,B022,False,False,False,True,False
A021,B023,False,False,False,True,False
A021,B024,False,False,False,True,False
A021,B025,False,False,False,True,False
A021,B026,False,False,False,True,False
A021,B027,False,False,False,True,False
A021,B028,False,False,False,True,False
A021,B029,False,False,False,True,False
A021,B030,False,False,False,True,False
A021,B2_001,False,False,False,True,False
A021,B2_002,False,False,False,True,False
A021,B2_003,False,False,False,True,False
A021,B2_004,False,False,False,True,False
A021,B2_005,False,False,False,True,False
A021,B2_006,False,False,False,True,False
A021,B2_007,False,False,False,True,False
A021,B2_008,False,False,False,True,False
A021,B2_009,False,False,False,True,False
A021,B2_010,False,False,False,True,False
A021,B2_011,False,False,False,True,False
A021,B2_012,False,False,False,True,False
A021,B2_013,False,False,False,True,False
A021,B2_014,False,False,False,True,False
A021,B2_015,False,False,False,True,False
A021,B2_016,False,False,False,True,False
A021,B2_017,False,False,False,True,False
A021,B2_018,False,False,False,True,False
A021,B2_019,False,False,False,True,False
A021,B2_020,False,False,False,True,False
A021,B2_021,False,False,False,True,False
A021,B2_022,False,False,False,True,False
A021,B2_023,False,False,False,True,False
A021,B2_024,False,False,False,True,False
A021,B2_025,False,False,False,True,False
A021,B2_026,False,False,False,True,False
A021,B2_027,False,False,False,True,False
A021,B2_028,False,False,False,True,False
A021,B2_029,False,False,False,True,False
A021,B2_030,False,False,False,True,False
A022,A023,False,False,False,True,False
A022,A024,False,False,False,True,False
A022,A025,False,False,False,True,False
A022,A026,False,False,False,True,False
A022,A027,False,False,False,True,False
A022,A028,False,False,False,True,False
A022,A029,False,False,False,True,False
A022,A030,False,False,False,True,False
A022,B001,False,False,False,True,False
A022,B002,False,False,False,True,False
A022,B003,False,False,False,True,False
A022,B004,False,False,False,True,False
A022,B005,False,False,False,True,False
A022,B006,False,False,False,True,False
A022,B007,False,False,False,True,False
A022,B008,False,False,False,True,False
A022,B009,False,False,False,True,False
A022,B010,False,False,False,True,False
A022,B011,False,False,False,True,False
A022,B012,False,False,False,True,False
A022,B013,False,False,False,True,False
A022,B014,False,False,False,True,False
A022,B015,False,False,False,True,False
A022,B016,False,False,False,True,False
A022,B017,False,False,False,True,False
A022,B018,False,False,False,True,False
A022,B019,False,False,False,True,False
A022,B020,False,False,False,True,False
A022,B021,False,False,False,True,False
A022,B022,False,False,False,True,False
A022,B023,False,False,False,True,False
A022,B024,False,False,False,True,False
A022,B025,False,False,False,True,False
A022,B026,False,False,False,True,False
A022,B027,False,False,False,True,False
A022,B028,False,False,False,True,False
A022,B029,False,False,False,True,False
A022,B030,False,False,False,True,False
A022,B2_001,False,False,False,True,False
A022,B2_002,False,False,False,True,False
A022,B2_003,False,False,False,True,False
A022,B2_004,False,False,False,True,False
A022,B2_005,False,False,False,True,False
A022,B2_006,False,False,False,True,False
A022,B2_007,False,False,False,True,False
A022,B2_008,False,False,False,True,False
A022,B2_009,False,False,False,True,False
A022,B2_010,False,False,False,True,False
A022,B2_011,False,False,False,True,False
A022,B2_012,False,False,False,True,False
A022,B2_013,False,False,False,True,False
A022,B2_014,False,False,False,True,False
A022,B2_015,False,False,False,True,False
A022,B2_016,False,False,False,True,False
A022,B2_017,False,False,False,True,False
A022,B2_018,False,False,False,True,False
A022,B2_019,False,False,False,True,False
A022,B2_020,False,False,False,True,False
A022,B2_021,False,False,False,True,False
A022,B2_022,False,False,False,True,False
A022,B2_023,False,False,False,True,False
A022,B2_024,False,False,False,True,False
A022,B2_025,False,False,False,True,False
A022,B2_026,False,False,False,True,False
A022,B2_027,False,False,False,True,False
A022,B2_028,False,False,False,True,False
A022,B2_029,False,False,False,True,False
A022,B2_030,False,False,False,True,False
A023,A024,False,False,False,True,False
A023,A025,False,False,False,True,False
A023,A026,False,False,False,True,False
A023,A027,False,False,False,True,False
A023,A028,False,False,False,True,False
A023,A029,False,False,False,True,False
A023,A030,False,False,False,True,False
A023,B001,False,False,False,True,False
A023,B002,False,False,False,True,False
A023,B003,False,False,False,True,False
A023,B004,False,False,False,True,False
A023,B005,False,False,False,True,False
A023,B006,False,False,False,True,False
A023,B007,False,False,False,True,False
A023,B008,False,False,False,True,False
A023,B009,False,False,False,True,False
A023,B010,False,False,False,True,False
A023,B011,False,False,False,True,False
A023,B012,False,False,False,True,False
A023,B013,False,False,False,True,False
A023,B014,False,False,False,True,False
A023,B015,False,False,False,True,False
A023,B016,False,False,False,True,False
A023,B017,False,False,False,True,False
A023,B018,False,False,False,True,False
A023,B019,False,False,False,True,False
A023,B020,False,False,False,True,False
A023,B021,False,False,False,True,False
A023,B022,False,False,False,True,False
A023,B023,False,False,False,True,False
A023,B024,False,False,False,True,False
A023,B025,False,False,False,True,False
A023,B026,False,False,False,True,False
A023,B027,False,False,False,True,False
A023,B028,False,False,False,True,False
A023,B029,False,False,False,True,False
A023,B030,False,False,False,True,False
A023,B2_001,False,False,False,True,False
A023,B2_002,False,False,False,True,False
A023,B2_003,False,False,False,True,False
A023,B2_004,False,False,False,True,False
A023,B2_005,False,False,False,True,False
A023,B2_006,False,False,False,True,False
A023,B2_007,False,False,False,True,False
A023,B2_008,False,False,False,True,False
A023,B2_009,False,False,False,True,False
A023,B2_010,False,False,False,True,False
A023,B2_011,False,False,False,True,False
A023,B2_012,False,False,False,True,False
A023,B2_013,False,False,False,True,False
A023,B2_014,False,False,False,True,False
A023,B2_015,False,False,False,True,False
A023,B2_016,False,False,False,True,False
A023,B2_017,False,False,False,True,False
A023,B2_018,False,False,False,True,False
A023,B2_019,False,False,False,True,False
A023,B2_020,False,False,False,True,False
A023,B2_021,False,False,False,True,False
A023,B2_022,False,False,False,True,False
A023,B2_023,False,False,False,True,False
A023,B2_024,False,False,False,True,False
A023,B2_025,False,False,False,True,False
A023,B2_026,False,False,False,True,False
A023,B2_027,False,False,False,True,False
A023,B2_028,False,False,False,True,False
A023,B2_029,False,False,False,True,False
A023,B2_030,False,False,False,True,False
A024,A025,False,False,True,True,False
A024,A026,False,False,False,True,False
A024,A027,False,False,False,True,False
A024,A028,False,False,False,True,False
A024,A029,False,False,False,True,False
A024,A030,False,False,False,True,False
A024,B001,False,False,False,True,False
A024,B002,False,False,False,True,False
A024,B003,False,False,False,True,False
A024,B004,False,False,False,True,False
A024,B005,False,False,False,True,False
A024,B006,False,False,False,True,False
A024,B007,False,False,False,True,False
A024,B008,False,False,False,True,False
A024,B009,False,False,False,True,False
A024,B010,False,False,False,True,False
A024,B011,False,False,False,True,False
A024,B012,False,False,False,True,False
A024,B013,False,False,False,True,False
A024,B014,False,False,False,True,False
A024,B015,False,False,False,True,False
A024,B016,False,False,False,True,False
A024,B017,False,False,False,True,False
A024,B018,False,False,False,True,False
A024,B019,False,False,False,True,False
A024,B020,False,False,False,True,False
A024,B021,False,False,False,True,False
A024,B022,False,False,False,True,False
A024,B023,False,False,False,True,False
A024,B024,False,False,False,True,False
A024,B025,False,False,False,True,False
A024,B026,False,False,False,True,False
A024,B027,False,False,False,True,False
A024,B028,False,False,False,True,False
A024,B029,False,False,False,True,False
A024,B030,False,False,False,True,False
A024,B2_001,False,False,False,True,False
A024,B2_002,False,False,False,True,False
A024,B2_003,False,False,False,True,False
A024,B2_004,False,False,False,True,False
A024,B2_005,False,False,False,True,False
A024,B2_006,False,False,False,True,False
A024,B2_007,False,False,False,True,False
A024,B2_008,False,False,False,True,False
A024,B2_009,False,False,False,True,False
A024,B2_010,False,False,False,True,False
A024,B2_011,False,False,False,True,False
A024,B2_012,False,False,False,True,False
A024,B2_013,False,False,False,True,False
A024,B2_014,False,False,False,True,False
A024,B2_015,False,False,False,True,False
A024,B2_016,False,False,False,True,False
A024,B2_017,False,False,False,True,False
A024,B2_018,False,False,False,True,False
A024,B2_019,False,False,False,True,False
A024,B2_020,False,False,False,True,False
A024,B2_021,False,False,False,True,False
A024,B2_022,False,False,False,True,False
A024,B2_023,False,False,False,True,False
A024,B2_024,False,False,False,True,False
A024,B2_025,False,False,False,True,False
A024,B2_026,False,False,False,True,False
A024,B2_027,False,False,False,True,False
A024,B2_028,False,False,False,True,False
A024,B2_029,False,False,False,True,False
A024,B2_030,False,False,False,True,False
A025,A026,False,False,False,True,False
A025,A027,False,False,False,True,False
A025,A028,False,False,False,True,False
A025,A029,False,False,False,True,False
A025,A030,False,False,False,True,False
A025,B001,False,False,False,True,False
A025,B002,False,False,False,True,False
A025,B003,False,False,False,True,False
A025,B004,False,False,False,True,False
A025,B005,False,False,False,True,False
A025,B006,False,False,False,True,False
A025,B007,False,False,False,True,False
A025,B008,False,False,False,True,False
A025,B009,False,False,False,True,False
A025,B010,False,False,False,True,False
A025,B011,False,False,False,True,False
A025,B012,False,False,False,True,False
A025,B013,False,False,False,True,False
A025,B014,False,False,False,True,False
A025,B015,False,False,False,True,False
A025,B016,False,False,False,True,False
A025,B017,False,False,False,True,False
A025,B018,False,False,False,True,False
A025,B019,False,False,False,True,False
A025,B020,False,False,False,True,False
A025,B021,False,False,False,True,False
A025,B022,False,False,False,True,False
A025,B023,False,False,False,True,False
A025,B024,False,False,False,True,False
A025,B025,False,False,False,True,False
A025,B026,False,False,False,True,False
A025,B027,False,False,False,True,False
A025,B028,False,False,False,True,False
A025,B029,False,False,False,True,False
A025,B030,False,False,False,True,False
A025,B2_001,False,False,False,True,False
A025,B2_002,False,False,False,True,False
A025,B2_003,False,False,False,True,False
A025,B2_004,False,False,False,True,False
A025,B2_005,False,False,False,True,False
A025,B2_006,False,False,False,True,False
A025,B2_007,False,False,False,True,False
A025,B2_008,False,False,False,True,False
A025,B2_009,False,False,False,True,False
A025,B2_010,False,False,False,True,False
A025,B2_011,False,False,False,True,False
A025,B2_012,False,False,False,True,False
A025,B2_013,False,False,False,True,False
A025,B2_014,False,False,False,True,False
A025,B2_015,False,False,False,True,False
A025,B2_016,False,False,False,True,False
A025,B2_017,False,False,False,True,False
A025,B2_018,False,False,False,True,False
A025,B2_019,False,False,False,True,False
A025,B2_020,False,False,False,True,False
A025,B2_021,False,False,False,True,False
A025,B2_022,False,False,False,True,False
A025,B2_023,False,False,False,True,False
A025,B2_024,False,False,False,True,False
A025,B2_025,False,False,False,True,False
A025,B2_026,False,False,False,True,False
A025,B2_027,False,False,False,True,False
A025,B2_028,False,False,False,True,False
A025,B2_029,False,False,False,True,False
A025,B2_030,False,False,False,True,False
A026,A027,False,False,True,True,False
A026,A028,False,False,False,True,False
A026,A029,False,False,False,True,False
A026,A030,False,False,False,True,False
A026,B001,False,False,False,True,False
A026,B002,False,False,False,True,False
A026,B003,False,False,False,True,False
A026,B004,False,False,False,True,False
A026,B005,False,False,False,True,False
A026,B006,False,False,False,True,False
A026,B007,False,False,False,True,False
A026,B008,False,False,False,True,False
A026,B009,False,False,False,True,False
A026,B010,False,False,False,True,False
A026,B011,False,False,False,True,False
A026,B012,False,False,False,True,False
A026,B013,False,False,False,True,False
A026,B014,False,False,False,True,False
A026,B015,False,False,False,True,False
A026,B016,False,False,False,True,False
A026,B017,False,False,False,True,False
A026,B018,False,False,False,True,False
A026,B019,False,False,False,True,False
A026,B020,False,False,False,True,False
A026,B021,False,False,False,True,False
A026,B022,False,False,False,True,False
A026,B023,False,False,False,True,False
A026,B024,False,False,False,True,False
A026,B025,False,False,False,True,False
A026,B026,False,False,False,True,False
A026,B027,False,False,False,True,False
A026,B028,False,False,False,True,False
A026,B029,False,False,False,True,False
A026,B030,False,False,False,True,False
A026,B2_001,False,False,False,True,False
A026,B2_002,False,False,False,True,False
A026,B2_003,False,False,False,True,False
A026,B2_004,False,False,False,True,False
A026,B2_005,False,False,False,True,False
A026,B2_006,False,False,False,True,False
A026,B2_007,False,False,False,True,False
A026,B2_008,False,False,False,True,False
A026,B2_009,False,False,False,True,False
A026,B2_010,False,False,False,True,False
A026,B2_011,False,False,False,True,False
A026,B2_012,False,False,False,True,False
A026,B2_013,False,False,False,True,False
A026,B2_014,False,False,False,True,False
A026,B2_015,False,False,False,True,False
A026,B2_016,False,False,False,True,False
A026,B2_017,False,False,False,True,False
A026,B2_018,False,False,False,True,False
A026,B2_019,False,False,False,True,False
A026,B2_020,False,False,False,True,False
A026,B2_021,False,False,False,True,False
A026,B2_022,False,False,False,True,False
A026,B2_023,False,False,False,True,False
A026,B2_024,False,False,False,True,False
A026,B2_025,False,False,False,True,False
A026,B2_026,False,False,False,True,False
A026,B2_027,False,False,False,True,False
A026,B2_028,False,False,False,True,False
A026,B2_029,False,False,False,True,False
A026,B2_030,False,False,False,True,False
A027,A028,False,False,False,True,False
A027,A029,False,False,False,True,False
A027,A030,False,False,False,True,False
A027,B001,False,False,False,True,False
A027,B002,False,False,False,True,False
A027,B003,False,False,False,True,False
A027,B004,False,False,False,True,False
A027,B005,False,False,False,True,False
A027,B006,False,False,False,True,False
A027,B007,False,False,False,True,False
A027,B008,False,False,False,True,False
A027,B009,False,False,False,True,False
A027,B010,False,False,False,True,False
A027,B011,False,False,False,True,False
A027,B012,False,False,False,True,False
A027,B013,False,False,False,True,False
A027,B014,False,False,False,True,False
A027,B015,False,False,False,True,False
A027,B016,False,False,False,True,False
A027,B017,False,False,False,True,False
A027,B018,False,False,False,True,False
A027,B019,False,False,False,True,False
A027,B020,False,False,False,True,False
A027,B021,False,False,False,True,False
A027,B022,False,False,False,True,False
A027,B023,False,False,False,True,False
A027,B024,False,False,False,True,False
A027,B025,False,False,False,True,False
A027,B026,False,False,False,True,False
A027,B027,False,False,False,True,False
A027,B028,False,False,False,True,False
A027,B029,False,False,False,True,False
A027,B030,False,False,False,True,False
A027,B2_001,False,False,False,True,False
A027,B2_002,False,False,False,True,False
A027,B2_003,False,False,False,True,False
A027,B2_004,False,False,False,True,False
A027,B2_005,False,False,False,True,False
A027,B2_006,False,False,False,True,False
A027,B2_007,False,False,False,True,False
A027,B2_008,False,False,False,True,False
A027,B2_009,False,False,False,True,False
A027,B2_010,False,False,False,True,False
A027,B2_011,False,False,False,True,False
A027,B2_012,False,False,False,True,False
A027,B2_013,False,False,False,True,False
A027,B2_014,False,False,False,True,False
A027,B2_015,False,False,False,True,False
A027,B2_016,False,False,False,True,False
A027,B2_017,False,False,False,True,False
A027,B2_018,False,False,False,True,False
A027,B2_019,False,False,False,True,False
A027,B2_020,False,False,False,True,False
A027,B2_021,False,False,False,True,False
A027,B2_022,False,False,False,True,False
A027,B2_023,False,False,False,True,False
A027,B2_024,False,False,False,True,False
A027,B2_025,False,False,False,True,False
A027,B2_026,False,False,False,True,False
A027,B2_027,False,False,False,True,False
A027,B2_028,False,False,False,True,False
A027,B2_029,False,False,False,True,False
A027,B2_030,False,False,False,True,False
A028,A029,False,False,True,True,False
A028,A030,False,False,False,True,False
A028,B001,False,False,False,True,False
A028,B002,False,False,False,True,False
A028,B003,False,False,False,True,False
A028,B004,False,False,False,True,False
A028,B005,False,False,False,True,False
A028,B006,False,False,False,True,False
A028,B007,False,False,False,True,False
A028,B008,False,False,False,True,False
A028,B009,False,False,False,True,False
A028,B010,False,False,False,True,False
A028,B011,False,False,False,True,False
A028,B012,False,False,False,True,False
A028,B013,False,False,False,True,False
A028,B014,False,False,False,True,False
A028,B015,False,False,False,True,False
A028,B016,False,False,False,True,False
A028,B017,False,False,False,True,False
A028,B018,False,False,False,True,False
A028,B019,False,False,False,True,False
A028,B020,False,False,False,True,False
A028,B021,False,False,False,True,False
A028,B022,False,False,False,True,False
A028,B023,False,False,False,True,False
A028,B024,False,False,False,True,False
A028,B025,False,False,False,True,False
A028,B026,False,False,False,True,False
A028,B027,False,False,False,True,False
A028,B028,False,False,False,True,False
A028,B029,False,False,False,True,False
A028,B030,False,False,False,True,False
A028,B2_001,False,False,False,True,False
A028,B2_002,False,False,False,True,False
A028,B2_003,False,False,False,True,False
A028,B2_004,False,False,False,True,False
A028,B2_005,False,False,False,True,False
A028,B2_006,False,False,False,True,False
A028,B2_007,False,False,False,True,False
A028,B2_008,False,False,False,True,False
A028,B2_009,False,False,False,True,False
A028,B2_010,False,False,False,True,False
A028,B2_011,False,False,False,True,False
A028,B2_012,False,False,False,True,False
A028,B2_013,False,False,False,True,False
A028,B2_014,False,False,False,True,False
A028,B2_015,False,False,False,True,False
A028,B2_016,False,False,False,True,False
A028,B2_017,False,False,False,True,False
A028,B2_018,False,False,False,True,False
A028,B2_019,False,False,False,True,False
A028,B2_020,False,False,False,True,False
A028,B2_021,False,False,False,True,False
A028,B2_022,False,False,False,True,False
A028,B2_023,False,False,False,True,False
A028,B2_024,False,False,False,True,False
A028,B2_025,False,False,False,True,False
A028,B2_026,False,False,False,True,False
A028,B2_027,False,False,False,True,False
A028,B2_028,False,False,False,True,False
A028,B2_029,False,False,False,True,False
A028,B2_030,False,False,False,True,False
A029,A030,False,False,False,True,False
A029,B001,False,False,False,True,False
A029,B002,False,False,False,True,False
A029,B003,False,False,False,True,False
A029,B004,False,False,False,True,False
A029,B005,False,False,False,True,False
A029,B006,False,False,False,True,False
A029,B007,False,False,False,True,False
A029,B008,False,False,False,True,False
A029,B009,False,False,False,True,False
A029,B010,False,False,False,True,False
A029,B011,False,False,False,True,False
A029,B012,False,False,False,True,False
A029,B013,False,False,False,True,False
A029,B014,False,False,False,True,False
A029,B015,False,False,False,True,False
A029,B016,False,False,False,True,False
A029,B017,False,False,False,True,False
A029,B018,False,False,False,True,False
A029,B019,False,False,False,True,False
A029,B020,False,False,False,True,False
A029,B021,False,False,False,True,False
A029,B022,False,False,False,True,False
A029,B023,False,False,False,True,False
A029,B024,False,False,False,True,False
A029,B025,False,False,False,True,False
A029,B026,False,False,False,True,False
A029,B027,False,False,False,True,False
A029,B028,False,False,False,True,False
A029,B029,False,False,False,True,False
A029,B030,False,False,False,True,False
A029,B2_001,False,False,False,True,False
A029,B2_002,False,False,False,True,False
A029,B2_003,False,False,False,True,False
A029,B2_004,False,False,False,True,False
A029,B2_005,False,False,False,True,False
A029,B2_006,False,False,False,True,False
A029,B2_007,False,False,False,True,False
A029,B2_008,False,False,False,True,False
A029,B2_009,False,False,False,True,False
A029,B2_010,False,False,False,True,False
A029,B2_011,False,False,False,True,False
A029,B2_012,False,False,False,True,False
A029,B2_013,False,False,False,True,False
A029,B2_014,False,False,False,True,False
A029,B2_015,False,False,False,True,False
A029,B2_016,False,False,False,True,False
A029,B2_017,False,False,False,True,False
A029,B2_018,False,False,False,True,False
A029,B2_019,False,False,False,True,False
A029,B2_020,False,False,False,True,False
A029,B2_021,False,False,False,True,False
A029,B2_022,False,False,False,True,False
A029,B2_023,False,False,False,True,False
A029,B2_024,False,False,False,True,False
A029,B2_025,False,False,False,True,False
A029,B2_026,False,False,False,True,False
A029,B2_027,False,False,False,True,False
A029,B2_028,False,False,False,True,False
A029,B2_029,False,False,False,True,False
A029,B2_030,False,False,False,True,False
A030,B001,False,False,False,True,False
A030,B002,False,False,False,True,False
A030,B003,False,False,False,True,False
A030,B004,False,False,False,True,False
A030,B005,False,False,False,True,False
A030,B006,False,False,False,True,False
A030,B007,False,False,False,True,False
A030,B008,False,False,False,True,False
A030,B009,False,False,False,True,False
A030,B010,False,False,False,True,False
A030,B011,False,False,False,True,False
A030,B012,False,False,False,True,False
A030,B013,False,False,False,True,False
A030,B014,False,False,False,True,False
A030,B015,False,False,False,True,False
A030,B016,False,False,False,True,False
A030,B017,False,False,False,True,False
A030,B018,False,False,False,True,False
A030,B019,False,False,False,True,False
A030,B020,False,False,False,True,False
A030,B021,False,False,False,True,False
A030,B022,False,False,False,True,False
A030,B023,False,False,False,True,False
A030,B024,False,False,False,True,False
A030,B025,False,False,False,True,False
A030,B026,False,False,False,True,False
A030,B027,False,False,False,True,False
A030,B028,False,False,False,True,False
A030,B029,False,False,False,True,False
A030,B030,False,False,False,True,False
A030,B2_001,False,False,False,True,False
A030,B2_002,False,False,False,True,False
A030,B2_003,False,False,False,True,False
A030,B2_004,False,False,False,True,False
A030,B2_005,False,False,False,True,False
A030,B2_006,False,False,False,True,False
A030,B2_007,False,False,False,True,False
A030,B2_008,False,False,False,True,False
A030,B2_009,False,False,False,True,False
A030,B2_010,False,False,False,True,False
A030,B2_011,False,False,False,True,False
A030,B2_012,False,False,False,True,False
A030,B2_013,False,False,False,True,False
A030,B2_014,False,False,False,True,False
A030,B2_015,False,False,False,True,False
A030,B2_016,False,False,False,True,False
A030,B2_017,False,False,False,True,False
A030,B2_018,False,False,False,True,False
A030,B2_019,False,False,False,True,False
A030,B2_020,False,False,False,True,False
A030,B2_021,False,False,False,True,False
A030,B2_022,False,False,False,True,False
A030,B2_023,False,False,False,True,False
A030,B2_024,False,False,False,True,False
A030,B2_025,False,False,False,True,False
A030,B2_026,False,False,False,True,False
A030,B2_027,False,False,False,True,False
A030,B2_028,False,False,False,True,False
A030,B2_029,False,False,False,True,False
A030,B2_030,False,False,False,True,False
B001,B002,False,True,True,False,True
B001,B003,False,True,True,False,True
B001,B004,False,True,True,False,True
B001,B005,False,True,True,False,True
B001,B006,False,True,True,False,True
B001,B007,False,True,True,False,True
B001,B008,False,True,True,False,True
B001,B009,False,True,True,False,True
B001,B010,False,True,True,False,True
B001,B011,False,True,True,False,True
B001,B012,False,True,True,False,True
B001,B013,False,True,True,False,True
B001,B014,False,True,True,False,True
B001,B015,False,True,True,False,True
B001,B016,False,True,True,False,True
B001,B017,False,True,True,False,True
B001,B018,False,True,True,False,True
B001,B019,False,True,True,False,True
B001,B020,False,True,True,False,True
B001,B021,False,True,True,False,True
B001,B022,False,True,True,False,True
B001,B023,False,True,True,False,True
B001,B024,False,True,True,False,True
B001,B025,False,True,True,False,True
B001,B026,False,True,True,False,True
B001,B027,False,True,True,False,True
B001,B028,False,True,True,False,True
B001,B029,False,True,True,False,True
B001,B030,False,True,True,False,True
B001,B2_001,False,False,True,True,False
B001,B2_002,False,False,True,True,False
B001,B2_003,False,False,True,True,False
B001,B2_004,False,False,True,True,False
B001,B2_005,False,False,True,True,False
B001,B2_006,False,False,True,True,False
B001,B2_007,False,False,True,True,False
B001,B2_008,False,False,True,True,False
B001,B2_009,False,False,True,True,False
B001,B2_010,False,False,True,True,False
B001,B2_011,False,False,True,True,False
B001,B2_012,False,False,True,True,False
B001,B2_013,False,False,True,True,False
B001,B2_014,False,False,True,True,False
B001,B2_015,False,False,True,True,False
B001,B2_016,False,False,True,True,False
B001,B2_017,False,False,True,True,False
B001,B2_018,False,False,True,True,False
B001,B2_019,False,False,True,True,False
B001,B2_020,False,False,True,True,False
B001,B2_021,False,False,True,True,False
B001,B2_022,False,False,True,True,False
B001,B2_023,False,False,True,True,False
B001,B2_024,False,False,True,True,False
B001,B2_025,False,False,True,True,False
B001,B2_026,False,False,True,True,False
B001,B2_027,False,False,True,True,False
B001,B2_028,False,False,True,True,False
B001,B2_029,False,False,True,True,False
B001,B2_030,False,False,True,True,False
B002,B003,False,True,True,False,True
B002,B004,False,True,True,False,True
B002,B005,False,True,True,False,True
B002,B006,False,True,True,False,True
B002,B007,False,True,True,False,True
B002,B008,False,True,True,False,True
B002,B009,False,True,True,False,True
B002,B010,False,True,True,False,True
B002,B011,False,True,True,False,True
B002,B012,False,True,True,False,True
B002,B013,False,True,True,False,True
B002,B014,False,True,True,False,True
B002,B015,False,True,True,False,True
B002,B016,False,True,True,False,True
B002,B017,False,True,True,False,True
B002,B018,False,True,True,False,True
B002,B019,False,True,True,False,True
B002,B020,False,True,True,False,True
B002,B021,False,True,True,False,True
B002,B022,False,True,True,False,True
B002,B023,False,True,True,False,True
B002,B024,False,True,True,False,True
B002,B025,False,True,True,False,True
B002,B026,False,True,True,False,True
B002,B027,False,True,True,False,True
B002,B028,False,True,True,False,True
B002,B029,False,True,True,False,True
B002,B030,False,True,True,False,True
B002,B2_001,False,False,True,True,False
B002,B2_002,False,False,True,True,False
B002,B2_003,False,False,True,True,False
B002,B2_004,False,False,True,True,False
B002,B2_005,False,False,True,True,False
B002,B2_006,False,False,True,True,False
B002,B2_007,False,False,True,True,False
B002,B2_008,False,False,True,True,False
B002,B2_009,False,False,True,True,False
B002,B2_010,False,False,True,True,False
B002,B2_011,False,False,True,True,False
B002,B2_012,False,False,True,True,False
B002,B2_013,False,False,True,True,False
B002,B2_014,False,False,True,True,False
B002,B2_015,False,False,True,True,False
B002,B2_016,False,False,True,True,False
B002,B2_017,False,False,True,True,False
B002,B2_018,False,False,True,True,False
B002,B2_019,False,False,True,True,False
B002,B2_020,False,False,True,True,False
B002,B2_021,False,False,True,True,False
B002,B2_022,False,False,True,True,False
B002,B2_023,False,False,True,True,False
B002,B2_024,False,False,True,True,False
B002,B2_025,False,False,True,True,False
B002,B2_026,False,False,True,True,False
B002,B2_027,False,False,True,True,False
B002,B2_028,False,False,True,True,False
B002,B2_029,False,False,True,True,False
B002,B2_030,False,False,True,True,False
B003,B004,False,True,True,False,True
B003,B005,False,True,True,False,True
B003,B006,False,True,True,False,True
B003,B007,False,True,True,False,True
B003,B008,False,True,True,False,True
B003,B009,False,True,True,False,True
B003,B010,False,True,True,False,True
B003,B011,False,True,True,False,True
B003,B012,False,True,True,False,True
B003,B013,False,True,True,False,True
B003,B014,False,True,True,False,True
B003,B015,False,True,True,False,True
B003,B016,False,True,True,False,True
B003,B017,False,True,True,False,True
B003,B018,False,True,True,False,True
B003,B019,False,True,True,False,True
B003,B020,False,True,True,False,True
B003,B021,False,True,True,False,True
B003,B022,False,True,True,False,True
B003,B023,False,True,True,False,True
B003,B024,False,True,True,False,True
B003,B025,False,True,True,False,True
B003,B026,False,True,True,False,True
B003,B027,False,True,True,False,True
B003,B028,False,True,True,False,True
B003,B029,False,True,True,False,True
B003,B030,False,True,True,False,True
B003,B2_001,False,False,True,True,False
B003,B2_002,False,False,True,True,False
B003,B2_003,False,False,True,True,False
B003,B2_004,False,False,True,True,False
B003,B2_005,False,False,True,True,False
B003,B2_006,False,False,True,True,False
B003,B2_007,False,False,True,True,False
B003,B2_008,False,False,True,True,False
B003,B2_009,False,False,True,True,False
B003,B2_010,False,False,True,True,False
B003,B2_011,False,False,True,True,False
B003,B2_012,False,False,True,True,False
B003,B2_013,False,False,True,True,False
B003,B2_014,False,False,True,True,False
B003,B2_015,False,False,True,True,False
B003,B2_016,False,False,True,True,False
B003,B2_017,False,False,True,True,False
B003,B2_018,False,False,True,True,False
B003,B2_019,False,False,True,True,False
B003,B2_020,False,False,True,True,False
B003,B2_021,False,False,True,True,False
B003,B2_022,False,False,True,True,False
B003,B2_023,False,False,True,True,False
B003,B2_024,False,False,True,True,False
B003,B2_025,False,False,True,True,False
B003,B2_026,False,False,True,True,False
B003,B2_027,False,False,True,True,False
B003,B2_028,False,False,True,True,False
B003,B2_029,False,False,True,True,False
B003,B2_030,False,False,True,True,False
B004,B005,False,True,True,False,True
B004,B006,False,True,True,False,True
B004,B007,False,True,True,False,True
B004,B008,False,True,True,False,True
B004,B009,False,True,True,False,True
B004,B010,False,True,True,False,True
B004,B011,False,True,True,False,True
B004,B012,False,True,True,False,True
B004,B013,False,True,True,False,True
B004,B014,False,True,True,False,True
B004,B015,False,True,True,False,True
B004,B016,False,True,True,False,True
B004,B017,False,True,True,False,True
B004,B018,False,True,True,False,True
B004,B019,False,True,True,False,True
B004,B020,False,True,True,False,True
B004,B021,False,True,True,False,True
B004,B022,False,True,True,False,True
B004,B023,False,True,True,False,True
B004,B024,False,True,True,False,True
B004,B025,False,True,True,False,True
B004,B026,False,True,True,False,True
B004,B027,False,True,True,False,True
B004,B028,False,True,True,False,True
B004,B029,False,True,True,False,True
B004,B030,False,True,True,False,True
B004,B2_001,False,False,True,True,False
B004,B2_002,False,False,True,True,False
B004,B2_003,False,False,True,True,False
B004,B2_004,False,False,True,True,False
B004,B2_005,False,False,True,True,False
B004,B2_006,False,False,True,True,False
B004,B2_007,False,False,True,True,False
B004,B2_008,False,False,True,True,False
B004,B2_009,False,False,True,True,False
B004,B2_010,False,False,True,True,False
B004,B2_011,False,False,True,True,False
B004,B2_012,False,False,True,True,False
B004,B2_013,False,False,True,True,False
B004,B2_014,False,False,True,True,False
B004,B2_015,False,False,True,True,False
B004,B2_016,False,False,True,True,False
B004,B2_017,False,False,True,True,False
B004,B2_018,False,False,True,True,False
B004,B2_019,False,False,True,True,False
B004,B2_020,False,False,True,True,False
B004,B2_021,False,False,True,True,False
B004,B2_022,False,False,True,True,False
B004,B2_023,False,False,True,True,False
B004,B2_024,False,False,True,True,False
B004,B2_025,False,False,True,True,False
B004,B2_026,False,False,True,True,False
B004,B2_027,False,False,True,True,False
B004,B2_028,False,False,True,True,False
B004,B2_029,False,False,True,True,False
B004,B2_030,False,False,True,True,False
B005,B006,False,True,True,False,True
B005,B007,False,True,True,False,True
B005,B008,False,True,True,False,True
B005,B009,False,True,True,False,True
B005,B010,False,True,True,False,True
B005,B011,False,True,True,False,True
B005,B012,False,True,True,False,True
B005,B013,False,True,True,False,True
B005,B014,False,True,True,False,True
B005,B015,False,True,True,False,True
B005,B016,False,True,True,False,True
B005,B017,False,True,True,False,True
B005,B018,False,True,True,False,True
B005,B019,False,True,True,False,True
B005,B020,False,True,True,False,True
B005,B021,False,True,True,False,True
B005,B022,False,True,True,False,True
B005,B023,False,True,True,False,True
B005,B024,False,True,True,False,True
B005,B025,False,True,True,False,True
B005,B026,False,True,True,False,True
B005,B027,False,True,True,False,True
B005,B028,False,True,True,False,True
B005,B029,False,True,True,False,True
B005,B030,False,True,True,False,True
B005,B2_001,False,False,True,True,False
B005,B2_002,False,False,True,True,False
B005,B2_003,False,False,True,True,False
B005,B2_004,False,False,True,True,False
B005,B2_005,False,False,True,True,False
B005,B2_006,False,False,True,True,False
B005,B2_007,False,False,True,True,False
B005,B2_008,False,False,True,True,False
B005,B2_009,False,False,True,True,False
B005,B2_010,False,False,True,True,False
B005,B2_011,False,False,True,True,False
B005,B2_012,False,False,True,True,False
B005,B2_013,False,False,True,True,False
B005,B2_014,False,False,True,True,False
B005,B2_015,False,False,True,True,False
B005,B2_016,False,False,True,True,False
B005,B2_017,False,False,True,True,False
B005,B2_018,False,False,True,True,False
B005,B2_019,False,False,True,True,False
B005,B2_020,False,False,True,True,False
B005,B2_021,False,False,True,True,False
B005,B2_022,False,False,True,True,False
B005,B2_023,False,False,True,True,False
B005,B2_024,False,False,True,True,False
B005,B2_025,False,False,True,True,False
B005,B2_026,False,False,True,True,False
B005,B2_027,False,False,True,True,False
B005,B2_028,False,False,True,True,False
B005,B2_029,False,False,True,True,False
B005,B2_030,False,False,True,True,False
B006,B007,False,True,True,False,True
B006,B008,False,True,True,False,True
B006,B009,False,True,True,False,True
B006,B010,False,True,True,False,True
B006,B011,False,True,True,False,True
B006,B012,False,True,True,False,True
B006,B013,False,True,True,False,True
B006,B014,False,True,True,False,True
B006,B015,False,True,True,False,True
B006,B016,False,True,True,False,True
B006,B017,False,True,True,False,True
B006,B018,False,True,True,False,True
B006,B019,False,True,True,False,True
B006,B020,False,True,True,False,True
B006,B021,False,True,True,False,True
B006,B022,False,True,True,False,True
B006,B023,False,True,True,False,True
B006,B024,False,True,True,False,True
B006,B025,False,True,True,False,True
B006,B026,False,True,True,False,True
B006,B027,False,True,True,False,True
B006,B028,False,True,True,False,True
B006,B029,False,True,True,False,True
B006,B030,False,True,True,False,True
B006,B2_001,False,False,True,True,False
B006,B2_002,False,False,True,True,False
B006,B2_003,False,False,True,True,False
B006,B2_004,False,False,True,True,False
B006,B2_005,False,False,True,True,False
B006,B2_006,False,False,True,True,False
B006,B2_007,False,False,True,True,False
B006,B2_008,False,False,True,True,False
B006,B2_009,False,False,True,True,False
B006,B2_010,False,False,True,True,False
B006,B2_011,False,False,True,True,False
B006,B2_012,False,False,True,True,False
B006,B2_013,False,False,True,True,False
B006,B2_014,False,False,True,True,False
B006,B2_015,False,False,True,True,False
B006,B2_016,False,False,True,True,False
B006,B2_017,False,False,True,True,False
B006,B2_018,False,False,True,True,False
B006,B2_019,False,False,True,True,False
B006,B2_020,False,False,True,True,False
B006,B2_021,False,False,True,True,False
B006,B2_022,False,False,True,True,False
B006,B2_023,False,False,True,True,False
B006,B2_024,False,False,True,True,False
B006,B2_025,False,False,True,True,False
B006,B2_026,False,False,True,True,False
B006,B2_027,False,False,True,True,False
B006,B2_028,False,False,True,True,False
B006,B2_029,False,False,True,True,False
B006,B2_030,False,False,True,True,False
B007,B008,False,True,True,False,True
B007,B009,False,True,True,False,True
B007,B010,False,True,True,False,True
B007,B011,False,True,True,False,True
B007,B012,False,True,True,False,True
B007,B013,False,True,True,False,True
B007,B014,False,True,True,False,True
B007,B015,False,True,True,False,True
B007,B016,False,True,True,False,True
B007,B017,False,True,True,False,True
B007,B018,False,True,True,False,True
B007,B019,False,True,True,False,True
B007,B020,False,True,True,False,True
B007,B021,False,True,True,False,True
B007,B022,False,True,True,False,True
B007,B023,False,True,True,False,True
B007,B024,False,True,True,False,True
B007,B025,False,True,True,False,True
B007,B026,False,True,True,False,True
B007,B027,False,True,True,False,True
B007,B028,False,True,True,False,True
B007,B029,False,True,True,False,True
B007,B030,False,True,True,False,True
B007,B2_001,False,False,True,True,False
B007,B2_002,False,False,True,True,False
B007,B2_003,False,False,True,True,False
B007,B2_004,False,False,True,True,False
B007,B2_005,False,False,True,True,False
B007,B2_006,False,False,True,True,False
B007,B2_007,False,False,True,True,False
B007,B2_008,False,False,True,True,False
B007,B2_009,False,False,True,True,False
B007,B2_010,False,False,True,True,False
B007,B2_011,False,False,True,True,False
B007,B2_012,False,False,True,True,False
B007,B2_013,False,False,True,True,False
B007,B2_014,False,False,True,True,False
B007,B2_015,False,False,True,True,False
B007,B2_016,False,False,True,True,False
B007,B2_017,False,False,True,True,False
B007,B2_018,False,False,True,True,False
B007,B2_019,False,False,True,True,False
B007,B2_020,False,False,True,True,False
B007,B2_021,False,False,True,True,False
B007,B2_022,False,False,True,True,False
B007,B2_023,False,False,True,True,False
B007,B2_024,False,False,True,True,False
B007,B2_025,False,False,True,True,False
B007,B2_026,False,False,True,True,False
B007,B2_027,False,False,True,True,False
B007,B2_028,False,False,True,True,False
B007,B2_029,False,False,True,True,False
B007,B2_030,False,False,True,True,False
B008,B009,False,True,True,False,True
B008,B010,False,True,True,False,True
B008,B011,False,True,True,False,True
B008,B012,False,True,True,False,True
B008,B013,False,True,True,False,True
B008,B014,False,True,True,False,True
B008,B015,False,True,True,False,True
B008,B016,False,True,True,False,True
B008,B017,False,True,True,False,True
B008,B018,False,True,True,False,True
B008,B019,False,True,True,False,True
B008,B020,False,True,True,False,True
B008,B021,False,True,True,False,True
B008,B022,False,True,True,False,True
B008,B023,False,True,True,False,True
B008,B024,False,True,True,False,True
B008,B025,False,True,True,False,True
B008,B026,False,True,True,False,True
B008,B027,False,True,True,False,True
B008,B028,False,True,True,False,True
B008,B029,False,True,True,False,True
B008,B030,False,True,True,False,True
B008,B2_001,False,False,True,True,False
B008,B2_002,False,False,True,True,False
B008,B2_003,False,False,True,True,False
B008,B2_004,False,False,True,True,False
B008,B2_005,False,False,True,True,False
B008,B2_006,False,False,True,True,False
B008,B2_007,False,False,True,True,False
B008,B2_008,False,False,True,True,False
B008,B2_009,False,False,True,True,False
B008,B2_010,False,False,True,True,False
B008,B2_011,False,False,True,True,False
B008,B2_012,False,False,True,True,False
B008,B2_013,False,False,True,True,False
B008,B2_014,False,False,True,True,False
B008,B2_015,False,False,True,True,False
B008,B2_016,False,False,True,True,False
B008,B2_017,False,False,True,True,False
B008,B2_018,False,False,True,True,False
B008,B2_019,False,False,True,True,False
B008,B2_020,False,False,True,True,False
B008,B2_021,False,False,True,True,False
B008,B2_022,False,False,True,True,False
B008,B2_023,False,False,True,True,False
B008,B2_024,False,False,True,True,False
B008,B2_025,False,False,True,True,False
B008,B2_026,False,False,True,True,False
B008,B2_027,False,False,True,True,False
B008,B2_028,False,False,True,True,False
B008,B2_029,False,False,True,True,False
B008,B2_030,False,False,True,True,False
B009,B010,False,True,True,False,True
B009,B011,False,True,True,False,True
B009,B012,False,True,True,False,True
B009,B013,False,True,True,False,True
B009,B014,False,True,True,False,True
B009,B015,False,True,True,False,True
B009,B016,False,True,True,False,True
B009,B017,False,True,True,False,True
B009,B018,False,True,True,False,True
B009,B019,False,True,True,False,True
B009,B020,False,True,True,False,True
B009,B021,False,True,True,False,True
B009,B022,False,True,True,False,True
B009,B023,False,True,True,False,True
B009,B024,False,True,True,False,True
B009,B025,False,True,True,False,True
B009,B026,False,True,True,False,True
B009,B027,False,True,True,False,True
B009,B028,False,True,True,False,True
B009,B029,False,True,True,False,True
B009,B030,False,True,True,False,True
B009,B2_001,False,False,True,True,False
B009,B2_002,False,False,True,True,False
B009,B2_003,False,False,True,True,False
B009,B2_004,False,False,True,True,False
B009,B2_005,False,False,True,True,False
B009,B2_006,False,False,True,True,False
B009,B2_007,False,False,True,True,False
B009,B2_008,False,False,True,True,False
B009,B2_009,False,False,True,True,False
B009,B2_010,False,False,True,True,False
B009,B2_011,False,False,True,True,False
B009,B2_012,False,False,True,True,False
B009,B2_013,False,False,True,True,False
B009,B2_014,False,False,True,True,False
B009,B2_015,False,False,True,True,False
B009,B2_016,False,False,True,True,False
B009,B2_017,False,False,True,True,False
B009,B2_018,False,False,True,True,False
B009,B2_019,False,False,True,True,False
B009,B2_020,False,False,True,True,False
B009,B2_021,False,False,True,True,False
B009,B2_022,False,False,True,True,False
B009,B2_023,False,False,True,True,False
B009,B2_024,False,False,True,True,False
B009,B2_025,False,False,True,True,False
B009,B2_026,False,False,True,True,False
B009,B2_027,False,False,True,True,False
B009,B2_028,False,False,True,True,False
B009,B2_029,False,False,True,True,False
B009,B2_030,False,False,True,True,False
B010,B011,False,True,True,False,True
B010,B012,False,True,True,False,True
B010,B013,False,True,True,False,True
B010,B014,False,True,True,False,True
B010,B015,False,True,True,False,True
B010,B016,False,True,True,False,True
B010,B017,False,True,True,False,True
B010,B018,False,True,True,False,True
B010,B019,False,True,True,False,True
B010,B020,False,True,True,False,True
B010,B021,False,True,True,False,True
B010,B022,False,True,True,False,True
B010,B023,False,True,True,False,True
B010,B024,False,True,True,False,True
B010,B025,False,True,True,False,True
B010,B026,False,True,True,False,True
B010,B027,False,True,True,False,True
B010,B028,False,True,True,False,True
B010,B029,False,True,True,False,True
B010,B030,False,True,True,False,True
B010,B2_001,False,False,True,True,False
B010,B2_002,False,False,True,True,False
B010,B2_003,False,False,True,True,False
B010,B2_004,False,False,True,True,False
B010,B2_005,False,False,True,True,False
B010,B2_006,False,False,True,True,False
B010,B2_007,False,False,True,True,False
B010,B2_008,False,False,True,True,False
B010,B2_009,False,False,True,True,False
B010,B2_010,False,False,True,True,False
B010,B2_011,False,False,True,True,False
B010,B2_012,False,False,True,True,False
B010,B2_013,False,False,True,True,False
B010,B2_014,False,False,True,True,False
B010,B2_015,False,False,True,True,False
B010,B2_016,False,False,True,True,False
B010,B2_017,False,False,True,True,False
B010,B2_018,False,False,True,True,False
B010,B2_019,False,False,True,True,False
B010,B2_020,False,False,True,True,False
B010,B2_021,False,False,True,True,False
B010,B2_022,False,False,True,True,False
B010,B2_023,False,False,True,True,False
B010,B2_024,False,False,True,True,False
B010,B2_025,False,False,True,True,False
B010,B2_026,False,False,True,True,False
B010,B2_027,False,False,True,True,False
B010,B2_028,False,False,True,True,False
B010,B2_029,False,False,True,True,False
B010,B2_030,False,False,True,True,False
B011,B012,False,True,True,False,True
B011,B013,False,True,True,False,True
B011,B014,False,True,True,False,True
B011,B015,False,True,True,False,True
B011,B016,False,True,True,False,True
B011,B017,False,True,True,False,True
B011,B018,False,True,True,False,True
B011,B019,False,True,True,False,True
B011,B020,False,True,True,False,True
B011,B021,False,True,True,False,True
B011,B022,False,True,True,False,True
B011,B023,False,True,True,False,True
B011,B024,False,True,True,False,True
B011,B025,False,True,True,False,True
B011,B026,False,True,True,False,True
B011,B027,False,True,True,False,True
B011,B028,False,True,True,False,True
B011,B029,False,True,True,False,True
B011,B030,False,True,True,False,True
B011,B2_001,False,False,True,True,False
B011,B2_002,False,False,True,True,False
B011,B2_003,False,False,True,True,False
B011,B2_004,False,False,True,True,False
B011,B2_005,False,False,True,True,False
B011,B2_006,False,False,True,True,False
B011,B2_007,False,False,True,True,False
B011,B2_008,False,False,True,True,False
B011,B2_009,False,False,True,True,False
B011,B2_010,False,False,True,True,False
B011,B2_011,False,False,True,True,False
B011,B2_012,False,False,True,True,False
B011,B2_013,False,False,True,True,False
B011,B2_014,False,False,True,True,False
B011,B2_015,False,False,True,True,False
B011,B2_016,False,False,True,True,False
B011,B2_017,False,False,True,True,False
B011,B2_018,False,False,True,True,False
B011,B2_019,False,False,True,True,False
B011,B2_020,False,False,True,True,False
B011,B2_021,False,False,True,True,False
B011,B2_022,False,False,True,True,False
B011,B2_023,False,False,True,True,False
B011,B2_024,False,False,True,True,False
B011,B2_025,False,False,True,True,False
B011,B2_026,False,False,True,True,False
B011,B2_027,False,False,True,True,False
B011,B2_028,False,False,True,True,False
B011,B2_029,False,False,True,True,False
B011,B2_030,False,False,True,True,False
B012,B013,False,True,True,False,True
B012,B014,False,True,True,False,True
B012,B015,False,True,True,False,True
B012,B016,False,True,True,False,True
B012,B017,False,True,True,False,True
B012,B018,False,True,True,False,True
B012,B019,False,True,True,False,True
B012,B020,False,True,True,False,True
B012,B021,False,True,True,False,True
B012,B022,False,True,True,False,True
B012,B023,False,True,True,False,True
B012,B024,False,True,True,False,True
B012,B025,False,True,True,False,True
B012,B026,False,True,True,False,True
B012,B027,False,True,True,False,True
B012,B028,False,True,True,False,True
B012,B029,False,True,True,False,True
B012,B030,False,True,True,False,True
B012,B2_001,False,False,True,True,False
B012,B2_002,False,False,True,True,False
B012,B2_003,False,False,True,True,False
B012,B2_004,False,False,True,True,False
B012,B2_005,False,False,True,True,False
B012,B2_006,False,False,True,True,False
B012,B2_007,False,False,True,True,False
B012,B2_008,False,False,True,True,False
B012,B2_009,False,False,True,True,False
B012,B2_010,False,False,True,True,False
B012,B2_011,False,False,True,True,False
B012,B2_012,False,False,True,True,False
B012,B2_013,False,False,True,True,False
B012,B2_014,False,False,True,True,False
B012,B2_015,False,False,True,True,False
B012,B2_016,False,False,True,True,False
B012,B2_017,False,False,True,True,False
B012,B2_018,False,False,True,True,False
B012,B2_019,False,False,True,True,False
B012,B2_020,False,False,True,True,False
B012,B2_021,False,False,True,True,False
B012,B2_022,False,False,True,True,False
B012,B2_023,False,False,True,True,False
B012,B2_024,False,False,True,True,False
B012,B2_025,False,False,True,True,False
B012,B2_026,False,False,True,True,False
B012,B2_027,False,False,True,True,False
B012,B2_028,False,False,True,True,False
B012,B2_029,False,False,True,True,False
B012,B2_030,False,False,True,True,False
B013,B014,False,True,True,False,True
B013,B015,False,True,True,False,True
B013,B016,False,True,True,False,True
B013,B017,False,True,True,False,True
B013,B018,False,True,True,False,True
B013,B019,False,True,True,False,True
B013,B020,False,True,True,False,True
B013,B021,False,True,True,False,True
B013,B022,False,True,True,False,True
B013,B023,False,True,True,False,True
B013,B024,False,True,True,False,True
B013,B025,False,True,True,False,True
B013,B026,False,True,True,False,True
B013,B027,False,True,True,False,True
B013,B028,False,True,True,False,True
B013,B029,False,True,True,False,True
B013,B030,False,True,True,False,True
B013,B2_001,False,False,True,True,False
B013,B2_002,False,False,True,True,False
B013,B2_003,False,False,True,True,False
B013,B2_004,False,False,True,True,False
B013,B2_005,False,False,True,True,False
B013,B2_006,False,False,True,True,False
B013,B2_007,False,False,True,True,False
B013,B2_008,False,False,True,True,False
B013,B2_009,False,False,True,True,False
B013,B2_010,False,False,True,True,False
B013,B2_011,False,False,True,True,False
B013,B2_012,False,False,True,True,False
B013,B2_013,False,False,True,True,False
B013,B2_014,False,False,True,True,False
B013,B2_015,False,False,True,True,False
B013,B2_016,False,False,True,True,False
B013,B2_017,False,False,True,True,False
B013,B2_018,False,False,True,True,False
B013,B2_019,False,False,True,True,False
B013,B2_020,False,False,True,True,False
B013,B2_021,False,False,True,True,False
B013,B2_022,False,False,True,True,False
B013,B2_023,False,False,True,True,False
B013,B2_024,False,False,True,True,False
B013,B2_025,False,False,True,True,False
B013,B2_026,False,False,True,True,False
B013,B2_027,False,False,True,True,False
B013,B2_028,False,False,True,True,False
B013,B2_029,False,False,True,True,False
B013,B2_030,False,False,True,True,False
B014,B015,False,True,True,False,True
B014,B016,False,True,True,False,True
B014,B017,False,True,True,False,True
B014,B018,False,True,True,False,True
B014,B019,False,True,True,False,True
B014,B020,False,True,True,False,True
B014,B021,False,True,True,False,True
B014,B022,False,True,True,False,True
B014,B023,False,True,True,False,True
B014,B024,False,True,True,False,True
B014,B025,False,True,True,False,True
B014,B026,False,True,True,False,True
B014,B027,False,True,True,False,True
B014,B028,False,True,True,False,True
B014,B029,False,True,True,False,True
B014,B030,False,True,True,False,True
B014,B2_001,False,False,True,True,False
B014,B2_002,False,False,True,True,False
B014,B2_003,False,False,True,True,False
B014,B2_004,False,False,True,True,False
B014,B2_005,False,False,True,True,False
B014,B2_006,False,False,True,True,False
B014,B2_007,False,False,True,True,False
B014,B2_008,False,False,True,True,False
B014,B2_009,False,False,True,True,False
B014,B2_010,False,False,True,True,False
B014,B2_011,False,False,True,True,False
B014,B2_012,False,False,True,True,False
B014,B2_013,False,False,True,True,False
B014,B2_014,False,False,True,True,False
B014,B2_015,False,False,True,True,False
B014,B2_016,False,False,True,True,False
B014,B2_017,False,False,True,True,False
B014,B2_018,False,False,True,True,False
B014,B2_019,False,False,True,True,False
B014,B2_020,False,False,True,True,False
B014,B2_021,False,False,True,True,False
B014,B2_022,False,False,True,True,False
B014,B2_023,False,False,True,True,False
B014,B2_024,False,False,True,True,False
B014,B2_025,False,False,True,True,False
B014,B2_026,False,False,True,True,False
B014,B2_027,False,False,True,True,False
B014,B2_028,False,False,True,True,False
B014,B2_029,False,False,True,True,False
B014,B2_030,False,False,True,True,False
B015,B016,False,True,True,False,True
B015,B017,False,True,True,False,True
B015,B018,False,True,True,False,True
B015,B019,False,True,True,False,True
B015,B020,False,True,True,False,True
B015,B021,False,True,True,False,True
B015,B022,False,True,True,False,True
B015,B023,False,True,True,False,True
B015,B024,False,True,True,False,True
B015,B025,False,True,True,False,True
B015,B026,False,True,True,False,True
B015,B027,False,True,True,False,True
B015,B028,False,True,True,False,True
B015,B029,False,True,True,False,True
B015,B030,False,True,True,False,True
B015,B2_001,False,False,True,True,False
B015,B2_002,False,False,True,True,False
B015,B2_003,False,False,True,True,False
B015,B2_004,False,False,True,True,False
B015,B2_005,False,False,True,True,False
B015,B2_006,False,False,True,True,False
B015,B2_007,False,False,True,True,False
B015,B2_008,False,False,True,True,False
B015,B2_009,False,False,True,True,False
B015,B2_010,False,False,True,True,False
B015,B2_011,False,False,True,True,False
B015,B2_012,False,False,True,True,False
B015,B2_013,False,False,True,True,False
B015,B2_014,False,False,True,True,False
B015,B2_015,False,False,True,True,False
B015,B2_016,False,False,True,True,False
B015,B2_017,False,False,True,True,False
B015,B2_018,False,False,True,True,False
B015,B2_019,False,False,True,True,False
B015,B2_020,False,False,True,True,False
B015,B2_021,False,False,True,True,False
B015,B2_022,False,False,True,True,False
B015,B2_023,False,False,True,True,False
B015,B2_024,False,False,True,True,False
B015,B2_025,False,False,True,True,False
B015,B2_026,False,False,True,True,False
B015,B2_027,False,False,True,True,False
B015,B2_028,False,False,True,True,False
B015,B2_029,False,False,True,True,False
B015,B2_030,False,False,True,True,False
B016,B017,False,True,True,False,True
B016,B018,False,True,True,False,True
B016,B019,False,True,True,False,True
B016,B020,False,True,True,False,True
B016,B021,False,True,True,False,True
B016,B022,False,True,True,False,True
B016,B023,False,True,True,False,True
B016,B024,False,True,True,False,True
B016,B025,False,True,True,False,True
B016,B026,False,True,True,False,True
B016,B027,False,True,True,False,True
B016,B028,False,True,True,False,True
B016,B029,False,True,True,False,True
B016,B030,False,True,True,False,True
B016,B2_001,False,False,True,True,False
B016,B2_002,False,False,True,True,False
B016,B2_003,False,False,True,True,False
B016,B2_004,False,False,True,True,False
B016,B2_005,False,False,True,True,False
B016,B2_006,False,False,True,True,False
B016,B2_007,False,False,True,True,False
B016,B2_008,False,False,True,True,False
B016,B2_009,False,False,True,True,False
B016,B2_010,False,False,True,True,False
B016,B2_011,False,False,True,True,False
B016,B2_012,False,False,True,True,False
B016,B2_013,False,False,True,True,False
B016,B2_014,False,False,True,True,False
B016,B2_015,False,False,True,True,False
B016,B2_016,False,False,True,True,False
B016,B2_017,False,False,True,True,False
B016,B2_018,False,False,True,True,False
B016,B2_019,False,False,True,True,False
B016,B2_020,False,False,True,True,False
B016,B2_021,False,False,True,True,False
B016,B2_022,False,False,True,True,False
B016,B2_023,False,False,True,True,False
B016,B2_024,False,False,True,True,False
B016,B2_025,False,False,True,True,False
B016,B2_026,False,False,True,True,False
B016,B2_027,False,False,True,True,False
B016,B2_028,False,False,True,True,False
B016,B2_029,False,False,True,True,False
B016,B2_030,False,False,True,True,False
B017,B018,False,True,True,False,True
B017,B019,False,True,True,False,True
B017,B020,False,True,True,False,True
B017,B021,False,True,True,False,True
B017,B022,False,True,True,False,True
B017,B023,False,True,True,False,True
B017,B024,False,True,True,False,True
B017,B025,False,True,True,False,True
B017,B026,False,True,True,False,True
B017,B027,False,True,True,False,True
B017,B028,False,True,True,False,True
B017,B029,False,True,True,False,True
B017,B030,False,True,True,False,True
B017,B2_001,False,False,True,True,False
B017,B2_002,False,False,True,True,False
B017,B2_003,False,False,True,True,False
B017,B2_004,False,False,True,True,False
B017,B2_005,False,False,True,True,False
B017,B2_006,False,False,True,True,False
B017,B2_007,False,False,True,True,False
B017,B2_008,False,False,True,True,False
B017,B2_009,False,False,True,True,False
B017,B2_010,False,False,True,True,False
B017,B2_011,False,False,True,True,False
B017,B2_012,False,False,True,True,False
B017,B2_013,False,False,True,True,False
B017,B2_014,False,False,True,True,False
B017,B2_015,False,False,True,True,False
B017,B2_016,False,False,True,True,False
B017,B2_017,False,False,True,True,False
B017,B2_018,False,False,True,True,False
B017,B2_019,False,False,True,True,False
B017,B2_020,False,False,True,True,False
B017,B2_021,False,False,True,True,False
B017,B2_022,False,False,True,True,False
B017,B2_023,False,False,True,True,False
B017,B2_024,False,False,True,True,False
B017,B2_025,False,False,True,True,False
B017,B2_026,False,False,True,True,False
B017,B2_027,False,False,True,True,False
B017,B2_028,False,False,True,True,False
B017,B2_029,False,False,True,True,False
B017,B2_030,False,False,True,True,False
B018,B019,False,True,True,False,True
B018,B020,False,True,True,False,True
B018,B021,False,True,True,False,True
B018,B022,False,True,True,False,True
B018,B023,False,True,True,False,True
B018,B024,False,True,True,False,True
B018,B025,False,True,True,False,True
B018,B026,False,True,True,False,True
B018,B027,False,True,True,False,True
B018,B028,False,True,True,False,True
B018,B029,False,True,True,False,True
B018,B030,False,True,True,False,True
B018,B2_001,False,False,True,True,False
B018,B2_002,False,False,True,True,False
B018,B2_003,False,False,True,True,False
B018,B2_004,False,False,True,True,False
B018,B2_005,False,False,True,True,False
B018,B2_006,False,False,True,True,False
B018,B2_007,False,False,True,True,False
B018,B2_008,False,False,True,True,False
B018,B2_009,False,False,True,True,False
B018,B2_010,False,False,True,True,False
B018,B2_011,False,False,True,True,False
B018,B2_012,False,False,True,True,False
B018,B2_013,False,False,True,True,False
B018,B2_014,False,False,True,True,False
B018,B2_015,False,False,True,True,False
B018,B2_016,False,False,True,True,False
B018,B2_017,False,False,True,True,False
B018,B2_018,False,False,True,True,False
B018,B2_019,False,False,True,True,False
B018,B2_020,False,False,True,True,False
B018,B2_021,False,False,True,True,False
B018,B2_022,False,False,True,True,False
B018,B2_023,False,False,True,True,False
B018,B2_024,False,False,True,True,False
B018,B2_025,False,False,True,True,False
B018,B2_026,False,False,True,True,False
B018,B2_027,False,False,True,True,False
B018,B2_028,False,False,True,True,False
B018,B2_029,False,False,True,True,False
B018,B2_030,False,False,True,True,False
B019,B020,False,True,True,False,True
B019,B021,False,True,True,False,True
B019,B022,False,True,True,False,True
B019,B023,False,True,True,False,True
B019,B024,False,True,True,False,True
B019,B025,False,True,True,False,True
B019,B026,False,True,True,False,True
B019,B027,False,True,True,False,True
B019,B028,False,True,True,False,True
B019,B029,False,True,True,False,True
B019,B030,False,True,True,False,True
B019,B2_001,False,False,True,True,False
B019,B2_002,False,False,True,True,False
B019,B2_003,False,False,True,True,False
B019,B2_004,False,False,True,True,False
B019,B2_005,False,False,True,True,False
B019,B2_006,False,False,True,True,False
B019,B2_007,False,False,True,True,False
B019,B2_008,False,False,True,True,False
B019,B2_009,False,False,True,True,False
B019,B2_010,False,False,True,True,False
B019,B2_011,False,False,True,True,False
B019,B2_012,False,False,True,True,False
B019,B2_013,False,False,True,True,False
B019,B2_014,False,False,True,True,False
B019,B2_015,False,False,True,True,False
B019,B2_016,False,False,True,True,False
B019,B2_017,False,False,True,True,False
B019,B2_018,False,False,True,True,False
B019,B2_019,False,False,True,True,False
B019,B2_020,False,False,True,True,False
B019,B2_021,False,False,True,True,False
B019,B2_022,False,False,True,True,False
B019,B2_023,False,False,True,True,False
B019,B2_024,False,False,True,True,False
B019,B2_025,False,False,True,True,False
B019,B2_026,False,False,True,True,False
B019,B2_027,False,False,True,True,False
B019,B2_028,False,False,True,True,False
B019,B2_029,False,False,True,True,False
B019,B2_030,False,False,True,True,False
B020,B021,False,True,True,False,True
B020,B022,False,True,True,False,True
B020,B023,False,True,True,False,True
B020,B024,False,True,True,False,True
B020,B025,False,True,True,False,True
B020,B026,False,True,True,False,True
B020,B027,False,True,True,False,True
B020,B028,False,True,True,False,True
B020,B029,False,True,True,False,True
B020,B030,False,True,True,False,True
B020,B2_001,False,False,True,True,False
B020,B2_002,False,False,True,True,False
B020,B2_003,False,False,True,True,False
B020,B2_004,False,False,True,True,False
B020,B2_005,False,False,True,True,False
B020,B2_006,False,False,True,True,False
B020,B2_007,False,False,True,True,False
B020,B2_008,False,False,True,True,False
B020,B2_009,False,False,True,True,False
B020,B2_010,False,False,True,True,False
B020,B2_011,False,False,True,True,False
B020,B2_012,False,False,True,True,False
B020,B2_013,False,False,True,True,False
B020,B2_014,False,False,True,True,False
B020,B2_015,False,False,True,True,False
B020,B2_016,False,False,True,True,False
B020,B2_017,False,False,True,True,False
B020,B2_018,False,False,True,True,False
B020,B2_019,False,False,True,True,False
B020,B2_020,False,False,True,True,False
B020,B2_021,False,False,True,True,False
B020,B2_022,False,False,True,True,False
B020,B2_023,False,False,True,True,False
B020,B2_024,False,False,True,True,False
B020,B2_025,False,False,True,True,False
B020,B2_026,False,False,True,True,False
B020,B2_027,False,False,True,True,False
B020,B2_028,False,False,True,True,False
B020,B2_029,False,False,True,True,False
B020,B2_030,False,False,True,True,False
B021,B022,False,True,True,False,True
B021,B023,False,True,True,False,True
B021,B024,False,True,True,False,True
B021,B025,False,True,True,False,True
B021,B026,False,True,True,False,True
B021,B027,False,True,True,False,True
B021,B028,False,True,True,False,True
B021,B029,False,True,True,False,True
B021,B030,False,True,True,False,True
B021,B2_001,False,False,True,True,False
B021,B2_002,False,False,True,True,False
B021,B2_003,False,False,True,True,False
B021,B2_004,False,False,True,True,False
B021,B2_005,False,False,True,True,False
B021,B2_006,False,False,True,True,False
B021,B2_007,False,False,True,True,False
B021,B2_008,False,False,True,True,False
B021,B2_009,False,False,True,True,False
B021,B2_010,False,False,True,True,False
B021,B2_011,False,False,True,True,False
B021,B2_012,False,False,True,True,False
B021,B2_013,False,False,True,True,False
B021,B2_014,False,False,True,True,False
B021,B2_015,False,False,True,True,False
B021,B2_016,False,False,True,True,False
B021,B2_017,False,False,True,True,False
B021,B2_018,False,False,True,True,False
B021,B2_019,False,False,True,True,False
B021,B2_020,False,False,True,True,False
B021,B2_021,False,False,True,True,False
B021,B2_022,False,False,True,True,False
B021,B2_023,False,False,True,True,False
B021,B2_024,False,False,True,True,False
B021,B2_025,False,False,True,True,False
B021,B2_026,False,False,True,True,False
B021,B2_027,False,False,True,True,False
B021,B2_028,False,False,True,True,False
B021,B2_029,False,False,True,True,False
B021,B2_030,False,False,True,True,False
B022,B023,False,True,True,False,True
B022,B024,False,True,True,False,True
B022,B025,False,True,True,False,True
B022,B026,False,True,True,False,True
B022,B027,False,True,True,False,True
B022,B028,False,True,True,False,True
B022,B029,False,True,True,False,True
B022,B030,False,True,True,False,True
B022,B2_001,False,False,True,True,False
B022,B2_002,False,False,True,True,False
B022,B2_003,False,False,True,True,False
B022,B2_004,False,False,True,True,False
B022,B2_005,False,False,True,True,False
B022,B2_006,False,False,True,True,False
B022,B2_007,False,False,True,True,False
B022,B2_008,False,False,True,True,False
B022,B2_009,False,False,True,True,False
B022,B2_010,False,False,True,True,False
B022,B2_011,False,False,True,True,False
B022,B2_012,False,False,True,True,False
B022,B2_013,False,False,True,True,False
B022,B2_014,False,False,True,True,False
B022,B2_015,False,False,True,True,False
B022,B2_016,False,False,True,True,False
B022,B2_017,False,False,True,True,False
B022,B2_018,False,False,True,True,False
B022,B2_019,False,False,True,True,False
B022,B2_020,False,False,True,True,False
B022,B2_021,False,False,True,True,False
B022,B2_022,False,False,True,True,False
B022,B2_023,False,False,True,True,False
B022,B2_024,False,False,True,True,False
B022,B2_025,False,False,True,True,False
B022,B2_026,False,False,True,True,False
B022,B2_027,False,False,True,True,False
B022,B2_028,False,False,True,True,False
B022,B2_029,False,False,True,True,False
B022,B2_030,False,False,True,True,False
B023,B024,False,True,True,False,True
B023,B025,False,True,True,False,True
B023,B026,False,True,True,False,True
B023,B027,False,True,True,False,True
B023,B028,False,True,True,False,True
B023,B029,False,True,True,False,True
B023,B030,False,True,True,False,True
B023,B2_001,False,False,True,True,False
B023,B2_002,False,False,True,True,False
B023,B2_003,False,False,True,True,False
B023,B2_004,False,False,True,True,False
B023,B2_005,False,False,True,True,False
B023,B2_006,False,False,True,True,False
B023,B2_007,False,False,True,True,False
B023,B2_008,False,False,True,True,False
B023,B2_009,False,False,True,True,False
B023,B2_010,False,False,True,True,False
B023,B2_011,False,False,True,True,False
B023,B2_012,False,False,True,True,False
B023,B2_013,False,False,True,True,False
B023,B2_014,False,False,True,True,False
B023,B2_015,False,False,True,True,False
B023,B2_016,False,False,True,True,False
B023,B2_017,False,False,True,True,False
B023,B2_018,False,False,True,True,False
B023,B2_019,False,False,True,True,False
B023,B2_020,False,False,True,True,False
B023,B2_021,False,False,True,True,False
B023,B2_022,False,False,True,True,False
B023,B2_023,False,False,True,True,False
B023,B2_024,False,False,True,True,False
B023,B2_025,False,False,True,True,False
B023,B2_026,False,False,True,True,False
B023,B2_027,False,False,True,True,False
B023,B2_028,False,False,True,True,False
B023,B2_029,False,False,True,True,False
B023,B2_030,False,False,True,True,False
B024,B025,False,True,True,False,True
B024,B026,False,True,True,False,True
B024,B027,False,True,True,False,True
B024,B028,False,True,True,False,True
B024,B029,False,True,True,False,True
B024,B030,False,True,True,False,True
B024,B2_001,False,False,True,True,False
B024,B2_002,False,False,True,True,False
B024,B2_003,False,False,True,True,False
B024,B2_004,False,False,True,True,False
B024,B2_005,False,False,True,True,False
B024,B2_006,False,False,True,True,False
B024,B2_007,False,False,True,True,False
B024,B2_008,False,False,True,True,False
B024,B2_009,False,False,True,True,False
B024,B2_010,False,False,True,True,False
B024,B2_011,False,False,True,True,False
B024,B2_012,False,False,True,True,False
B024,B2_013,False,False,True,True,False
B024,B2_014,False,False,True,True,False
B024,B2_015,False,False,True,True,False
B024,B2_016,False,False,True,True,False
B024,B2_017,False,False,True,True,False
B024,B2_018,False,False,True,True,False
B024,B2_019,False,False,True,True,False
B024,B2_020,False,False,True,True,False
B024,B2_021,False,False,True,True,False
B024,B2_022,False,False,True,True,False
B024,B2_023,False,False,True,True,False
B024,B2_024,False,False,True,True,False
B024,B2_025,False,False,True,True,False
B024,B2_026,False,False,True,True,False
B024,B2_027,False,False,True,True,False
B024,B2_028,False,False,True,True,False
B024,B2_029,False,False,True,True,False
B024,B2_030,False,False,True,True,False
B025,B026,False,True,True,False,True
B025,B027,False,True,True,False,True
B025,B028,False,True,True,False,True
B025,B029,False,True,True,False,True
B025,B030,False,True,True,False,True
B025,B2_001,False,False,True,True,False
B025,B2_002,False,False,True,True,False
B025,B2_003,False,False,True,True,False
B025,B2_004,False,False,True,True,False
B025,B2_005,False,False,True,True,False
B025,B2_006,False,False,True,True,False
B025,B2_007,False,False,True,True,False
B025,B2_008,False,False,True,True,False
B025,B2_009,False,False,True,True,False
B025,B2_010,False,False,True,True,False
B025,B2_011,False,False,True,True,False
B025,B2_012,False,False,True,True,False
B025,B2_013,False,False,True,True,False
B025,B2_014,False,False,True,True,False
B025,B2_015,False,False,True,True,False
B025,B2_016,False,False,True,True,False
B025,B2_017,False,False,True,True,False
B025,B2_018,False,False,True,True,False
B025,B2_019,False,False,True,True,False
B025,B2_020,False,False,True,True,False
B025,B2_021,False,False,True,True,False
B025,B2_022,False,False,True,True,False
B025,B2_023,False,False,True,True,False
B025,B2_024,False,False,True,True,False
B025,B2_025,False,False,True,True,False
B025,B2_026,False,False,True,True,False
B025,B2_027,False,False,True,True,False
B025,B2_028,False,False,True,True,False
B025,B2_029,False,False,True,True,False
B025,B2_030,False,False,True,True,False
B026,B027,False,True,True,False,True
B026,B028,False,True,True,False,True
B026,B029,False,True,True,False,True
B026,B030,False,True,True,False,True
B026,B2_001,False,False,True,True,False
B026,B2_002,False,False,True,True,False
B026,B2_003,False,False,True,True,False
B026,B2_004,False,False,True,True,False
B026,B2_005,False,False,True,True,False
B026,B2_006,False,False,True,True,False
B026,B2_007,False,False,True,True,False
B026,B2_008,False,False,True,True,False
B026,B2_009,False,False,True,True,False
B026,B2_010,False,False,True,True,False
B026,B2_011,False,False,True,True,False
B026,B2_012,False,False,True,True,False
B026,B2_013,False,False,True,True,False
B026,B2_014,False,False,True,True,False
B026,B2_015,False,False,True,True,False
B026,B2_016,False,False,True,True,False
B026,B2_017,False,False,True,True,False
B026,B2_018,False,False,True,True,False
B026,B2_019,False,False,True,True,False
B026,B2_020,False,False,True,True,False
B026,B2_021,False,False,True,True,False
B026,B2_022,False,False,True,True,False
B026,B2_023,False,False,True,True,False
B026,B2_024,False,False,True,True,False
B026,B2_025,False,False,True,True,False
B026,B2_026,False,False,True,True,False
B026,B2_027,False,False,True,True,False
B026,B2_028,False,False,True,True,False
B026,B2_029,False,False,True,True,False
B026,B2_030,False,False,True,True,False
B027,B028,False,True,True,False,True
B027,B029,False,True,True,False,True
B027,B030,False,True,True,False,True
B027,B2_001,False,False,True,True,False
B027,B2_002,False,False,True,True,False
B027,B2_003,False,False,True,True,False
B027,B2_004,False,False,True,True,False
B027,B2_005,False,False,True,True,False
B027,B2_006,False,False,True,True,False
B027,B2_007,False,False,True,True,False
B027,B2_008,False,False,True,True,False
B027,B2_009,False,False,True,True,False
B027,B2_010,False,False,True,True,False
B027,B2_011,False,False,True,True,False
B027,B2_012,False,False,True,True,False
B027,B2_013,False,False,True,True,False
B027,B2_014,False,False,True,True,False
B027,B2_015,False,False,True,True,False
B027,B2_016,False,False,True,True,False
B027,B2_017,False,False,True,True,False
B027,B2_018,False,False,True,True,False
B027,B2_019,False,False,True,True,False
B027,B2_020,False,False,True,True,False
B027,B2_021,False,False,True,True,False
B027,B2_022,False,False,True,True,False
B027,B2_023,False,False,True,True,False
B027,B2_024,False,False,True,True,False
B027,B2_025,False,False,True,True,False
B027,B2_026,False,False,True,True,False
B027,B2_027,False,False,True,True,False
B027,B2_028,False,False,True,True,False
B027,B2_029,False,False,True,True,False
B027,B2_030,False,False,True,True,False
B028,B029,False,True,True,False,True
B028,B030,False,True,True,False,True
B028,B2_001,False,False,True,True,False
B028,B2_002,False,False,True,True,False
B028,B2_003,False,False,True,True,False
B028,B2_004,False,False,True,True,False
B028,B2_005,False,False,True,True,False
B028,B2_006,False,False,True,True,False
B028,B2_007,False,False,True,True,False
B028,B2_008,False,False,True,True,False
B028,B2_009,False,False,True,True,False
B028,B2_010,False,False,True,True,False
B028,B2_011,False,False,True,True,False
B028,B2_012,False,False,True,True,False
B028,B2_013,False,False,True,True,False
B028,B2_014,False,False,True,True,False
B028,B2_015,False,False,True,True,False
B028,B2_016,False,False,True,True,False
B028,B2_017,False,False,True,True,False
B028,B2_018,False,False,True,True,False
B028,B2_019,False,False,True,True,False
B028,B2_020,False,False,True,True,False
B028,B2_021,False,False,True,True,False
B028,B2_022,False,False,True,True,False
B028,B2_023,False,False,True,True,False
B028,B2_024,False,False,True,True,False
B028,B2_025,False,False,True,True,False
B028,B2_026,False,False,True,True,False
B028,B2_027,False,False,True,True,False
B028,B2_028,False,False,True,True,False
B028,B2_029,False,False,True,True,False
B028,B2_030,False,False,True,True,False
B029,B030,False,True,True,False,True
B029,B2_001,False,False,True,True,False
B029,B2_002,False,False,True,True,False
B029,B2_003,False,False,True,True,False
B029,B2_004,False,False,True,True,False
B029,B2_005,False,False,True,True,False
B029,B2_006,False,False,True,True,False
B029,B2_007,False,False,True,True,False
B029,B2_008,False,False,True,True,False
B029,B2_009,False,False,True,True,False
B029,B2_010,False,False,True,True,False
B029,B2_011,False,False,True,True,False
B029,B2_012,False,False,True,True,False
B029,B2_013,False,False,True,True,False
B029,B2_014,False,False,True,True,False
B029,B2_015,False,False,True,True,False
B029,B2_016,False,False,True,True,False
B029,B2_017,False,False,True,True,False
B029,B2_018,False,False,True,True,False
B029,B2_019,False,False,True,True,False
B029,B2_020,False,False,True,True,False
B029,B2_021,False,False,True,True,False
B029,B2_022,False,False,True,True,False
B029,B2_023,False,False,True,True,False
B029,B2_024,False,False,True,True,False
B029,B2_025,False,False,True,True,False
B029,B2_026,False,False,True,True,False
B029,B2_027,False,False,True,True,False
B029,B2_028,False,False,True,True,False
B029,B2_029,False,False,True,True,False
B029,B2_030,False,False,True,True,False
B030,B2_001,False,False,True,True,False
B030,B2_002,False,False,True,True,False
B030,B2_003,False,False,True,True,False
B030,B2_004,False,False,True,True,False
B030,B2_005,False,False,True,True,False
B030,B2_006,False,False,True,True,False
B030,B2_007,False,False,True,True,False
B030,B2_008,False,False,True,True,False
B030,B2_009,False,False,True,True,False
B030,B2_010,False,False,True,True,False
B030,B2_011,False,False,True,True,False
B030,B2_012,False,False,True,True,False
B030,B2_013,False,False,True,True,False
B030,B2_014,False,False,True,True,False
B030,B2_015,False,False,True,True,False
B030,B2_016,False,False,True,True,False
B030,B2_017,False,False,True,True,False
B030,B2_018,False,False,True,True,False
B030,B2_019,False,False,True,True,False
B030,B2_020,False,False,True,True,False
B030,B2_021,False,False,True,True,False
B030,B2_022,False,False,True,True,False
B030,B2_023,False,False,True,True,False
B030,B2_024,False,False,True,True,False
B030,B2_025,False,False,True,True,False
B030,B2_026,False,False,True,True,False
B030,B2_027,False,False,True,True,False
B030,B2_028,False,False,True,True,False
B030,B2_029,False,False,True,True,False
B030,B2_030,False,False,True,True,False
B2_001,B2_002,False,True,True,False,True
B2_001,B2_003,False,True,True,False,True
B2_001,B2_004,False,True,True,False,True
B2_001,B2_005,False,True,True,False,True
B2_001,B2_006,False,True,True,False,True
B2_001,B2_007,False,True,True,False,True
B2_001,B2_008,False,True,True,False,True
B2_001,B2_009,False,True,True,False,True
B2_001,B2_010,False,True,True,False,True
B2_001,B2_011,False,True,True,False,True
B2_001,B2_012,False,True,True,False,True
B2_001,B2_013,False,True,True,False,True
B2_001,B2_014,False,True,True,False,True
B2_001,B2_015,False,True,True,False,True
B2_001,B2_016,False,True,True,False,True
B2_001,B2_017,False,True,True,False,True
B2_001,B2_018,False,True,True,False,True
B2_001,B2_019,False,True,True,False,True
B2_001,B2_020,False,True,True,False,True
B2_001,B2_021,False,True,True,False,True
B2_001,B2_022,False,True,True,False,True
B2_001,B2_023,False,True,True,False,True
B2_001,B2_024,False,True,True,False,True
B2_001,B2_025,False,True,True,False,True
B2_001,B2_026,False,True,True,False,True
B2_001,B2_027,False,True,True,False,True
B2_001,B2_028,False,True,True,False,True
B2_001,B2_029,False,True,True,False,True
B2_001,B2_030,False,True,True,False,True
B2_002,B2_003,False,True,True,False,True
B2_002,B2_004,False,True,True,False,True
B2_002,B2_005,False,True,True,False,True
B2_002,B2_006,False,True,True,False,True
B2_002,B2_007,False,True,True,False,True
B2_002,B2_008,False,True,True,False,True
B2_002,B2_009,False,True,True,False,True
B2_002,B2_010,False,True,True,False,True
B2_002,B2_011,False,True,True,False,True
B2_002,B2_012,False,True,True,False,True
B2_002,B2_013,False,True,True,False,True
B2_002,B2_014,False,True,True,False,True
B2_002,B2_015,False,True,True,False,True
B2_002,B2_016,False,True,True,False,True
B2_002,B2_017,False,True,True,False,True
B2_002,B2_018,False,True,True,False,True
B2_002,B2_019,False,True,True,False,True
B2_002,B2_020,False,True,True,False,True
B2_002,B2_021,False,True,True,False,True
B2_002,B2_022,False,True,True,False,True
B2_002,B2_023,False,True,True,False,True
B2_002,B2_024,False,True,True,False,True
B2_002,B2_025,False,True,True,False,True
B2_002,B2_026,False,True,True,False,True
B2_002,B2_027,False,True,True,False,True
B2_002,B2_028,False,True,True,False,True
B2_002,B2_029,False,True,True,False,True
B2_002,B2_030,False,True,True,False,True
B2_003,B2_004,False,True,True,False,True
B2_003,B2_005,False,True,True,False,True
B2_003,B2_006,False,True,True,False,True
B2_003,B2_007,False,True,True,False,True
B2_003,B2_008,False,True,True,False,True
B2_003,B2_009,False,True,True,False,True
B2_003,B2_010,False,True,True,False,True
B2_003,B2_011,False,True,True,False,True
B2_003,B2_012,False,True,True,False,True
B2_003,B2_013,False,True,True,False,True
B2_003,B2_014,False,True,True,False,True
B2_003,B2_015,False,True,True,False,True
B2_003,B2_016,False,True,True,False,True
B2_003,B2_017,False,True,True,False,True
B2_003,B2_018,False,True,True,False,True
B2_003,B2_019,False,True,True,False,True
B2_003,B2_020,False,True,True,False,True
B2_003,B2_021,False,True,True,False,True
B2_003,B2_022,False,True,True,False,True
B2_003,B2_023,False,True,True,False,True
B2_003,B2_024,False,True,True,False,True
B2_003,B2_025,False,True,True,False,True
B2_003,B2_026,False,True,True,False,True
B2_003,B2_027,False,True,True,False,True
B2_003,B2_028,False,True,True,False,True
B2_003,B2_029,False,True,True,False,True
B2_003,B2_030,False,True,True,False,True
B2_004,B2_005,False,True,True,False,True
B2_004,B2_006,False,True,True,False,True
B2_004,B2_007,False,True,True,False,True
B2_004,B2_008,False,True,True,False,True
B2_004,B2_009,False,True,True,False,True
B2_004,B2_010,False,True,True,False,True
B2_004,B2_011,False,True,True,False,True
B2_004,B2_012,False,True,True,False,True
B2_004,B2_013,False,True,True,False,True
B2_004,B2_014,False,True,True,False,True
B2_004,B2_015,False,True,True,False,True
B2_004,B2_016,False,True,True,False,True
B2_004,B2_017,False,True,True,False,True
B2_004,B2_018,False,True,True,False,True
B2_004,B2_019,False,True,True,False,True
B2_004,B2_020,False,True,True,False,True
B2_004,B2_021,False,True,True,False,True
B2_004,B2_022,False,True,True,False,True
B2_004,B2_023,False,True,True,False,True
B2_004,B2_024,False,True,True,False,True
B2_004,B2_025,False,True,True,False,True
B2_004,B2_026,False,True,True,False,True
B2_004,B2_027,False,True,True,False,True
B2_004,B2_028,False,True,True,False,True
B2_004,B2_029,False,True,True,False,True
B2_004,B2_030,False,True,True,False,True
B2_005,B2_006,False,True,True,False,True
B2_005,B2_007,False,True,True,False,True
B2_005,B2_008,False,True,True,False,True
B2_005,B2_009,False,True,True,False,True
B2_005,B2_010,False,True,True,False,True
B2_005,B2_011,False,True,True,False,True
B2_005,B2_012,False,True,True,False,True
B2_005,B2_013,False,True,True,False,True
B2_005,B2_014,False,True,True,False,True
B2_005,B2_015,False,True,True,False,True
B2_005,B2_016,False,True,True,False,True
B2_005,B2_017,False,True,True,False,True
B2_005,B2_018,False,True,True,False,True
B2_005,B2_019,False,True,True,False,True
B2_005,B2_020,False,True,True,False,True
B2_005,B2_021,False,True,True,False,True
B2_005,B2_022,False,True,True,False,True
B2_005,B2_023,False,True,True,False,True
B2_005,B2_024,False,True,True,False,True
B2_005,B2_025,False,True,True,False,True
B2_005,B2_026,False,True,True,False,True
B2_005,B2_027,False,True,True,False,True
B2_005,B2_028,False,True,True,False,True
B2_005,B2_029,False,True,True,False,True
B2_005,B2_030,False,True,True,False,True
B2_006,B2_007,False,True,True,False,True
B2_006,B2_008,False,True,True,False,True
B2_006,B2_009,False,True,True,False,True
B2_006,B2_010,False,True,True,False,True
B2_006,B2_011,False,True,True,False,True
B2_006,B2_012,False,True,True,False,True
B2_006,B2_013,False,True,True,False,True
B2_006,B2_014,False,True,True,False,True
B2_006,B2_015,False,True,True,False,True
B2_006,B2_016,False,True,True,False,True
B2_006,B2_017,False,True,True,False,True
B2_006,B2_018,False,True,True,False,True
B2_006,B2_019,False,True,True,False,True
B2_006,B2_020,False,True,True,False,True
B2_006,B2_021,False,True,True,False,True
B2_006,B2_022,False,True,True,False,True
B2_006,B2_023,False,True,True,False,True
B2_006,B2_024,False,True,True,False,True
B2_006,B2_025,False,True,True,False,True
B2_006,B2_026,False,True,True,False,True
B2_006,B2_027,False,True,True,False,True
B2_006,B2_028,False,True,True,False,True
B2_006,B2_029,False,True,True,False,True
B2_006,B2_030,False,True,True,False,True
B2_007,B2_008,False,True,True,False,True
B2_007,B2_009,False,True,True,False,True
B2_007,B2_010,False,True,True,False,True
B2_007,B2_011,False,True,True,False,True
B2_007,B2_012,False,True,True,False,True
B2_007,B2_013,False,True,True,False,True
B2_007,B2_014,False,True,True,False,True
B2_007,B2_015,False,True,True,False,True
B2_007,B2_016,False,True,True,False,True
B2_007,B2_017,False,True,True,False,True
B2_007,B2_018,False,True,True,False,True
B2_007,B2_019,False,True,True,False,True
B2_007,B2_020,False,True,True,False,True
B2_007,B2_021,False,True,True,False,True
B2_007,B2_022,False,True,True,False,True
B2_007,B2_023,False,True,True,False,True
B2_007,B2_024,False,True,True,False,True
B2_007,B2_025,False,True,True,False,True
B2_007,B2_026,False,True,True,False,True
B2_007,B2_027,False,True,True,False,True
B2_007,B2_028,False,True,True,False,True
B2_007,B2_029,False,True,True,False,True
B2_007,B2_030,False,True,True,False,True
B2_008,B2_009,False,True,True,False,True
B2_008,B2_010,False,True,True,False,True
B2_008,B2_011,False,True,True,False,True
B2_008,B2_012,False,True,True,False,True
B2_008,B2_013,False,True,True,False,True
B2_008,B2_014,False,True,True,False,True
B2_008,B2_015,False,True,True,False,True
B2_008,B2_016,False,True,True,False,True
B2_008,B2_017,False,True,True,False,True
B2_008,B2_018,False,True,True,False,True
B2_008,B2_019,False,True,True,False,True
B2_008,B2_020,False,True,True,False,True
B2_008,B2_021,False,True,True,False,True
B2_008,B2_022,False,True,True,False,True
B2_008,B2_023,False,True,True,False,True
B2_008,B2_024,False,True,True,False,True
B2_008,B2_025,False,True,True,False,True
B2_008,B2_026,False,True,True,False,True
B2_008,B2_027,False,True,True,False,True
B2_008,B2_028,False,True,True,False,True
B2_008,B2_029,False,True,True,False,True
B2_008,B2_030,False,True,True,False,True
B2_009,B2_010,False,True,True,False,True
B2_009,B2_011,False,True,True,False,True
B2_009,B2_012,False,True,True,False,True
B2_009,B2_013,False,True,True,False,True
B2_009,B2_014,False,True,True,False,True
B2_009,B2_015,False,True,True,False,True
B2_009,B2_016,False,True,True,False,True
B2_009,B2_017,False,True,True,False,True
B2_009,B2_018,False,True,True,False,True
B2_009,B2_019,False,True,True,False,True
B2_009,B2_020,False,True,True,False,True
B2_009,B2_021,False,True,True,False,True
B2_009,B2_022,False,True,True,False,True
B2_009,B2_023,False,True,True,False,True
B2_009,B2_024,False,True,True,False,True
B2_009,B2_025,False,True,True,False,True
B2_009,B2_026,False,True,True,False,True
B2_009,B2_027,False,True,True,False,True
B2_009,B2_028,False,True,True,False,True
B2_009,B2_029,False,True,True,False,True
B2_009,B2_030,False,True,True,False,True
B2_010,B2_011,False,True,True,False,True
B2_010,B2_012,False,True,True,False,True
B2_010,B2_013,False,True,True,False,True
B2_010,B2_014,False,True,True,False,True
B2_010,B2_015,False,True,True,False,True
B2_010,B2_016,False,True,True,False,True
B2_010,B2_017,False,True,True,False,True
B2_010,B2_018,False,True,True,False,True
B2_010,B2_019,False,True,True,False,True
B2_010,B2_020,False,True,True,False,True
B2_010,B2_021,False,True,True,False,True
B2_010,B2_022,False,True,True,False,True
B2_010,B2_023,False,True,True,False,True
B2_010,B2_024,False,True,True,False,True
B2_010,B2_025,False,True,True,False,True
B2_010,B2_026,False,True,True,False,True
B2_010,B2_027,False,True,True,False,True
B2_010,B2_028,False,True,True,False,True
B2_010,B2_029,False,True,True,False,True
B2_010,B2_030,False,True,True,False,True
B2_011,B2_012,False,True,True,False,True
B2_011,B2_013,False,True,True,False,True
B2_011,B2_014,False,True,True,False,True
B2_011,B2_015,False,True,True,False,True
B2_011,B2_016,False,True,True,False,True
B2_011,B2_017,False,True,True,False,True
B2_011,B2_018,False,True,True,False,True
B2_011,B2_019,False,True,True,False,True
B2_011,B2_020,False,True,True,False,True
B2_011,B2_021,False,True,True,False,True
B2_011,B2_022,False,True,True,False,True
B2_011,B2_023,False,True,True,False,True
B2_011,B2_024,False,True,True,False,True
B2_011,B2_025,False,True,True,False,True
B2_011,B2_026,False,True,True,False,True
B2_011,B2_027,False,True,True,False,True
B2_011,B2_028,False,True,True,False,True
B2_011,B2_029,False,True,True,False,True
B2_011,B2_030,False,True,True,False,True
B2_012,B2_013,False,True,True,False,True
B2_012,B2_014,False,True,True,False,True
B2_012,B2_015,False,True,True,False,True
B2_012,B2_016,False,True,True,False,True
B2_012,B2_017,False,True,True,False,True
B2_012,B2_018,False,True,True,False,True
B2_012,B2_019,False,True,True,False,True
B2_012,B2_020,False,True,True,False,True
B2_012,B2_021,False,True,True,False,True
B2_012,B2_022,False,True,True,False,True
B2_012,B2_023,False,True,True,False,True
B2_012,B2_024,False,True,True,False,True
B2_012,B2_025,False,True,True,False,True
B2_012,B2_026,False,True,True,False,True
B2_012,B2_027,False,True,True,False,True
B2_012,B2_028,False,True,True,False,True
B2_012,B2_029,False,True,True,False,True
B2_012,B2_030,False,True,True,False,True
B2_013,B2_014,False,True,True,False,True
B2_013,B2_015,False,True,True,False,True
B2_013,B2_016,False,True,True,False,True
B2_013,B2_017,False,True,True,False,True
B2_013,B2_018,False,True,True,False,True
B2_013,B2_019,False,True,True,False,True
B2_013,B2_020,False,True,True,False,True
B2_013,B2_021,False,True,True,False,True
B2_013,B2_022,False,True,True,False,True
B2_013,B2_023,False,True,True,False,True
B2_013,B2_024,False,True,True,False,True
B2_013,B2_025,False,True,True,False,True
B2_013,B2_026,False,True,True,False,True
B2_013,B2_027,False,True,True,False,True
B2_013,B2_028,False,True,True,False,True
B2_013,B2_029,False,True,True,False,True
B2_013,B2_030,False,True,True,False,True
B2_014,B2_015,False,True,True,False,True
B2_014,B2_016,False,True,True,False,True
B2_014,B2_017,False,True,True,False,True
B2_014,B2_018,False,True,True,False,True
B2_014,B2_019,False,True,True,False,True
B2_014,B2_020,False,True,True,False,True
B2_014,B2_021,False,True,True,False,True
B2_014,B2_022,False,True,True,False,True
B2_014,B2_023,False,True,True,False,True
B2_014,B2_024,False,True,True,False,True
B2_014,B2_025,False,True,True,False,True
B2_014,B2_026,False,True,True,False,True
B2_014,B2_027,False,True,True,False,True
B2_014,B2_028,False,True,True,False,True
B2_014,B2_029,False,True,True,False,True
B2_014,B2_030,False,True,True,False,True
B2_015,B2_016,False,True,True,False,True
B2_015,B2_017,False,True,True,False,True
B2_015,B2_018,False,True,True,False,True
B2_015,B2_019,False,True,True,False,True
B2_015,B2_020,False,True,True,False,True
B2_015,B2_021,False,True,True,False,True
B2_015,B2_022,False,True,True,False,True
B2_015,B2_023,False,True,True,False,True
B2_015,B2_024,False,True,True,False,True
B2_015,B2_025,False,True,True,False,True
B2_015,B2_026,False,True,True,False,True
B2_015,B2_027,False,True,True,False,True
B2_015,B2_028,False,True,True,False,True
B2_015,B2_029,False,True,True,False,True
B2_015,B2_030,False,True,True,False,True
B2_016,B2_017,False,True,True,False,True
B2_016,B2_018,False,True,True,False,True
B2_016,B2_019,False,True,True,False,True
B2_016,B2_020,False,True,True,False,True
B2_016,B2_021,False,True,True,False,True
B2_016,B2_022,False,True,True,False,True
B2_016,B2_023,False,True,True,False,True
B2_016,B2_024,False,True,True,False,True
B2_016,B2_025,False,True,True,False,True
B2_016,B2_026,False,True,True,False,True
B2_016,B2_027,False,True,True,False,True
B2_016,B2_028,False,True,True,False,True
B2_016,B2_029,False,True,True,False,True
B2_016,B2_030,False,True,True,False,True
B2_017,B2_018,False,True,True,False,True
B2_017,B2_019,False,True,True,False,True
B2_017,B2_020,False,True,True,False,True
B2_017,B2_021,False,True,True,False,True
B2_017,B2_022,False,True,True,False,True
B2_017,B2_023,False,True,True,False,True
B2_017,B2_024,False,True,True,False,True
B2_017,B2_025,False,True,True,False,True
B2_017,B2_026,False,True,True,False,True
B2_017,B2_027,False,True,True,False,True
B2_017,B2_028,False,True,True,False,True
B2_017,B2_029,False,True,True,False,True
B2_017,B2_030,False,True,True,False,True
B2_018,B2_019,False,True,True,False,True
B2_018,B2_020,False,True,True,False,True
B2_018,B2_021,False,True,True,False,True
B2_018,B2_022,False,True,True,False,True
B2_018,B2_023,False,True,True,False,True
B2_018,B2_024,False,True,True,False,True
B2_018,B2_025,False,True,True,False,True
B2_018,B2_026,False,True,True,False,True
B2_018,B2_027,False,True,True,False,True
B2_018,B2_028,False,True,True,False,True
B2_018,B2_029,False,True,True,False,True
B2_018,B2_030,False,True,True,False,True
B2_019,B2_020,False,True,True,False,True
B2_019,B2_021,False,True,True,False,True
B2_019,B2_022,False,True,True,False,True
B2_019,B2_023,False,True,True,False,True
B2_019,B2_024,False,True,True,False,True
B2_019,B2_025,False,True,True,False,True
B2_019,B2_026,False,True,True,False,True
B2_019,B2_027,False,True,True,False,True
B2_019,B2_028,False,True,True,False,True
B2_019,B2_029,False,True,True,False,True
B2_019,B2_030,False,True,True,False,True
B2_020,B2_021,False,True,True,False,True
B2_020,B2_022,False,True,True,False,True
B2_020,B2_023,False,True,True,False,True
B2_020,B2_024,False,True,True,False,True
B2_020,B2_025,False,True,True,False,True
B2_020,B2_026,False,True,True,False,True
B2_020,B2_027,False,True,True,False,True
B2_020,B2_028,False,True,True,False,True
B2_020,B2_029,False,True,True,False,True
B2_020,B2_030,False,True,True,False,True
B2_021,B2_022,False,True,True,False,True
B2_021,B2_023,False,True,True,False,True
B2_021,B2_024,False,True,True,False,True
B2_021,B2_025,False,True,True,False,True
B2_021,B2_026,False,True,True,False,True
B2_021,B2_027,False,True,True,False,True
B2_021,B2_028,False,True,True,False,True
B2_021,B2_029,False,True,True,False,True
B2_021,B2_030,False,True,True,False,True
B2_022,B2_023,False,True,True,False,True
B2_022,B2_024,False,True,True,False,True
B2_022,B2_025,False,True,True,False,True
B2_022,B2_026,False,True,True,False,True
B2_022,B2_027,False,True,True,False,True
B2_022,B2_028,False,True,True,False,True
B2_022,B2_029,False,True,True,False,True
B2_022,B2_030,False,True,True,False,True
B2_023,B2_024,False,True,True,False,True
B2_023,B2_025,False,True,True,False,True
B2_023,B2_026,False,True,True,False,True
B2_023,B2_027,False,True,True,False,True
B2_023,B2_028,False,True,True,False,True
B2_023,B2_029,False,True,True,False,True
B2_023,B2_030,False,True,True,False,True
B2_024,B2_025,False,True,True,False,True
B2_024,B2_026,False,True,True,False,True
B2_024,B2_027,False,True,True,False,True
B2_024,B2_028,False,True,True,False,True
B2_024,B2_029,False,True,True,False,True
B2_024,B2_030,False,True,True,False,True
B2_025,B2_026,False,True,True,False,True
B2_025,B2_027,False,True,True,False,True
B2_025,B2_028,False,True,True,False,True
B2_025,B2_029,False,True,True,False,True
B2_025,B2_030,False,True,True,False,True
B2_026,B2_027,False,True,True,False,True
B2_026,B2_028,False,True,True,False,True
B2_026,B2_029,False,True,True,False,True
B2_026,B2_030,False,True,True,False,True
B2_027,B2_028,False,True,True,False,True
B2_027,B2_029,False,True,True,False,True
B2_027,B2_030,False,True,True,False,True
B2_028,B2_029,False,True,True,False,True
B2_028,B2_030,False,True,True,False,True
B2_029,B2_030,False,True,True,False,True
